date,date_certainty,event,source,citation,category,source_is_brief_only
1983-03-10,exact (instrument read in full),"Promissory Note (Secured), $212,035, makers Manuel S. & Marla M. Leal, payable to Manuel C. & Hazel J. Leal (husband and wife); 9% simple from 1/1/1982; interest payable annually capped at net profits distributed to Steve (unpaid interest added to principal); principal due only after both parents' deaths (10% + 30 annual installments); prepayment allowed 'without penalty and without securing the prior written consent of the holders'; payable 'in lawful money'.",Promissory note,Drive 1g35f55ZeAeJ1zwsFrtI4TWVmTfBImFtW,instrument,FALSE
1983-03-16,"exact (instrument, visually confirmed) — internal discrepancy noted","Partnership Agreement executed: partners' execution page handwritten '16' March 1983; spouses' consent page handwritten '10' March 1983 (both dates internal to the same instrument); daughter-and-spouse consent page UNSIGNED in the scan. Terms: Manuel C. 75% / Manuel S. (Steve) 25% ownership AND profit/loss; initial capital $636,105/$212,035 (exactly 25%); commencement recited as 1/1/1982; Art. XIX already contains the 90%-of-FMV rule for the both-parents-deceased buyout and a 2-of-3 binding appraiser mechanism; Art. XIX(1) references the $212,035 Note (note itself NOT attached). Settlement Recital A/C separately recites the $212,035 note at 9%. THE EXECUTED INSTRUMENT IS 75/25 — NOT 50/50.",Executed 1983 Partnership Agreement (OCR + visual date confirmation) + Settlement Agreement Recitals,"Partnership_Agreement.pdf 1s8TjF_blUghM1e-UdAHTUf6PuaDjCf8- (27 pp., all OCRd); extracts in 01-verified-facts/drive-sweep/valuations-instruments-sweep.md sec.10; Settlement Recitals A and C",financial,FALSE
1992-12-31,exact,"Partners' capital 12/31/1992: total $282,888 (Manuel $156,897 / Steve $125,991)",Reviewed financial statement,"Equity Accounts 1997-2015.pdf (1O7OGL798JcaTXginVNMIUgKtNV-ckK0l), FY1993/1992 stmt",financial,FALSE
1993-12-31,exact,"Partners' capital 12/31/1993: total $373,027 (Manuel $180,568 / Steve $192,459); withdrawals Manuel $82,430 / Steve $39,633 [CORRECTION 10/1/2026: on copy 1NlzMqhAQBaAkdGyF63wjo42tTWkPCuwI the partner split of 1993 withdrawals ($82,430/$39,633) and the 50/50 income split are HANDWRITTEN derivations, not printed; printed figures are totals and year-end partner balances.]",Reviewed financial statement,"Equity Accounts 1997-2015.pdf (1O7OGL798JcaTXginVNMIUgKtNV-ckK0l), FY1993/1992 stmt (Adair Evans Erwin Taylor & Gross)",financial,FALSE
1994-01-01,range,FY1994-FY1996 partnership capital statements NOT LOCATED IN AVAILABLE RECORDS. No finding of withholding or concealment.,Absence of document,Searched by title and full text across Litigation folder; no responsive document,gap,FALSE
1997-01-01,exact (printed Exhibit C),"Partners' capital 1/1/1997: Manuel $451,069 / Steve $66,369 (total $517,438). Versus 12/31/1993 (Manuel $180,568 / Steve $192,459): Manuel +$270,501, Steve -$126,090 over 1994-96 with no statements located. Under 50/50 profit sharing this implies a ~$198K-$262K capital reallocation Steve->Manuel (calc), bracketing the $212,035 note principal; a 75/25 reallocation is a competing explanation. Client hypothesis (9/30/2026 email to Frazer): note paid by capital transfer. INDETERMINATE (1983-note-capital-shift-1994-96.md).",Reviewed financial statement (FY1997 Ex. C),Drive 1O_MAgX6PGY98uluyxkDYt7KZwPCYVamG,financial,FALSE
1997-12-31,exact,"FY1997 withdrawals: Manuel/Hazel $16,231 / Steve $1,483",Draft reconciliation,Capital Analysis 8-3-2017 (1L357_kNU9uk4pZFm2K0LuajeckXW2GOg) p.1 [DRAFT],financial,FALSE
1998-12-31,exact,"FY1998 withdrawals: Manuel $19,909 / Steve $2,019",Reviewed financial statement,"Equity Accounts 1997-2015.pdf, FY1998 stmt",financial,FALSE
1999-12-31,exact,"FY1999 withdrawals: Manuel $63,254 / Steve $2,090",Reviewed financial statement,"Equity Accounts 1997-2015.pdf, FY1999 stmt",financial,FALSE
2000-00-00,NOT ESTABLISHED,"Kaweah Drive purchase / recording — NO DOCUMENT IN RECORD. Day-count gap to the $45,064 figure cannot be computed and is not reported.",No source,No responsive document located,gap,FALSE
2000-12-31,fiscal-year-aggregate,"FY2000 withdrawals: Manuel $51,208 / Steve $4,318. Manuel 'Personal' category = $45,064. THIS IS AN ANNUAL CATEGORY TOTAL, NOT A DATED DRAW.",Reviewed financial statement,"Equity Accounts 1997-2015.pdf, FY2000 stmt, Exhibit C",financial,FALSE
2001-12-31,exact,"FY2001 withdrawals: Manuel $44,821 / Steve $6,548",Reviewed financial statement,"Equity Accounts 1997-2015.pdf, FY2001 stmt",financial,FALSE
2002-00-00,NOT ESTABLISHED,Kaweah refinance (2002) — NO DOCUMENT IN RECORD,No source,No responsive document located,gap,FALSE
2002-12-31,exact,"FY2002 withdrawals: Manuel $42,620 / Steve $11,588",Reviewed financial statement,"Equity Accounts 1997-2015.pdf, FY2002 stmt",financial,FALSE
2003-00-00,NOT ESTABLISHED,Kaweah refinance (2003) — NO DOCUMENT IN RECORD,No source,No responsive document located,gap,FALSE
2003-12-31,exact,"FY2003 withdrawals: Manuel $34,882 / Steve $25,800",Reviewed financial statement,"Equity Accounts 1997-2015.pdf, FY2003 stmt",financial,FALSE
2004-00-00,NOT ESTABLISHED,Kaweah HELOC (2004) — NO DOCUMENT IN RECORD,No source,No responsive document located,gap,FALSE
2004-12-31,exact,"FY2004 withdrawals: Manuel $40,168 / Steve $26,088; capital contribution $10,573",Reviewed financial statement,"Equity Accounts 1997-2015.pdf, FY2004 stmt",financial,FALSE
2005-02-14,exact,"Manuel C. Leal Living Trust executed (Trustor/Trustee Manuel C. Leal; notary Robert W. Gin, Kings Co.). COMPLETE ORIGINAL INSTRUMENT READ IN FULL 9/25/2026: SIXTH A(1) 30% partnership to Steve (60-day survivorship); A(2) Steve's PERSONAL obligation to pay Susan — words $1,665 / parenthetical $1,655 / formula $150,000 @ 6% x 120 = $1,665.31; A(3) 1983 note forgiven; A(4) Manuel's half of 311 Capistrano (Pismo) to SUSAN; A(5)-C Marital/Bypass split with Bypass remainder at Hazel's death 100% TO STEVE (C.3); NINTH sequential succession (changed to co-trustees by the 7/27/2006 First Amendment); TWELFTH no-contest clause; Exhibit A item 9 recites the Manuel/Hazel side's 75% of LOL retains.",Complete original instrument (client upload 9/25/2026),Drive 1RF6LFAfyDDXwDxRSliHUMqqo-KNjYPrZ; extract in trust-instruments-extract.md addendum,estate,FALSE
2005-02-24,range (2/24/2005–4/5/2007),"Land O'Lakes 'equity age retirement' checks to Manuel C. Leal personally: $86,534.70 (2/24/2005), $12,541.61 (4/7/2005, member 2041468), $5,800.81 (4/6/2006), $29,088.18 (2/22/2007), $14,732.93 (4/5/2007) — member 2017201 unless noted. Whether partnership-earned equity and whether booked as withdrawals: INDETERMINATE (A-74, OI-82).",LOL letters + check copies,Leal age retirement payouts.pdf (Drive 1Cr2YBKQtc0PJRCwLUe7Y3c6_kJO78SP8),financial,FALSE
2005-12-31,exact,"FY2005 withdrawals: Manuel $252,355 / Steve $13,146 (Manuel 'Personal' $243,256)",Reviewed financial statement,"Equity Accounts 1997-2015.pdf, FY2005 stmt",financial,FALSE
2006-00-00,NOT ESTABLISHED,Kaweah ARM (2006) — NO DOCUMENT IN RECORD,No source,No responsive document located,gap,FALSE
2006-12-31,exact,"FY2006 withdrawals: Manuel $52,212 / Steve $26,378; net LOSS $(114,303)",Reviewed financial statement,"Equity Accounts 1997-2015.pdf, FY2006 stmt",financial,FALSE
2007-06-21,exact (LOL letter/check),"Hazel's PERSONAL Land O'Lakes equity redeemed IN FULL: age-75 retirement check $137,197.24; LOL letter states her 'equity ownership ... is now redeemed in full.' (Manuel's was likewise redeemed 2005-2007, ~$148K.) All subsequent LOL retains/patronage accrue to the PARTNERSHIP's patron account 2017201 — the documentary answer to the broad 'unpaid retains' theory (A-52).",Leal age retirement payouts.pdf,Drive 1z0GK1mZCS-6yZqdUu0tu5rHgl5khGlep; extract 01-verified-facts/drive-sweep/milk-and-manifest-sweep.md sec.1.5,financial,FALSE
2007-06-21,exact,"Land O'Lakes equity age-retirement check to HAZEL LEAL individually, $137,197.24 (member 2017201) — Hazel not then a partner. Six LOL checks 2005–2007 total $285,895.47 (A-74, OI-82).",LOL letter + check copy,Leal age retirement payouts.pdf (Drive 1Cr2YBKQtc0PJRCwLUe7Y3c6_kJO78SP8) pp.1-3,financial,FALSE
2007-12-31,exact,"FY2007 withdrawals: Manuel $234,832 / Steve $78,895",Reviewed financial statement,"Equity Accounts 1997-2015.pdf, FY2007 stmt",financial,FALSE
2008-11-03,exact,"Hazel J. Leal Revocable Trust dated November 3, 2008 established",Pleading caption,998 offer FINAL.pdf (11VQh2jHIMvTnhVQr2bcIVZjoXcwrudYB) caption; Mediation Brief (1bAo0s_6EL-Jc60VPzOCoCNDwlkiqDkzO) caption,estate,FALSE
2008-12-31,exact,"FY2008 withdrawals: Manuel $112,486 / Steve $29,446; net LOSS $(325,002)",Reviewed financial statement,"Equity Accounts 1997-2015.pdf, FY2008 stmt",financial,FALSE
2009-05-13,exact,"Steve and Marla Leal Living Trust dated May 13, 2009 established SUPPLEMENT (valuations sweep): the executed S&M Trust's Schedule A claims 'an undivided fifty percent (50%) interest' in the Partnership — vs 25% under the 1983 agreement and 30%+25% after the 2016 First Amendment (A-50).",Mediation brief,Mediation Brief p.2,estate,TRUE
2009-09-30,exact (recorded instrument),"Statement of Partnership RECORDED, Tulare County (8:01 AM): partners declared as the Manuel C. Leal Living Trust, the Hazel J. Leal Revocable Trust, and Steve & Marla Leal Living Trust co-trustees — 'The partners named above are all of the partners'; 'Any conveyance of real property held in the name of the Partnership shall be executed by all Partners.' Executed 5/13/2009; verifications Aug-Sep 2009. THE TRUSTS ARE THE RECORDED PARTNERS FROM 2009 — central to the Han v. Hallberg analysis.",Recorded Statement of Partnership (bound in Partnership_Agreement.pdf scan pp.22-27),Drive 1s8TjF_blUghM1e-UdAHTUf6PuaDjCf8-; extract 01-verified-facts/drive-sweep/valuations-instruments-sweep.md sec.10B,governance,FALSE
2009-12-31,exact,"FY2009 withdrawals: Manuel $97,869 / Steve $28,033; net LOSS $(103,937)",Reviewed financial statement,"Equity Accounts 1997-2015.pdf, FY2009 stmt",financial,FALSE
2010-12-31,exact,"FY2010 withdrawals: Manuel $50,119 / Steve $38,776",Reviewed financial statement,"Equity Accounts 1997-2015.pdf, FY2010 stmt",financial,FALSE
2011-00-00,"range (~2011–2016; client: ""10 or 15 years ago"")","CLIENT-ATTESTED: at Hazel's request Jace traced unrecognized online charges on Hazel's credit card to cousin Danielle (orders shipped to Danielle's house). NO DOCUMENT located. Context: Hazel's BofA card account emails went to jaceleal@gmail.com 2013–2016. Use is counsel's call (A-75, OI-84).",Client statement 10/1/2026,No source (client attestation); BofA account emails in jaceleal@gmail.com 2013–2016,other,FALSE
2011-02-23,as-recited (internal draft; unverified),"Promissory Note $1,125,000.00 executed in favor of Mary Jane Orozco (Heifer Ranch purchase; Chicago Title Escrow No. 11-42705244-FM); per the recital, signed personally by Hazel J. Leal as Trustee of the Hazel J. Leal Revocable Trust; all principal and interest due 15 years from close of escrow (2026 balloon). RECITED ONLY in our 5/18/2026 draft letter — underlying note NOT located. See OI-46. CORROBORATION (tax/banking sweep): partnership records independently show the liability — 'HEIFER RANCH 963,000' in loan balances 7.30.17.xlsx and QB 'N/P Rodrigues Ranch' $852,432.37 at 12/31/2020 (Rodrigues Ranch = heifer ranch, QB cost $1,275,274, 2011); the note itself remains unlocated (Rodrigues/Orozco PDFs on Drive are unreadable scans — OI-50).",Internal draft letter (recital),"'Formal Cover Letter (Updated)' 5/18/2026, Drive 1_PVcJQTx2bC53F4LklER7tN83_k7lSovwJk5AoHXevA; extract in 01-verified-facts/drive-sweep/drafts-proposals-sweep.md",financial,FALSE
2011-02-23,exact (escrow documents; unsigned copies),"Heifer ranch (APN 160-130-007/008/009, ~84 ac) conveyed by Western Milling to the Steve & Marla Leal Living Trust (1/2) and Manuel's and Hazel's trusts (1/2); those trusts make a $1,125,000 Installment Note to Mary Jane Orozco at 5%, $6,500/mo 'OR MORE' (maturity blank empty in copy); partnership deposit $12,000. Amortization schedule: 308-payment basis, balloon of $647,038.79 at payment #180 on 3/1/2026 (A-71).",Chicago Title escrow 11-42705244-FM,Drive 10ZCnjymzZ2nTAHSwPnCw9Do7m6YvDnqU; schedule 1b_jf6r-yY-nkYbKzZl6VcfDwP40n1g7l,property,FALSE
2011-03-01,as-recited (internal draft; unverified),"First Deed of Trust (Orozco) recorded, Tulare County Doc. No. 2011-0012002, securing the $1,125,000 note. RECITED ONLY in our 5/18/2026 draft letter — recorded instrument NOT pulled. See OI-46.",Internal draft letter (recital),Same source as 2011-02-23 entry; extract in 01-verified-facts/drive-sweep/drafts-proposals-sweep.md,financial,FALSE
2011-12-31,exact,"FY2011 withdrawals: Manuel $41,507 / Steve $42,119 — STEVE DREW $612 MORE (ADVERSE)",Reviewed financial statement,"Equity Accounts 1997-2015.pdf, FY2011 stmt",financial-adverse,FALSE
2012-02-01,range (2/1/2012–10/3/2012),"Steve's 2012 loans to the partnership through 512000: 2/1 $25,000 'LOAN' (repaid 2/16), 8/23 $50,000 'Temporary Loan', 8/29 $40,000, 10/3 $10,000 — net +$100,000 at year-end. Frazer closed $125,987 to capital (FY2012 'contribution'), overstating cash by $25,987, reversed 12/31/2013.",Partnership GL + bank register,"512000 GL 'Steve Temp Loan to Partner.pdf' (Drive 1sf5rKftJWQsrm95oLqAaQxRVmjvaNzLB, printed 8/18/2017); Citizens QuickBooks register (Drive 1XhazEklYhxAH27FlpuY6IqHSMEZ1muvR)",financial,FALSE
2012-12-31,exact,"FY2012 withdrawals: Manuel $58,574 / Steve $51,460; capital contribution $126,028 (Steve $125,987). FY2012 net income restated: $297,871 vs $338,244 across statements.",Reviewed financial statement,"Equity Accounts 1997-2015.pdf, FY2012/2011 and FY2013/2012 stmts",financial,FALSE
2013-01-01,exact,"Prior period adjustment $(62,026) booked at 1/1/2013 (Note 5)",Reviewed financial statement,"Equity Accounts 1997-2015.pdf, FY2014/2013 stmt",financial,FALSE
2013-02-15,exact (check dates 2/15–2/18/2013),"Cancelled checks #3257 (Juan Iglesias, gardener, $670), #3258 (S & J Appliance, $150), #3259 (Fresno Bee, $34.44) on the partnership's Citizens account, handwritten and SIGNED 'Hazel J. Leal' (not then a partner); booked as 748000 Repairs-Dairy, 748000 Repairs-Dairy and 773000 Employee Benefits. Sample of the client-identified Hazel check series (<#4477): 886 checks $196,724 coded as partnership expenses 2010–2019, $98,775 personal on their face (A-76).",Bank statement check images + register,Cancelled checks February 2013.pdf (Drive 1ILfq7Zz37BYLQHnGFysOIO1X8C8eGa14); Citizens QuickBooks register (Drive 1XhazEklYhxAH27FlpuY6IqHSMEZ1muvR),financial,FALSE
2013-03-04,range (3/4/2013–10/31/2013),"2013 loan cycle through 512000: $200,000 from Steve (4/11, 5/1 'temp loan', 8/12, 10/31) and $200,000 back (3/4 'Hay loan' $75,000, 5/16, 5/22, 10/17) — net zero.",Partnership GL + bank register,"512000 GL 'Steve Temp Loan to Partner.pdf' (Drive 1sf5rKftJWQsrm95oLqAaQxRVmjvaNzLB, printed 8/18/2017); Citizens QuickBooks register (Drive 1XhazEklYhxAH27FlpuY6IqHSMEZ1muvR)",financial,FALSE
2013-12-31,exact,"FY2013 withdrawals: Manuel $114,045 / Steve $61,624. 12/31/2013 balance restated $4,074,922 -> $4,029,406.",Reviewed financial statement,"Equity Accounts 1997-2015.pdf, FY2014/2013 and FY2013/2012 stmts",financial,FALSE
2014-09-30,exact (QB register) — CORRECTED,"[CORRECTED 10/1/2026 — WRONG AS ORIGINALLY STATED: check #23074 on 9/30/2014 was $126.00, not $100,000; the -$100,000 in 515000 is Frazer JE dated 12/31/2014 (see that row). Misaligned register extraction; re-parsed with running-balance tie-out, 0 breaks/230 rows.] ORIGINAL TEXT: Single check #23074 to 'Steve Leal' for $100,000.00 posted to account 515000 Personal-Steve — the largest single personal draw in the 1999-2016 register (running total -$152,504.17 through 11/1/2016). Feeds the draw-parity analysis both directions (OI-42).",personal steve.pdf (QB QuickReport),Drive 1wVz1Won1T_ovfpqPGhBB71qOKGoEkPTA; extract 01-verified-facts/drive-sweep/trust-admin-sweep.md sec.2.6,financial,FALSE
2014-10-02,exact,"Check #23248 to Steve, $50,000, memo 'Pay back Loan' (512000). With 2/13 and 3/15/2014 checks ($50,000 each) less a 7/2/2014 $50,000 deposit, 2014 net −$100,000 = return of the 2012 net loan; 2012–14 cash $375,000 each way (A-1 second update).",Partnership GL + bank register,"512000 GL 'Steve Temp Loan to Partner.pdf' (Drive 1sf5rKftJWQsrm95oLqAaQxRVmjvaNzLB, printed 8/18/2017); Citizens QuickBooks register (Drive 1XhazEklYhxAH27FlpuY6IqHSMEZ1muvR)",financial,FALSE
2014-12-31,exact,"FY2014 restated downward $10,478: balance $5,002,937 -> $4,992,459; net income $1,220,163 -> $1,209,685",Reviewed financial statement,"Equity Accounts 1997-2015.pdf, FY2015/2014 vs FY2014/2013 stmts",financial-adverse,FALSE
2014-12-31,exact,"FY2014 withdrawals: Manuel $110,081 / Steve $167,503 — STEVE DREW $57,422 MORE (ADVERSE). Steve 'Personal' $120,155 vs Manuel 'Personal' $7,333.",Reviewed financial statement,"Equity Accounts 1997-2015.pdf, FY2015/2014 stmt",financial-adverse,FALSE
2014-12-31,exact (Frazer AJE),"[UPDATED 10/1/2026 (later): link now SUPPORTED — 512000 GL shows 2012 net loans +$100,000 and 2014 net repayments −$100,000 ('Pay back Loan' 10/2/2014); 2012–14 $375,000 each way.] Frazer adjusting entry #202 'TO RECLASS STEVE LEAL WITHDRAWALS': $100,000 moved from 512000 Capital Cont.-Steve to 515000 Personal-Steve (515000 balance -21,627.37 -> -121,627.37). A $100,000 payment to Steve had first been booked against his capital-contribution account (how Frazer later said repayments of Steve's loans were handled); Frazer relabeled it a withdrawal. This single entry is $100,000 of Steve's FY2014 'Personal' $120,155 (A-1). Underlying 2014 payment (date, check, inflow it repaid) NOT LOCATED; nearest documented inflow is FY2012 Steve contribution $125,987 (link INDETERMINATE). Client says it repaid a temporary loan (CLIENT-ATTESTED).",Frazer adjusting-entry report + QB register,Accountant Changes 12.31.14.pdf (Drive 1f5JGW5GYY4weVMoBqbfqETX3Llgz_VNp) p.36 entry 202; personal steve.pdf (1wVz1Won1T_ovfpqPGhBB71qOKGoEkPTA); steve-temp-loans-512000.md,financial,FALSE
2015-01-01,range,"Partnership-paid personal expenses schedule begins (through 12/6/2017): Hazel $66,072.53 / Steve $49,122.05 / Jace-Jordan $21,304.82 / Misc $12,915.95. CONTAINS EXPRESS ESTIMATES.",Internal schedule,STEVE.HAZEL PERSONAL EXPENSES.xlsx (1o5Re3q_6wZTRu_Mhh4yrtNqVrgFuKmBo) Sheet2,financial-adverse,FALSE
2015-01-01,range,"Shell Beach CARRYING COSTS paid by partnership, booked to Hazel (gardener, PG&E, South County Sanitary, San Luis Obispo property taxes, insurance). NO REMODEL OR CONSTRUCTION RECORD EXISTS.",Internal schedule,STEVE.HAZEL PERSONAL EXPENSES.xlsx Sheet2,financial,FALSE
2015-03-25,exact,MANUEL C. LEAL DATE OF DEATH — CONFIRMED BY EXECUTED INSTRUMENT. Hazel and Steve became successor Co-Trustees of the Manuel C. Leal Living Trust. Hazel entitled to all Bypass Trust account income MONTHLY from this date.,"Settlement Agreement Recital F, para 5","Settlement Agreement and Mutual Release, eff. 12/7/2017 (Ex. A to defendants' mediation brief, Drive 1BD14JDeC0VTQGemgiFgWkjmDG-kmo7ly), Recital F and para 5",estate,FALSE
2015-03-25,exact,Partnership capital transfer 'to Steve/Bypass Trust 3/25/15'. FY2015 is split at this date in the capital reconciliation. CONSISTENT WITH but NOT STATING Manuel C. Leal's date of death — no death certificate in record.,Draft reconciliation + reviewed stmts,"Capital Analysis 8-3-2017 pp.3, 6 [DRAFT]",estate,FALSE
2015-06-30,exact,"Steve deposits $100,000 memo 'TEMP LOAN' (512000); further $50,000 (7/9) and $20,000 (10/6) = $170,000. Same day a $150,000 Farm Credit feed-line advance also posts — line being drawn (cuts against an Esraelian-stalling explanation for 2015).",Partnership GL + bank register,"512000 GL 'Steve Temp Loan to Partner.pdf' (Drive 1sf5rKftJWQsrm95oLqAaQxRVmjvaNzLB, printed 8/18/2017); Citizens QuickBooks register (Drive 1XhazEklYhxAH27FlpuY6IqHSMEZ1muvR)",financial,FALSE
2015-12-31,exact,"FY2015 withdrawals total $217,344 (Manuel $135,391 / Steve $81,953); capital contribution $346,052; 12/31/2015 total capital $5,478,612",Reviewed financial statement,"Equity Accounts 1997-2015.pdf, FY2015/2014 stmt",financial,FALSE
2015-12-31,exact (Frazer JE),"Frazer 'RECLASS INSURANCE SETTLEMENT TO CAPITAL CONTRIBUTION': $88,025.87 from 689000 'Proceeds from Home Fire Claims' credited to Steve's capital contribution (Manuel's column also $88,026 in FY2015) — whose home and why: open (OI-87).",Partnership GL,512000 full ledger 'steve capital contributions.xlsx' (Drive 1K8BSGBlDp8p-Bkd4trxMzynhOsckBZqX),financial,FALSE
2016-00-00,NOT ESTABLISHED,"2016 gift deed — NO DOCUMENT IN RECORD. (A 'recorded Correction Grant Deed' is referenced in a 2017.08.08 letter to R. Esraelian, Drive 1Doyn_ceE6_xSv7dxpaaR3yrUGBZnD_La — NOT REVIEWED; relationship to any 2016 gift deed unverified.)",No source / unreviewed,No responsive document reviewed,gap,FALSE
2016-00-00,NOT ESTABLISHED,Xavier's PRIOR appraisal (2017 dispute) discounted minority interests between 20% and 30% depending on property characteristics. Our stated discount positions differ across documents: Complaint 20-30%; March 2025 offer 30%; July 2026 letter 25%; defendants' June 2025 counteroffer 15%.,Complaint,"Complaint (Ex. E to defendants' mediation brief, Drive 1BD14JDeC0VTQGemgiFgWkjmDG-kmo7ly), para 17",valuation,FALSE
2016-00-00,"approximate (client: ""almost 10 years"")","CLIENT-ATTESTED: the dairy begins supplying its well water to the three houses (per Ashley 3/12/2025: owned 100% by the Hazel J. Leal Revocable Trust; client calls them Susan's). No document or quantification (A-75, OI-83).",Client statement 10/1/2026,No source (client attestation),financial,FALSE
2016-03-25,exact (checks 26036 and 26324),"Correia Xavier Inc. paid $5,750 (ck 26036, 3/25/2016) + $5,750 (ck 26324, 5/19/2016), memo 'Manuel C. Leal Living Trust' — proof a 2016 CX appraisal was commissioned and paid ($11,500) for Manuel's Form 706 ($15,000/ac raw dirt per the 8/4/2017 Thompson letter). THE REPORT ITSELF IS NOT IN THE DRIVE (OI-61) — bears on CX's later 'jointly agreed appraiser' role and the 2022 intended-use fight.",trust admin expense.pdf; checking 2016.pdf; trust admin invoices.pdf,Drive 13_O_59FgIls3LnGEB8MAo6dHCxNJTooS / 14bjnM5O4cKvKqEDsuL7SD3yz-MUrF4oq / 1p57jd2F1kHQPOohMFpgTrqI7oWsRjKQM; extract 01-verified-facts/drive-sweep/trust-admin-sweep.md sec.3.2,valuation,FALSE
2016-03-28,exact (check 25265),"Hazel Leal paid $6,000 (ck 25265) coded 725000 Partners Salaries — the $6,000/month partner-salary practice visible in the register, consistent with her K-1 guaranteed payments ($72,000-$84,000/yr through 2022) and Art. VI.B care-payment framework.",checking 2016.pdf (QB QuickReport),Drive 14bjnM5O4cKvKqEDsuL7SD3yz-MUrF4oq; extract 01-verified-facts/drive-sweep/trust-admin-sweep.md sec.2.6,financial,FALSE
2016-04-25,exact,"First partnership payment to 'Mercury Insurance {Danielle}' — booked to 760000 Insurance-General (partnership expense). 70 such payments $23,735.05 through 2026, plus 26 payments $18,999.45 charged to 505000 Personal-Hazel from 2020 (A-75).",Bank register,Citizens QuickBooks register (Drive 1XhazEklYhxAH27FlpuY6IqHSMEZ1muvR),financial-adverse,FALSE
2016-06-23,exact (executed lease),"C.A.R.-form residential lease signed for 6935 Ave 228 (Bankston Property Management as agent for the Partnership; tenant Uribe; $995/mo) — five months BEFORE the 11/26/2016 statement to Esraelian that there were 'no formal rent agreements' (impeachment exposure, A-57; companion leases 6907/20651 are unreadable scans).",6935 rental.pdf,Drive 1XE0gsqLKS_f4gOE13ka4snLqEMdin4DQ; extract 01-verified-facts/drive-sweep/trust-admin-sweep.md sec.2.5,financial,FALSE
2016-09-29,"exact (instrument date; signatures 'September __, 2016')",First Amendment to Partnership Agreement: partnership interests acknowledged as Hazel J. Leal Revocable Trust 37.5% / STEVE M. LEAL individually 30% / Steve & Marla Leal Living Trust 25% / Manuel C. Leal Bypass Trust 7.5% ('55% Steve' exists only as an aggregate). Recites Manuel died 3/25/2015 and his interest passed via his trust. Assignment-acknowledgment only — no new buyout/accounting terms. Drafted by Griswold LaSalle. Same date: Certification of the Bypass Trust (Hazel notarized by ROBYN L. ESRAELIAN 9/10/2016).,Executed First Amendment (2016.09.29 packet),Drive 11Q14ztzo47P4KmapKRXY3FSq1_B4Vbt4; extract 01-verified-facts/drive-sweep/valuations-instruments-sweep.md sec.9; certification sec.16,governance,FALSE
2016-10-01,"as-admitted (Susan Leal email, ~9/2026)","Manuel's Trust SIXTH A(2) annuity payments to Hazel Susan Leal BEGIN at $1,655/month (October start effected via a double payment in November 2016, per Susan's own written account). She admits receiving every scheduled payment thereafter — ten years of documented performance by the trustee side. See A-58.",Susan Leal email (screenshot),01-verified-facts/2026-09_susan-leal-final-payment-email.png; native email to be preserved (OI-64),financial,FALSE
2016-10-20,exact (recording date per file title),"Grant deed recorded: Pismo/Shell Beach house APN 010-252-077 — 50% to Susan (Settlement para 4: 50% Hazel trust / 50% Susan). Partnership paid Pismo property tax/utilities 2010–2016 largely as partnership expenses; one $1,143.75 tax payment 11/30/2016 post-dates this deed (A-76).",Recorded deed (title only) + Settlement para 4,Drive 1Kgl2_ADfb4MDv2MJOIZ8dWzHcHNrupWY (title only); Citizens QuickBooks register (Drive 1XhazEklYhxAH27FlpuY6IqHSMEZ1muvR),financial,FALSE
2016-12-31,exact,"FY2016 withdrawals: Manuel/Hazel $213,592 / Steve $83,626; net LOSS $(214,285)",Draft reconciliation,Capital Analysis 8-3-2017 p.3 [DRAFT],financial,FALSE
2016-12-31,exact,"Check to Jace S. Leal $1,171.00, memo 'Danielle Ins, Hambys, Agsource', booked to 745000 Supplies (A-75).",Bank register,Citizens QuickBooks register (Drive 1XhazEklYhxAH27FlpuY6IqHSMEZ1muvR),financial-adverse,FALSE
2017-03-02,exact,"Check #27872 to Steve, $100,000, memo 'Temp Loan Payback' (512000) — repays the 6/30/2015 'TEMP LOAN'. Best match for the client's '$100,000 repayment of a temporary loan'. Followed by #28235, 4/25/2017, $70,000 (balance of 2015 loans).",Partnership GL + bank register,"512000 GL 'Steve Temp Loan to Partner.pdf' (Drive 1sf5rKftJWQsrm95oLqAaQxRVmjvaNzLB, printed 8/18/2017); Citizens QuickBooks register (Drive 1XhazEklYhxAH27FlpuY6IqHSMEZ1muvR)",financial,FALSE
2017-03-22,exact (letter date),"Jace Leal 'adjust letter' to Aaron [Garabedian], RE Partnership Capital Accounts (pre-Settlement): proposes crediting Hazel an additional 12.5% of profits from 1997 and 12.5% of land equity; reconciles capital to Hazel 37.5%/Steve 55%; theorizes the $212,035 note's 9% interest ($19,083/yr) was drawn against Steve's capital and principal 'transferred on paper' by 1997; states 1994-96 financials unavailable. A second undated version (Drive metadata Jan 2024) reconciles to 62.5%. PRE-SETTLEMENT NEGOTIATION DOCUMENT — release-scope analysis required before characterizing (A-49).",Steve.Hazel adjust letter to aaron.docx,Drive 1JhY8tTN3QRUIHfio7y7SYGxkEoiqSdsU (+ twin 1Oqs1OafCkUSyUNx8TQIgkolo7JGUWFQZ); extract 01-verified-facts/drive-sweep/valuations-instruments-sweep.md secs.18-19,financial,FALSE
2017-07-31,exact (file dates 6/27 and 7/31/2017),"Client-side buyout models built pre-Settlement (STEVE.HAZEL ADJUSTMENT.xlsx + 'complete' version): Hazel buyout priced $2,665,359.50 (12.5% LOC + 15% LOM 'per the 706'); 12.5% land interest $798,734.88; 1997-2015 income reallocation 12.5% = $824,815.63; $749,261 capital discrepancy attributed to 'personal expenses withdrawn from Manuel's account'; $52,982.63 computed as owed by Steve to Hazel. DISCOVERABLE-ADJACENT — context required (A-53).",STEVE.HAZEL ADJUSTMENT.xlsx (2 versions),Extract 01-verified-facts/drive-sweep/milk-and-manifest-sweep.md sec.2.4B,valuation,FALSE
2017-08-03,exact,Capital Analysis prepared — 'DRAFT - FOR INTERNAL DISCUSSION PURPOSES ONLY'; presents both 50/50 and 75/25 profit-split scenarios,Internal draft,Manuel Leal & Son Dairy Capital Analysis 8-3-2017 (1L357_kNU9uk4pZFm2K0LuajeckXW2GOg),financial,FALSE
2017-08-18,exact (print time 10:27 AM),"512000 Capital Cont.-Steve 'Transactions by Account, All Transactions' printed; balance −$170,000. A copy annotated 'Send to Tim' was attached to Esraelian's 11/9/2017 email — defendants' side held the full loan ledger by then.",Partnership GL,"512000 GL 'Steve Temp Loan to Partner.pdf' (Drive 1sf5rKftJWQsrm95oLqAaQxRVmjvaNzLB, printed 8/18/2017)",litigation,FALSE
2017-08-29,exact,"Steve lends $100,000 to the partnership, deposit #6020 memo 'temp loan' (inside a split deposit; not visible in the bank QuickReport). Start of the Aug–Dec 2017 bridge series ($250,000) during the FCW renewal/authorization dispute.",Partnership GL,512000 full ledger 'steve capital contributions.xlsx' (Drive 1K8BSGBlDp8p-Bkd4trxMzynhOsckBZqX),financial,FALSE
2017-09-18,exact,FCW 2018 renewal documents await Hazel's signature (due 10/1/2017); Esraelian 9/19: 'The form is incorrect. I have notified Ryan.' Start of the documented loan-authorization dispute.,Native email,Gmail 15ea026a2587b8a5,financial,FALSE
2017-10-06,exact,"Steve deposits $50,000 to the partnership (512000) while the FCW renewal documents sit with Esraelian (due 10/1/2017) — the bridge loan that fits the client's Esraelian explanation.",Bank register,Citizens QuickBooks register (Drive 1XhazEklYhxAH27FlpuY6IqHSMEZ1muvR),financial,FALSE
2017-11-03,exact,"Esraelian: FCW withdrawal request for $100,000 — 'I cannot advise Hazel to sign without more information.' Jace replies same day with uses (A&M Livestock $46,430; property taxes ~$28,000; TID ~$10,000) and notes ~$96,000/month principal and Hazel's home-care nurse expenses ~$138,000 YTD (both directions: shows need; links advance to Hazel's care costs).",Native email (non-privileged),Gmail 15f9daabdb9b5d4f,financial,FALSE
2017-11-08,exact,"[CORRECTED 10/1/2026 (later): the $100,000 and $70,000 entries are REPAYMENT checks to Steve, #27872 3/2/2017 'Temp Loan Payback' and #28235 4/25/2017, returning his 2015 loans — not loans outstanding. 512000 GL; Citizens register.] Aaron Garabedian (defendants' CPA) accounting requests, item 1: GL 512000 Capital Contribution Steve has two entries memo 'Temp Loan to Partner' — $70,000 and $100,000 — asks source and use of funds. Defendants' side knew of the temporary-loan entries by this date.",Native email (quoted),Gmail 15fa1ce3b9f72277 (att. Steve Temp Loan to Partner.pdf NOT OPENED),financial,FALSE
2017-11-09,exact,"Esraelian: Hazel 'will agree to sign this request at this time' but will not sign future line-of-credit withdrawal authorizations if Steve fails to provide requested information; signature conditioned on written confirmation of answers by 11/17. Johnson (to Esraelian/Thompson/Cunningham): 'The bills for the dairy cannot be paid until we receive the funds from the advance.' Esraelian (to lealdairy): 'Your continued threats to take away or to stop paying Hazel's caregivers is causing Hazel severe emotional distress' (ADVERSE tone evidence, A-72).",Native email (mixed privilege),Gmail 15fa1ce3b9f72277,financial,FALSE
2017-11-09,exact (doc date; transmission NOT ESTABLISHED),"[UPDATED 10/1/2026 (later): reconciles — 2015 loans $170,000 in, 2017 repayments $170,000 out; 'remove the Frazer Journal Entries… zero' is accurate. 512000 GL.] Client draft 'Response 11.9.17': 'Steve has made a temporary loan to the partnership for $170,000. The source is personal funds. If you remove the Frazer Journal Entries from the account the balance would show zero. The current total of temporary loans from Steve is $170,000.' Internally inconsistent; amounts do not reconcile to FY2017 contribution $60,000 (A-72 item 4).",Client draft (Drive),Response 11.9.17.docx (Drive 1--NBmBDOT7CgW02vsECpqAdzJjm3bZN2),financial,FALSE
2017-11-09,"exact (9:44 AM PT, per screenshot header)","Leal Dairy (lealdairy@gmail.com) to Esraelian, cc Johnson, Thompson, Cunningham, B. Esraelian, A. & D. Garabedian: 'When can we expect the signed authorization to arrive at Farm Credit? I will not be able to make checks for the home care nurses until the funds are in the business checking account.' Sent 12 minutes after Johnson thanked Esraelian for approving the credit request. This is the message Esraelian answered at 1:09 PM with 'continued threats to take away or to stop paying Hazel's caregivers' (both directions: cash-timing fact vs. singling out caregivers; A-72 update, OI-81).",Client screenshot of lealdairy mailbox (non-privileged message),01-verified-facts/2017-11-09_lealdairy-to-esraelian-nurse-checks-email.png; Gmail 15fa1ce3b9f72277 (Esraelian reply in jaceleal copy),financial-adverse,FALSE
2017-11-09,exact (check dates),"Weekly caregiver checks #29306–29311 (504000 Medical-Hazel) issued 11/9/2017, the day of the 'nurses' email; weekly caregiver checks continue without a gap 10/6–12/28/2017. Written against a negative book balance (~−$155,000) (OI-81).",Bank register,Citizens QuickBooks register (Drive 1XhazEklYhxAH27FlpuY6IqHSMEZ1muvR),financial,FALSE
2017-11-09,exact,"Steve lends $20,000, deposit #6064 memo 'temp loan' — same day as the line-authorization fight, the 'nurses' email and the caregiver checks (rebuts the leverage reading of the [PRIV] 'not too excited about loaning' line).",Partnership GL,512000 full ledger 'steve capital contributions.xlsx' (Drive 1K8BSGBlDp8p-Bkd4trxMzynhOsckBZqX),financial,FALSE
2017-11-13,exact,"$100,000 deposit (split) consistent with the FCW advance Hazel signed for 11/10; book balance −$111,560.43 just before it; low of −$258,204.46 on 11/28/2017.",Bank register,Citizens QuickBooks register (Drive 1XhazEklYhxAH27FlpuY6IqHSMEZ1muvR),financial,FALSE
2017-11-17,exact,"Check #29338 to Steve, $20,000, 'Repay loan' (512000) — partial repayment of the 10/6/2017 $50,000 bridge, leaving ~$30,000.",Bank register,Citizens QuickBooks register (Drive 1XhazEklYhxAH27FlpuY6IqHSMEZ1muvR),financial,FALSE
2017-12-05,exact,"Steve lends $40,000 ('temp loan'), after $40,000 on 11/29 ('temporary loan'); Aug–Dec 2017 total $250,000 in, $20,000 repaid 11/17 — ~$230,000 owed to Steve at 12/31/2017 (calc). Frazer closes $60,000 net to capital 1/1/2018 (FY2017 'contribution').",Partnership GL,512000 full ledger 'steve capital contributions.xlsx' (Drive 1K8BSGBlDp8p-Bkd4trxMzynhOsckBZqX),financial,FALSE
2017-12-07,exact,"Settlement Agreement and Mutual Release executed among Steve's Trust, Manuel's Trust, Hazel's Trust, and Plaintiff individually",Mediation brief,Mediation Brief p.2 (Exhibit A referenced; EXHIBIT NOT LOCATED),litigation,TRUE
2017-12-07,exact,"Settlement Agreement para 11/11(a): capital expenses >= $100,000 need both partners' approval; no loans to any partner and no borrowing without all partners' approval; Steve may draw on an established credit line up to $100,000 per 30-day period without approval. Hazel's approval not to be unreasonably withheld, decision within 10 days.",Settlement Agreement para 11,"Settlement Agreement and Mutual Release, eff. 12/7/2017 (Ex. A to defendants' mediation brief, Drive 1BD14JDeC0VTQGemgiFgWkjmDG-kmo7ly), para 11 and 11(a)",litigation-adverse,FALSE
2017-12-07,exact,Settlement Agreement para 13/15: RELEASE IS NARROW — releases only claims relating to 'the division of the real property'; para 15 states 'the only issues resolved by this Settlement Agreement is the division of identified real property and the valuation of the improvements identified in the Agreement.' Accounting/fiduciary claims appear NOT released.,"Settlement Agreement para 13, 15","Settlement Agreement and Mutual Release, eff. 12/7/2017 (Ex. A to defendants' mediation brief, Drive 1BD14JDeC0VTQGemgiFgWkjmDG-kmo7ly), para 13 and 15",litigation-adverse,FALSE
2017-12-07,exact,Settlement Agreement para 21/25: enforceable under CCP 664.6 in Tulare County Superior Court; each party bears own fees EXCEPT attorneys' fees incurred in ENFORCEMENT of the Agreement.,"Settlement Agreement para 21, 25","Settlement Agreement and Mutual Release, eff. 12/7/2017 (Ex. A to defendants' mediation brief, Drive 1BD14JDeC0VTQGemgiFgWkjmDG-kmo7ly), para 21 and 25",litigation,FALSE
2017-12-07,exact,"Settlement Agreement para 2: real property owned 37.5% Hazel/Hazel's Trust, 37.5% Manuel C. Leal Bypass Trust, 25% Steve and Marla.",Settlement Agreement para 2,"Settlement Agreement and Mutual Release, eff. 12/7/2017 (Ex. A to defendants' mediation brief, Drive 1BD14JDeC0VTQGemgiFgWkjmDG-kmo7ly), para 2",litigation,FALSE
2017-12-07,exact,"Settlement Agreement para 4 + Property Schedule: 311 Capistrano Ave., Pismo CA 93449, APN 010-252-077 (2,700 sf) owned 50% Hazel J. Leal Revocable Trust / 50% Susan Leal. THIS IS THE SHELL BEACH PROPERTY. Partnership holds NO interest.",Settlement Agreement para 4 + Ex. A Property Schedule,"Settlement Agreement and Mutual Release, eff. 12/7/2017 (Ex. A to defendants' mediation brief, Drive 1BD14JDeC0VTQGemgiFgWkjmDG-kmo7ly), para 4 and Exhibit A Property Schedule",financial,FALSE
2017-12-07,exact,Settlement Agreement para 8: PARTNERSHIP MUST PROVIDE HAZEL A MONTHLY ACCOUNTING BY THE 15th; respond to her questions by the 25th. Runs from execution to Hazel's death 9/23/2022 (~58 months). No evidence of compliance located.,Settlement Agreement para 8,"Settlement Agreement and Mutual Release, eff. 12/7/2017 (Ex. A to defendants' mediation brief, Drive 1BD14JDeC0VTQGemgiFgWkjmDG-kmo7ly), para 8",litigation-adverse,FALSE
2017-12-27,exact,Esraelian: 'I'm not sure we are ready to give up the loan authorization issue yet… we will still want to have the loan authorization in place for Hazel's security.' (Jace had asked 12/26 to remove the requirement for year-end tax prepayments.),Native email (non-privileged),Gmail 16099bc4ac9deb75,financial,FALSE
2018-01-00,month-only (per 2/22/2018 email),"[CORRECTED 10/1/2026 (later): the actual January 2018 payment is check #29635, 1/13/2018, $150,000, coded 515000 Personal-Steve; ledger supports only ~$30,000 of loans outstanding then (A-73).] Steve repays himself 'most of' the ~$170,000 temporary loans, leaving ~$70,000 owed (implied repayment ~$100,000, calc). Post-Settlement effective date (12/7/2017); ¶11 approval question for counsel (A-72). Likely the '$100,000 repayment' the client describes (to be confirmed, OI-80).",Client email to CPA,Gmail 1602be0a88bae639 (Jace to Edwards 2/22/2018),financial-adverse,FALSE
2018-01-03,exact,"DEFECT: The proof of service bound into the 998 offer recites service and execution on JANUARY 3, 2018 — more than eight years before the July 2026 cover letter. Signed Georgia Davidson. Envelope address block contains NO STREET ADDRESS.",Document,"998 offer FINAL.pdf, Proof of Service page",litigation-adverse,FALSE
2018-01-13,exact,"[CORRECTED 10/1/2026 (latest): SUPPORTED as repayment of the $250,000 Aug–Dec 2017 'temp loan' deposits shown in the complete 512000 ledger; the '~$30,000 outstanding' reading is withdrawn (A-73 corrected).] Check #29635 to Steve, $150,000, coded 515000 Personal-Steve; two days before the 1/15 estimated-tax deadline. Jace (2/22/2018) calls it repayment of 'most of' Steve's temporary loans; ledger supports only ~$30,000 outstanding (A-73).",Bank register,Citizens QuickBooks register (Drive 1XhazEklYhxAH27FlpuY6IqHSMEZ1muvR),financial-adverse,FALSE
2018-02-22,exact,"Frazer (Edwards) to Garabedian, cc Esraelian, Thompson, Cunningham, Johnson: 'Steve's capital contributions are for money Steve loaned the business to cover bills. Jace uses this account to post the money Steve put in and when Steve is reimbursed the payments are also ran through this account. I think the current balance owed to Steve is ~$70,000.' Contemporaneous written disclosure of the loan/repayment practice to opposing counsel.",Native email (non-privileged),Gmail 1602be0a88bae639,financial,FALSE
2018-06-00,month-only,Amended Partnership Agreement of Manuel C. Leal & Son Dairy entered; Art. XIII Sec. J — partnership to purchase Hazel's interest at 90% of appraised value including discounts,Mediation brief,"Mediation Brief pp.3, 6 (Exhibit C referenced; EXHIBIT NOT LOCATED)",litigation,TRUE
2018-06-00,exact,Partnership Agreement Art. I.B fixes the interests: MANUEL C. LEAL BYPASS TRUST 7.5%; STEVE M. LEAL 30%; HAZEL J. LEAL REVOCABLE TRUST 37.5%; STEVE AND MARLA LEAL LIVING TRUST 25%. Steve's side = 55%. RESOLVES THE POST-2018 ALLOCATION QUESTION.,Partnership Agreement,"Amended and Restated Partnership Agreement (Ex. C to defendants' mediation brief, Drive 1BD14JDeC0VTQGemgiFgWkjmDG-kmo7ly), Art. I.B",financial,FALSE
2018-06-00,exact,"Partnership Agreement Art. VI.E: a DEBIT balance in a Partner's Drawing Account, 'whether occasioned by drawings in excess of his share of Partnership profits,' is 'a liability of that Partner to the Partnership' and 'shall NOT reduce his interest in the capital of the Partnership.' EXPLAINS why Hazel's capital account stayed positive while excess distributions accrued, and confirms the Complaint's 'negative capital account' label is wrong.",Partnership Agreement,"Amended and Restated Partnership Agreement (Ex. C to defendants' mediation brief, Drive 1BD14JDeC0VTQGemgiFgWkjmDG-kmo7ly), Art. VI.E",financial,FALSE
2018-06-00,exact,"Partnership Agreement Art. XIII.B.1 EXPRESSLY DEFINES HAZEL'S DEATH AS A 'DISSOCIATING EVENT' and provides 'the Partnership shall purchase her Partnership Interest.' Art. XIII.B.2: on Hazel's death the Partnership continues, purchases at 90% of appraised value, 10% down, note amortized 20 years at 4% interest, due in 10 years. Art. XIII.D: on the death of STEVE or MARLA their interests pass by will/trust and are NOT subject to any buyout — a deliberate asymmetry.",Partnership Agreement,"Amended and Restated Partnership Agreement (Ex. C to defendants' mediation brief, Drive 1BD14JDeC0VTQGemgiFgWkjmDG-kmo7ly), Art. XIII.B.1, B.2, D",litigation,FALSE
2018-06-00,month-only,"TIC Agreement para 1(b): Partnership agrees to pay ALL expenses related to the TIC property (repairs, maintenance, taxes) in exchange for farming use. NOTE: TIC property is Tulare County only — does NOT cover the Pismo/Shell Beach parcel.",TIC Agreement para 1(b),"Tenants-in-Common Agreement (Ex. B to defendants' mediation brief), para 1(b)",financial,FALSE
2018-06-00,month-only,"TIC Agreement para 11 AND Partnership Agreement Art. XIII sec. J: THREE-APPRAISER FALLBACK — jointly appointed appraiser's written decision is binding and conclusive; if no agreement within 30 days of the triggering event, each side appoints one appraiser within 15 days; if those two cannot agree on value within 30 days they appoint a third; decision of any two of three binds. Costs of joint appraisers split equally; unilateral appraisers borne by the appointing party.",TIC para 11; Partnership Art. XIII sec. J,Tenants-in-Common Agreement (Ex. B) para 11; Amended Partnership Agreement (Ex. C) Art. XIII sec. J,litigation,FALSE
2018-06-00,month-only,"TIC Agreement para 2: STEVE M. LEAL is the initial Manager, uncompensated, responsible for maintenance of the books and records of the Property and for taxes and insurance. Para 3: all Owners waive any right to partition.","TIC Agreement para 2, 3","Tenants-in-Common Agreement (Ex. B), para 2 and 3",litigation-adverse,FALSE
2018-06-00,month-only,Tenants in Common Agreement entered; buyout at 90% of appraised value including discounts identified by appraiser; Sec. 11 requires jointly appointed appraiser whose decision is binding,Mediation brief,Mediation Brief pp.3-4 (Exhibit B referenced; EXHIBIT NOT LOCATED),litigation,TRUE
2018-06-01,exact,"[CORRECTED 10/1/2026 (latest): SUPPORTED as repayment of the $250,000 Aug–Dec 2017 'temp loan' deposits shown in the complete 512000 ledger; the '~$30,000 outstanding' reading is withdrawn (A-73 corrected).] Check #30321 to Steve, $70,000, coded 515000 Personal-Steve (balance after: $4,493.98) — matches the '$70,000' Jace said was still owed. 18 days later (6/19) Johnson tells Esraelian 'There is not enough money to meet current operating needs' (A-73).",Bank register,Citizens QuickBooks register (Drive 1XhazEklYhxAH27FlpuY6IqHSMEZ1muvR),financial-adverse,FALSE
2018-06-07,exact,"DEADLINE (computed): Steve and Marla to pay Hazel $350,000 on the 1983 Note, 'on or before six (6) months from December 7, 2017.' PAYMENT STATUS NOT ESTABLISHED. Defendants assert the Note was not repaid. [UPDATE 10/1/2026: client attests Steve paid the $350,000 'right after the settlement agreement was signed' (CLIENT-ATTESTED; no document yet — OI-79). Settlement documents were still circulating 2/2018-7/2018.]",Settlement Agreement para 6,"Settlement Agreement and Mutual Release, eff. 12/7/2017 (Ex. A to defendants' mediation brief, Drive 1BD14JDeC0VTQGemgiFgWkjmDG-kmo7ly), para 6",computed-deadline,FALSE
2018-06-15,exact,"Johnson chases Esraelian on the pending $100,000 borrowing request; Esraelian: 'I'm trying to contact Hazel… I believe she is out of town.' Johnson offers that the partnership front lot-line costs.",Native email (mixed),Gmail 164047e526301ab2,financial,FALSE
2018-06-19,exact,"Johnson to Esraelian: 'The dairy is having severe cash flow issues right now… We really need to get the Morgan Stanley reimbursement or the loan approved today. There is not enough money to meet current operating needs.' Also: Steve returned $50,000 of a tax draw after amended returns produced refunds.",Native email (forwarded [PRIV]; quoted message non-privileged),Gmail 16418f57c7b5daa4,financial,FALSE
2018-07-16,exact,"Steve deposits $43,630.24 memo '2013 2014 FTB refund' to 512000 (with $10,000 6/8 and $15,000 7/11 'Temp Loan', $25,000 9/11 'TEMP LOAN' = FY2018 'contribution' $93,630.24).",Partnership GL,512000 full ledger 'steve capital contributions.xlsx' (Drive 1K8BSGBlDp8p-Bkd4trxMzynhOsckBZqX),financial,FALSE
2018-07-24,exact (instrument date; recording not legible),"Grant deed APN 158-160-006, 21145 Road 68 (~1.03 ac; 'two houses'): Manuel C. Leal Bypass Trust (Hazel and Steve, co-trustees) to Hazel J. Leal Revocable Trust, undivided 50%. Runs to Hazel's trust, not Susan. Client says the houses are now deeded to Susan — no such deed located (OI-83).",Executed grant deed,Leal 2018.07.24 Grant Deed APN 158.160.006.pdf (Drive 1qfthXjyoAuJR73MGGUVDFMxt4lGhOjp1),estate,FALSE
2018-07-26,exact,"EXECUTED Amended and Restated Partnership Agreement received by Griswold, LaSalle, Cobb, Dowd & Gin (receipt stamp). Signed by Steve (3 capacities), Hazel (2 capacities), and Marla; date line 'June __, 2018' left blank. Executed copy confirms Art. XIII verbatim and adds: Art. VI.B (Hazel's guaranteed care payments; purchase price reduced by her negative capital account; equalization draws), Art. IX.A.2 (majority vote for $100k+ capital expenses), Art. III (outside business opportunities permitted absent unanimous vote), Art. VII.D (annual audit, requester pays if clean), Art. V.A (pro-rata simultaneous distributions).",Executed agreement (client upload),"Leal_2018.07.24_Amended_and_Restated_Partnership_Agmt.pdf, signature pages and receipt stamp (client upload 8/18/2026)",litigation,FALSE
2018-10-31,month (from FCW 2018 annual statement),"Post-Settlement covenant datapoint: combined Farm Credit line draws in October 2018 total ~$400,000 in one month (Feed 10/1 $256,414.20 + Cow 10/1 $43,585.80 + 10/10 $100,000) — versus Settlement para. 11(a)'s $100,000/30-day cap. See adverse analysis A-41 (cuts against our side; defenses to assemble).",FCW 2018 annual statement,Drive 16ajAdlPwHuX7BZZ3NW_bOh5ASPn12mk4; detail in 01-verified-facts/drive-sweep/financials-tax-banking-sweep.md sec.4,financial,FALSE
2019-01-17,"exact (native email, verified)","Settlement para. 5: GL proposes MS reimbursement of $101,140.67 to the Dairy and halving of the $509,559.04 balance (Hazel / Bypass); Esraelian REFUSES: '*NO*, you cannot instruct Morgan Stanley to reimburse the Dairy $101,140.67 ... WITHOUT PROOF AND BACK UP.' GL: 'We have provided to you all the information. We remain at a stand still.' Their-side hold of para. 5 performance (ledger P-2 corrected).",Gmail 1685d8f08355cec2,01-verified-facts/drive-sweep/gmail-sweep.md sec.2.2(a),litigation,FALSE
2019-08-31,month (from FCW 2019 annual statement),"Post-Settlement covenant datapoint: combined Farm Credit draws in August 2019 ~$250,000 (Feed monthly top-up ~$81k + Cow 8/9 $150,000). Feed line drawn to a hard $1,000,000 ceiling through 2018-2019. See A-41.",FCW 2019 annual statement,Drive 1tG3_IHjiZbtPOmi9b5i7MqhbbsXOPwSf; detail in 01-verified-facts/drive-sweep/financials-tax-banking-sweep.md sec.4,financial,FALSE
2019-12-31,tax-year (five consecutive 1041s),"Bypass Trust Forms 1041 for 2015-2019 (Frazer; HAZEL LEAL, TRUSTEE): total income NEGATIVE every year (-$14,066 / -$32,431 / -$39,392 / -$32,015 / -$15,450), $0 tax, DNI $0, every K-1 to Hazel 'NO REPORTABLE INCOME'; partnership passthrough treated as passive with ~$859K suspended losses. Bears directly on the $327,427.02 offer component and the $329,373 offset credit (A-55, OI-60). 2020-2022 returns NOT in Drive.",Bypass Trust 1041s 2015-2019,Drive folder 1H1YQqnmIJ6xcwqS0XeANh8augH0fOWkT; table in 01-verified-facts/drive-sweep/trust-admin-sweep.md sec.2.10,financial,FALSE
2020-05-12,exact,"SBA EIDL loan $150,000 (3.75%, 30-yr) to the Partnership, signed 'Steve Leal, Owner/Officer' ALONE, granting a blanket UCC lien on ALL partnership personal property. No Trust-side signature. Covenant analysis required (Settlement para. 11(a) vs disaster-relief context) — A-41.",SBA EIDL loan documents,Drive folder 1XnyhV8eM2LBWOiEJQAw1F6GHJinKmHCb (Citizens statements folder); 01-verified-facts/drive-sweep/financials-tax-banking-sweep.md sec.5,financial,FALSE
2020-10-31,exact (last statement in record),"Morgan Stanley acct 115-047237-006 still titled 'MANUEL C LEAL TTEE' at $787,755.44 — through this date (5.5 years post-Manuel) NO Settlement para. 5 division, NO ~$85,000 partnership reimbursement, NO income distributions to Hazel, NO securities sales ever (1099-B $0 every year), income 1099-reported under Manuel's SSN through TY2019. Para. 5 NOT PERFORMED on this record (A-54, OI-59). Statements after 10/31/2020 not in Drive.",MS statements 2015-2020 + 1099s,Drive folder 1CHPvWLVgm4pD_l4NSBBVUusL7_0vWH9O; table in 01-verified-facts/drive-sweep/trust-admin-sweep.md sec.2.4,financial,FALSE
2020-12-02,exact (native email),"Jace to Esraelian: retains 'have not been paid' ($15,000 ACH to be set up); Bypass income 2015-2019 $224,101; 'I don't believe the partnership agreement requires the distribution of partner profits.' 12/16/2020 Esraelian: Art. VII.A says 'shall.' 1/7/2021 Jace: 'We are not opposed to distributing her share of partnership income.' (A-63)",Gmail 175fb40be8a79e2f; 17687a1d2514e969,01-verified-facts/drive-sweep/gmail-sweep.md sec.2.2(d),financial,FALSE
2020-12-03,as-reported (native email),"Morgan Stanley check issued to the Dairy under the signed MS letter (Hazel signed 8/12/2020; Steve 11/11/2020). Frazer confirms 2/17/2021: 'the Bypass Trust reimbursed Manuel Leal and Son Dairy $80,000.' Para. 5 reimbursement PERFORMED as modified. Account division itself not confirmed in email.",Gmail 175fb40be8a79e2f; 17687a1d2514e969,01-verified-facts/drive-sweep/gmail-sweep.md sec.2.2(a),financial,FALSE
2021-05-18,exact (first draw of the pattern),"Farm Credit draw pattern SHIFTS: from May 2021 onward, single $100,000 draw roughly once per month (5/18, 6/25, 7/26, 8/5, 9/15, 10/28, 11/24, 12/7/2021), no month over $100k after April 2021 — matching Settlement para. 11(a)'s cap. Examinable both ways: compliance awareness or structuring. A-41.",FCW 2021 annual statement,Drive 15I1sctPf-O8Ik5mdINeGwSmBiArdvWb1; 01-verified-facts/drive-sweep/financials-tax-banking-sweep.md sec.4,financial,FALSE
2022-08-10,exact (native email),"Jace to Esraelian + Lauren Garabedian Ruff (Trust-side CPA), attaching Partnership Income Summary.xlsx (the version later agreed): undistributed profits 'are still accounted for in her equity and will be accounted for in her estate... we are not opposed to distributing the profits, however it will require the partnership to take on a significant amount of new debt... It may be necessary to borrow against some land.' Cuts both ways (reinvestment argument; distributability conceded).",Gmail 1827e17104001f86,01-verified-facts/gmail-extract.md sec.1,financial,FALSE
2022-08-30,exact,"KEY EMAIL — 24 DAYS BEFORE HAZEL'S DEATH. Robyn Esraelian to Jace Leal and Lauren Garabedian Ruff (tgg-cpa.com), cc Susan Leal, 'RE: Hazel - Dairy Profit Distribution': 'Lauren and I have reviewed this and agree with YOUR calculation of the profit due to Hazel personally and to Hazel as beneficiary of the Bypass Trust, for the period 2015-2021 in the amount of $850,894.54.' BUT the same email directs that distribution be made ON AN ANNUAL BASIS, capped at (1) Hazel's basis in the partnership 'taking into account distributions for her medical and care expenses' and (2) the Bypass Trust's basis, coordinated with Mike Edwards (Frazer) to avoid capital gains tax. So: amount agreed (computed by OUR side); payment schedule prescribed by THEIR counsel as multi-year and basis-capped; Hazel died 9/23/2022 before it could run. NATIVE THREAD (1827e17104001f86): the agreement email was cc'd to SUSAN LEAL (ssstars@aol.com) — a current defendant personally received it.",Email (client-provided screenshot),"Email, R. Esraelian to J. Leal & L. Garabedian Ruff, cc S. Leal, 8/30/2022 9:00 AM PDT, 'RE: Hazel - Dairy Profit Distribution' — transcribed from client screenshot 8/18/2026; NATIVE EMAIL AND FULL THREAD TO BE PULLED (mailbox search shows 133 results)",financial,FALSE
2022-09-23,exact,HAZEL J. LEAL DATE OF DEATH. Defendants become Successor Co-Trustees. THIS IS THE VALUATION DATE for both buyout formulas and for the 998 offer. NO DEATH CERTIFICATE IN RECORD.,Mediation brief,Mediation Brief p.3,estate,TRUE
2022-10-15,exact (QuickBooks export),"First of 28 automatic $6,000 monthly payments to 'Hazel Leal' booked to 725000 Partners Salaries (10/15/2022-1/15/2025; $165,000 net of a $3,000 reclass) — after her 9/23/2022 death. Payee account unknown. $102,000 later reclassified to draws (A-70).",QB export 1/31/2025,Drive 1HMjBSPjcexZxjwoyXSBKkOALzWY4UkH1; 1SPoDoMVI7Dn6f9wT-AmKRVDvTOaFUIad,financial,FALSE
2022-10-23,computed,COMPUTED: 30 days after Hazel's death — outside date under TIC para 11 / Partnership Art. XIII sec. J to agree on a single appraiser before the each-side-appoints-one fallback is triggered. NEITHER SIDE INVOKED THE MECHANISM.,Computation,Derived from TIC para 11 / Art. XIII sec. J and DOD 9/23/2022,computed-deadline,FALSE
2022-10-25,exact (native email),First post-death contact: Esraelian to Jace re the Bypass Trust ('I need to contact the attorney handling the Bypass Trust'). (Ledger Interval 0 corrected.),Gmail 18410662dabc4837,01-verified-facts/drive-sweep/gmail-sweep.md sec.2.3,litigation,FALSE
2022-10-31,exact,"Ormonde to Esraelian (verbatim, 1842fd51aee29cca): retained 'by Steve and Jace Leal to help in the administration of the Manuel Leal trust, including the bypass trust'; requesting prior counsel's files. CORRECTED 9/26/2026: the email does NOT mention a purchase option or the buyout (earlier characterization withdrawn). First post-death contact was Esraelian's, 10/25/2022.",Gmail 1842fd51aee29cca,01-verified-facts/drive-sweep/gmail-sweep.md sec.2.3,litigation,TRUE
2022-12-31,tax-year (2022 Form 1065),"2022 partnership return: FINAL K-1s issued to Hazel individually (37.5 to 0) and the Manuel C. Leal Bypass Trust (7.5 to 0); NEW K-1 opens for Hazel J Leal Revocable Trust UDT 11/3/2008 (EIN 88-6746852) at 37.5% with $93,988 income, $11,172 distributions, $1,841,569 recourse-liability share; Steve 55 to 62.5. THE key post-death-status document — see post-death-profits-issue.md sec.12, A-40.",2022 Form 1065 + K-1s,Drive 1NYjpL9xYDMFXyHoNDy3IHkmgkUQc9dEa; K-1 table in 01-verified-facts/drive-sweep/financials-tax-banking-sweep.md sec.2,financial,FALSE
2023-01-01,exact,"NOTE 8: 'In 2022, Hazel Leal passed away and the Manuel Leal Bypass Trust was dissolved. On January 1, 2023, the partnership interest of the Manuel Leal Bypass Trust was transferred to Steve Leal.' $821,249 of capital moves from the Bypass Trust column to Steve's. Bypass column reads $0 thereafter. Defendants not shown to have been notified.",Reviewed financial statement,"Manuel Leal & Son Dairy, FY2024/2023 Statements, Frazer LLP review report 2/18/2025 (Drive 1cqN3Cp2t9pMFiql2mXOYYZFZTxsSVZRm), Note 8",financial-adverse,FALSE
2023-01-04,exact,Robyn Esraelian (defendants' counsel) opens contact with Brandon Ormonde re the Manuel Leal Trust.,Email exhibit,"Complaint Exhibits (bound into defendants' mediation brief, Drive 1BD14JDeC0VTQGemgiFgWkjmDG-kmo7ly), Ex. F thread",litigation,FALSE
2023-02-03,exact,Counsel phone call — parties agree to use William Reddington for Partnership appraisal,Mediation brief,Mediation Brief p.6,litigation,TRUE
2023-02-06,exact,Defendants' counsel emails William Reddington confirming engagement,Mediation brief,Mediation Brief pp.6-7 (Exhibit H; NOT LOCATED),litigation,TRUE
2023-02-06,exact,"Esraelian engages Bill Reddington by email, copying Ormonde, attaching the Partnership Agreement: 'we need to value Hazel's 37.5% interest in the dairy.' NOTE: defendants' counsel characterizes Hazel's DAIRY PARTNERSHIP interest as 37.5%.",Email exhibit,"Complaint Exhibits (bound into defendants' mediation brief, Drive 1BD14JDeC0VTQGemgiFgWkjmDG-kmo7ly), Ex. D",litigation,FALSE
2023-02-15,exact,"DEFENDANTS' COUNSEL PROPOSES CORREIA-XAVIER, unprompted: 'Based on information from Bill Reddington, do you have any thoughts about using Xavier-Correrria? Or are you thinking of using anyone else. I'd like to get on this as soon as possible.'",Email exhibit,"Complaint Exhibits (bound into defendants' mediation brief, Drive 1BD14JDeC0VTQGemgiFgWkjmDG-kmo7ly), Ex. E",litigation,FALSE
2023-02-15,exact,Defendants' counsel asks about using Correia-Xavier for real property appraisal,Mediation brief,Mediation Brief p.4 (Exhibit D; NOT LOCATED),litigation,TRUE
2023-03-09,exact,Esraelian: 'We just need to decide on a real estate appraiser.' Ormonde replies same morning: 'They are good using Correia-Xavier again to value the real estate since they have been used previously.',Email exhibit,"Complaint Exhibits (bound into defendants' mediation brief, Drive 1BD14JDeC0VTQGemgiFgWkjmDG-kmo7ly), Ex. F",litigation,FALSE
2023-03-09,exact,Plaintiff's counsel agrees to Correia-Xavier,Mediation brief,Mediation Brief p.4 (Exhibit E; NOT LOCATED),litigation,TRUE
2023-03-21,exact,Defendants' counsel emails Xavier: appraisal sought 'for the purposes of the Tenants in Common Agreement buyout provisions and for the dairy partnership valuation',Mediation brief,Mediation Brief p.4 (Exhibit F; NOT LOCATED),litigation,TRUE
2023-03-21,exact,"KEY DOCUMENT. Esraelian emails Stan Xavier, copying Ormonde, ATTACHING THE TENANTS IN COMMON AGREEMENT: 'Attached is the Tenants in Common Agreement that sets forth the terms of the buy-out... We are seeking an appraisal of the properties for purposes of the Tenants in Common Agreement Buy out provisions and for the Dairy Partnership valuation... Brandon: please confirm the properties are correct.' DIRECT EVIDENCE OF JOINT APPOINTMENT FOR BUYOUT PURPOSES.",Email exhibit,"Complaint Exhibits (bound into defendants' mediation brief, Drive 1BD14JDeC0VTQGemgiFgWkjmDG-kmo7ly), Ex. G",litigation,FALSE
2023-04-06,exact,Phone conference between both counsel and Xavier re retention and scope,Mediation brief,Mediation Brief p.4,litigation,TRUE
2023-05-08,exact,"STAN XAVIER'S EMAIL, after the joint call with both counsel, stating he is WAITING FOR THE PARTIES TO DEFINE THE SCOPE for the buyout appraisal. Quoted in Ex. K. THE EMAIL ITSELF IS NOT AN EXHIBIT AND IS NOT IN THIS WORKSPACE — highest-priority retrieval (OI-28).",Email exhibit,"Complaint Exhibits (bound into defendants' mediation brief, Drive 1BD14JDeC0VTQGemgiFgWkjmDG-kmo7ly), quoted in Ex. K",litigation,FALSE
2023-06-19,exact,"TCFCU vehicle loan $55,085 (2021 Ram 2500), signed Steve + Marla only — post-Complaint-period borrowing without Trust-side signature. A-41.",TCFCU loan documents,LOANS DEEDS folder; 01-verified-facts/drive-sweep/financials-tax-banking-sweep.md sec.5,financial,FALSE
2023-06-20,exact,"Defendants' counsel emails Jace Leal (copying plaintiff's counsel) confirming Xavier for real property and Reddington for partnership, first for the federal estate tax return then for the buyouts; requests additional business information",Mediation brief,Mediation Brief p.5 (Exhibit G; NOT LOCATED),litigation,TRUE
2023-06-20,exact,"Esraelian emails Jace Leal AND Brandon Ormonde, cc Ashley Garabedian and Susan Leal: appraisals are 'for purposes of Hazel's federal estate tax return and then for the Tenants in Common agreement Buy out'; Xavier for land, Reddington for the dairy; attaches Reddington's information request list.",Email exhibit,"Complaint Exhibits (bound into defendants' mediation brief, Drive 1BD14JDeC0VTQGemgiFgWkjmDG-kmo7ly), Ex. H",litigation,FALSE
2023-08-08,exact,"Correia-Xavier real property appraisal dated; date-of-death total value $14,220,000; performed on 100% ownership; NO DISCOUNTS APPLIED",Mediation brief,Mediation Brief pp.5-6 (APPRAISAL NOT IN RECORD),valuation,TRUE
2023-08-14,exact,"[UPDATED 10/1/2026: client says Steve invested 'assuming he was going to be the sole owner' because he understood the buyout to be valued at the date of death (CLIENT-ATTESTED); conflicts with the 7/16/2026 'bridge loans' wording (A-77).] Steve's 2023 deposits to 512000 complete: 6/24 $155,000 + $5,000 ('Cash'), 7/20 $100,000, 8/14 $100,000 = $360,000 (FY2023 'contribution'); no repayment through 512000 since (OI-80).",Partnership GL,512000 full ledger 'steve capital contributions.xlsx' (Drive 1K8BSGBlDp8p-Bkd4trxMzynhOsckBZqX),financial,FALSE
2023-08-17,exact,Jace Leal emails Esraelian asking her to send the land appraisal to Mike Edwards at Frazer for tax return purposes.,Email exhibit,"Complaint Exhibits (bound into defendants' mediation brief, Drive 1BD14JDeC0VTQGemgiFgWkjmDG-kmo7ly), Ex. I thread",litigation,FALSE
2023-08-18,exact,"Correia-Xavier appraisal 'completed' per brief; defendants decline to release it, contending it contains errors. NOTE: internal tension with the 8/8/2023 date on the same document.",Mediation brief,Mediation Brief p.5,valuation,TRUE
2023-08-18,exact,Defendants' counsel emails plaintiff's counsel: the Correia-Xavier land appraisal is COMPLETE and she will release it 'by next week' after review with clients. (Complaint Ex. I — not in workspace),Complaint,"Complaint (Ex. E to defendants' mediation brief, Drive 1BD14JDeC0VTQGemgiFgWkjmDG-kmo7ly), para 31",litigation,FALSE
2023-08-18,exact,"Esraelian to Jace Leal, cc Ormonde: 'I just received the land appraisal and am reviewing it with my clients. I will send it over to Brandon by next week... we have not started the business valuation since that follows from the land appraisal.'",Email exhibit,"Complaint Exhibits (bound into defendants' mediation brief, Drive 1BD14JDeC0VTQGemgiFgWkjmDG-kmo7ly), Ex. I",litigation,FALSE
2023-08-21,exact (file mtime),"APN DESCRIPTIONS.xlsx refresh: 652.33 assessed acres (582.9 farmable) — the closest located source of the 998's '652.02 acres' (0.31-acre delta unexplained, OI-52); Hazel buyout remodeled at $3,641,531.41 (37.5% less 12.5% LOC less 15% LOM + 12.5% land $798,734.84 + $52,982.63).",APN DESCRIPTIONS.xlsx,Drive 1dbN7hiHHGU-ZRixVqMqRbGri9-8tl0sf; extract 01-verified-facts/drive-sweep/milk-and-manifest-sweep.md sec.2.4B,valuation,FALSE
2023-09-26,exact,"Esraelian to Ormonde: appraisals still not final. ADVERSE — asserts 'There was an agreement as to the amount of the profit distribution owed to Hazel from 2015 through 2021 in the amount of $850,894.54' and demands payment; notes Susan and Ashley are being asked to sign a dairy LOC extension and are reluctant absent good faith. NO RESPONSE APPEARS IN THE RECORD.",Email exhibit,"Complaint Exhibits (bound into defendants' mediation brief, Drive 1BD14JDeC0VTQGemgiFgWkjmDG-kmo7ly), Ex. J",litigation-adverse,FALSE
2023-09-26,exact,More than a month later the Xavier appraisal has still not been released; defendants' counsel acknowledges by email they are still talking to Xavier directly. (Complaint Ex. J — not in workspace),Complaint,"Complaint (Ex. E to defendants' mediation brief, Drive 1BD14JDeC0VTQGemgiFgWkjmDG-kmo7ly), para 32",litigation,FALSE
2023-09-26,exact (native email) [PRIV],"Jace to Ormonde re the $850,894.54: 'We agreed to pay that while hazel was still alive, and would have needed to refinance some land to do so. I assumed it was now going to be tied to the [overall purchase]' — responding to Ormonde's 'I'm assuming that this payment was going to be tied into the overall purchase.' BOTH-WAYS (A-63).",Gmail [PRIV] 18ad39fec1de083a,01-verified-facts/drive-sweep/gmail-sweep.md sec.2.7,litigation,FALSE
2023-09-29,exact (native email),"AgWest (Averee Johnson) sends fixed pricing for a $2,000,000 20-year mortgage ('Again, these rates are only good for 30 days… if everything works out to finance with AgWest'); Jace forwards it the same day to Steve and Jordan. Purpose per client 9/26/2026: buyout financing (CLIENT-ATTESTED; OI-70 resolved). Settlement ¶7 requires only 10% down at purchase, so $2M fits ability to perform on the contract's terms. Limits: a quote, not a commitment (A-66).",Gmail 18ae22ec1e7ad388,adverse_analysis A-66 / readiness update; open_items OI-70,financial,FALSE
2023-10-03,exact (native email) [PRIV],"Jace to Ormonde: 'At a minimum we will be paying the $356,000 bypass trust income in full along with the 10% down payment.' Readiness evidence dated inside the appraisal-withholding interval; $356,000 vs later $327,427.02 (-$28,573) to reconcile (OI-60).",Gmail [PRIV] 1827e17104001f86,01-verified-facts/gmail-extract.md sec.1,litigation,FALSE
2023-10-03,exact (native email),"Jace to AgWest (with the 9/30/23 borrowing-base report): 'can you send me a copy of the signed BBR from 9/30/22? I may need it for the appraisals.' Non-privileged, contemporaneous link between the AgWest relationship and the buyout appraisals four days after the $2M pricing (OI-70).",Gmail 18af15a6bf35dd5b,open_items OI-70 item 2,financial,FALSE
2023-10-28,exact,Esraelian: Susan and Ashley already signed the dairy LOC forms. (Working remotely; her father on hospice.),Email exhibit,"Complaint Exhibits (bound into defendants' mediation brief, Drive 1BD14JDeC0VTQGemgiFgWkjmDG-kmo7ly), Ex. K thread",litigation,FALSE
2023-11-15,exact,"Ormonde to Esraelian: objects that Ashley told Jace J. Hower & Associates would be reaching out; restates the prior agreement to use Xavier and Reddington; cites Stan Xavier's May 8, 2023 email showing Xavier 'is waiting for us to define the scope for appraising the property for purposes of buyout'; asks to set parameters.",Email exhibit,"Complaint Exhibits (bound into defendants' mediation brief, Drive 1BD14JDeC0VTQGemgiFgWkjmDG-kmo7ly), Ex. K",litigation,FALSE
2023-11-15,exact,"Plaintiff's counsel emails objecting that a new appraiser, J. Hower & Associates, is being retained, and restating the prior agreement to use Correia-Xavier and Reddington. (Complaint Ex. K — not in workspace)",Complaint,"Complaint (Ex. E to defendants' mediation brief, Drive 1BD14JDeC0VTQGemgiFgWkjmDG-kmo7ly), para 33",litigation,FALSE
2023-11-28,exact,"Phone call: defendants' counsel states defendants will NOT accept the Correia-Xavier appraisal, disagreeing with the valuation due to 'errors'.",Complaint,"Complaint (Ex. E to defendants' mediation brief, Drive 1BD14JDeC0VTQGemgiFgWkjmDG-kmo7ly), para 34",litigation,FALSE
2023-12-01,"exact (native email, embedded)",Esraelian: the J. Hower appraisal 'is scheduled to be submitted to us by December 11th (in time for our December 15th 706 filing date)' — a stated estate-tax purpose for Hower (qualifies the 'surprise retention' framing).,Gmail [PRIV fwd] 18c27850bebcfe17,01-verified-facts/drive-sweep/gmail-sweep.md sec.2.4,valuation,FALSE
2023-12-13,exact,"J. Hower & Associates real property appraisal dated; total value $18,100,000; NO DISCOUNTS APPLIED",Mediation brief,Mediation Brief p.6 (APPRAISAL NOT IN RECORD),valuation,TRUE
2023-12-31,exact,"FY2023: Dairy net LOSS $(888,608). Allocated Steve $(555,380) / ESTATE OF HAZEL LEAL $(333,228) — i.e. 62.5%/37.5%. Withdrawals charged to Estate of Hazel Leal: $8,598. Capital 12/31/2023: Steve $5,985,133 / Estate of Hazel Leal $2,531,990. ADVERSE: our own reviewed statements continue allocating profit and loss to Hazel's estate after her death.",Reviewed financial statement,"Manuel Leal & Son Dairy, FY2024/2023 Statements, Frazer LLP review report 2/18/2025 (Drive 1cqN3Cp2t9pMFiql2mXOYYZFZTxsSVZRm), Exhibit C",financial-adverse,FALSE
2024-01-09,exact (native email) [PRIV],Ormonde to client: 'They have still refused to send me the appraisals for my review ... they have proposed sitting down jointly to review.' Counsel-side corroboration of the withholding (privileged; ledger Interval 3(c) partly closed).,Gmail [PRIV] 18c27850bebcfe17,01-verified-facts/drive-sweep/gmail-sweep.md sec.2.4,litigation,FALSE
2024-04-01,exact (native email),Stan Xavier to Jace: 'I only completed the estate appraisal ... The estate project was paid by the client (Robyn Esraelian). I have not completed any additional appraisal work regarding the partnership and/or sale.' Jace offers to pay 50% of further work under Art. XIII.J. (A-62),Gmail 18a04a1afcfad26d,01-verified-facts/drive-sweep/gmail-sweep.md sec.2.4,valuation,FALSE
2024-04-11,exact (native email),"Susan (cc Esraelian, Ashley) asks Jace to have Ormonde respond to Esraelian's business-evaluation request sent 'a few weeks ago'; again 4/17. Our side's 2024 slack (ledger Interval 3(e)).",Gmail 18e5e28fd7d4dc25; 18eecc12448760e0,01-verified-facts/drive-sweep/gmail-sweep.md sec.2.4,litigation,FALSE
2024-05-16,exact (native email),"Ashley (cc Esraelian, Susan) chases OUR counsel for a promised business-valuation 'stipulation letter' ~30 days overdue; Jace: Ormonde unable to reach the valuation professional. Our side owned part of the 2024 stall (ledger Interval 3 caveat d).",Gmail 18f827e02a9e204b,01-verified-facts/gmail-extract.md sec.5,litigation,FALSE
2024-06-07,exact,"Ormonde recommends Donovan Trone, CFA/ASA, Director at Moss Adams, as business appraiser.",Email exhibit,"Complaint Exhibits (bound into defendants' mediation brief, Drive 1BD14JDeC0VTQGemgiFgWkjmDG-kmo7ly), Ex. L",litigation,FALSE
2024-06-07,exact,Plaintiff's counsel recommends Moss Adams as qualified business appraiser (following Reddington's death),Mediation brief,Mediation Brief p.7 (Exhibit I; NOT LOCATED),litigation,TRUE
2024-06-24,exact (native email) [PRIV],"Jace to Ormonde: 'I guess if they're not in a hurry, we're not in a hurry.' Ormonde: 'No, I'm going to start pushing harder.' (A-65)",Gmail [PRIV] 18ff42390e3a62da,01-verified-facts/drive-sweep/gmail-sweep.md sec.2.4,litigation,FALSE
2024-07-01,exact,Defendants' counsel emails re Moss Adams availability,Mediation brief,Mediation Brief p.7 (Exhibit J; NOT LOCATED),litigation,TRUE
2024-07-01,exact,Esraelian: 'Ashley has been in discussions about the appraisal with Dustin Snyder with Moss Adams. I believe Donovan is no longer with Moss Adams.',Email exhibit,"Complaint Exhibits (bound into defendants' mediation brief, Drive 1BD14JDeC0VTQGemgiFgWkjmDG-kmo7ly), Ex. M",litigation,FALSE
2024-07-08,exact,"Kubota Credit financing $34,402.50 (MX5400 tractor), applicant the Partnership, signed by Steve — borrowing without Trust-side signature during litigation run-up. A-41.",Kubota loan documents,LOANS DEEDS folder; 01-verified-facts/drive-sweep/financials-tax-banking-sweep.md sec.5,financial,FALSE
2024-07-10,exact,Defendants' counsel emails that defendants are UNILATERALLY retaining Moss Adams as business appraiser for the Hazel Trust. (Complaint Ex. N — not in workspace),Complaint,"Complaint (Ex. E to defendants' mediation brief, Drive 1BD14JDeC0VTQGemgiFgWkjmDG-kmo7ly), para 37",litigation,FALSE
2024-07-10,exact,"Esraelian: 'Susan and Ashley, as Trustees of Hazel's Trust have determined to retain Dustin Snyder of Moss Adams.' Ormonde objects the same afternoon: 'I'm kind of surprised they retained Moss Adams already. I am the one who suggested them pertaining to an agreed upon joint appraisal.' RETENTION DECISION PRECEDES ANY JACE CONVERSATION BY SIX DAYS.",Email exhibit,"Complaint Exhibits (bound into defendants' mediation brief, Drive 1BD14JDeC0VTQGemgiFgWkjmDG-kmo7ly), Ex. N",litigation,FALSE
2024-07-16,exact,"Defendants' counsel responds that defendants and JACE LEAL had agreed to use Dustin Schneider at Moss Adams. Plaintiff's counsel immediately requests a joint scoping meeting; defendants' counsel thereafter refuses to respond to phone calls. ADVERSE: our own pleading records Jace Leal, not counsel, as the channel of agreement. (Complaint Ex. N)",Complaint,"Complaint (Ex. E to defendants' mediation brief, Drive 1BD14JDeC0VTQGemgiFgWkjmDG-kmo7ly), para 37",litigation-adverse,FALSE
2024-07-16,exact,"Esraelian: 'Apparently, Ashley talked to Jace directly and Jace agreed with using Dustin from Moss Adams. We have not yet signed the engagement letter.' Ormonde objects same day: 'we also need to talk to him jointly... he would need to know the parameters of the appraisal and the terms of the buyout.'",Email exhibit,"Complaint Exhibits (bound into defendants' mediation brief, Drive 1BD14JDeC0VTQGemgiFgWkjmDG-kmo7ly), Ex. N",litigation,FALSE
2024-09-10,exact,"MOSS ADAMS REVIEW LETTER (Steven A. Klett, MAI, CA Lic. AG-026235) to Esraelian. Finds no obvious errors or omissions in either appraisal; both credible; both appraisers qualified; slight advantage to Correia-Xavier for a more detailed report. ADVERSE: 'it is not possible to conclude to a supportable indication of value as both reports are equally credible,' and notes 'the CX appraiser (hired by the potential buyer) came up with a lower value for every component.' Recommends a jointly hired third appraiser or averaging. MARKED 'FOR CLIENT USE ONLY. NOT TO BE RELIED UPON BY THIRD PARTIES.' Desk-top review; no inspection; no math check; states it is not intended to comply with USPAP.",Email exhibit,"Complaint Exhibits (bound into defendants' mediation brief, Drive 1BD14JDeC0VTQGemgiFgWkjmDG-kmo7ly), Ex. Q",valuation,FALSE
2024-09-22,exact (report date),"Edwards, Lien & Toso personal property appraisal issued (inspection 9/9/2024): cattle $3,990,000 / equipment $645,000 / feed $2,080,000 / pool quota $715,000 — 'retrospective to September 30, 2022, which was the reported date of death of Hazel J. Leal' (A THIRD death-date variant; see A-48/OI-53). Values feed Moss Adams BV Exhibit 15.",EL&T appraisal report,Drive 1j8YCVJRHiwfY51A8r998aHVTGUqugzQi; extract 01-verified-facts/drive-sweep/valuations-instruments-sweep.md sec.6,valuation,FALSE
2024-09-26,exact,"Ashley Garabedian emails Jace Leal directly, cc Esraelian: both appraisals credible per Moss Adams; proposes averaging; states 'I'm reaching out to you directly because there have been continual delays when waiting for a response from Mr. Ormonde.' Also discloses a PERSONAL PROPERTY APPRAISAL recently completed and required to finalize the business valuation — never seen in this workspace.",Email exhibit,"Complaint Exhibits (bound into defendants' mediation brief, Drive 1BD14JDeC0VTQGemgiFgWkjmDG-kmo7ly), Ex. O",litigation,FALSE
2024-09-26,exact,Defendant Ashley emails Jace Leal directly: two real property appraisals plus Moss Adams analysis finding BOTH Correia-Xavier and J. Hower credible despite the valuation gap; suggests AVERAGING the values; attributes delay to plaintiff's counsel. (Complaint Ex. O — not in workspace),Complaint,"Complaint (Ex. E to defendants' mediation brief, Drive 1BD14JDeC0VTQGemgiFgWkjmDG-kmo7ly), para 38",litigation,FALSE
2024-11-18,exact,"Moss Adams Partnership Valuation dated; concluded value $2,840,000; minority interest and discounts applied",Mediation brief,Mediation Brief p.7 (VALUATION NOT IN RECORD),valuation,TRUE
2024-11-18,exact,"Moss Adams REVIEW LETTER on the two real property appraisals: both found valid, different approaches used, and 'no errors or an improper appraisal performed by Correia Xavier.' STRONGEST FACT FOR OUR SIDE. Document is Complaint Ex. Q and is NOT in this workspace — obtain it.",Complaint,"Complaint (Ex. E to defendants' mediation brief, Drive 1BD14JDeC0VTQGemgiFgWkjmDG-kmo7ly), para 45 (Ex. Q not reviewed)",valuation,FALSE
2024-12-31,exact,"AgWest Farm Credit lines: herd line max $1,700,000, feed line max $300,000, 8.30% at 12/31/2024. LOC balance moved $913,420 (12/31/2023) to $0 (12/31/2024); cash $0 with a $99,279 bank overdraft at 12/31/2024. RELEVANT TO THE SETTLEMENT AGREEMENT PARA 11(a) $100,000-PER-30-DAY BORROWING CAP — monthly LOC statements required to assess.",Reviewed financial statement,"Manuel Leal & Son Dairy, FY2024/2023 Statements, Frazer LLP review report 2/18/2025 (Drive 1cqN3Cp2t9pMFiql2mXOYYZFZTxsSVZRm), Notes 2 and 3, balance sheet",financial-adverse,FALSE
2024-12-31,exact,"FY2024: Dairy net income $2,026,658. Allocated Steve $1,266,661 / ESTATE OF HAZEL LEAL $759,997 (62.5%/37.5%). Withdrawals charged to Estate of Hazel Leal: $73,192, including 'Personal' $70,441. Capital 12/31/2024: Steve $7,176,923 / Estate of Hazel Leal $3,218,795. NET FY2023+FY2024 ALLOCATION TO HAZEL = $426,769 after the FY2023 loss — far below the $1,617,761 claimed through Dec 2024.",Reviewed financial statement,"Manuel Leal & Son Dairy, FY2024/2023 Statements, Frazer LLP review report 2/18/2025 (Drive 1cqN3Cp2t9pMFiql2mXOYYZFZTxsSVZRm), Exhibit C",financial-adverse,FALSE
2024-12-31,exact,"Note 6 related party: JL Ag provides harvesting services to the Dairy; paid $22,102 (2024) and $13,330 (2023). No BioGas or Feedstock lease is disclosed anywhere in the FY2024/2023 statements — the only lease disclosed is a solar equipment finance lease from Farm Credit Leasing expiring October 2026.",Reviewed financial statement,"Manuel Leal & Son Dairy, FY2024/2023 Statements, Frazer LLP review report 2/18/2025 (Drive 1cqN3Cp2t9pMFiql2mXOYYZFZTxsSVZRm), Notes 5 and 6",financial,FALSE
2024-12-31,tax-year (2024 Form 1065),"2024 partnership return CONTINUES Steve 62.5 / Hazel Revocable Trust 37.5: Trust allocated $375,483 ordinary income, $82,441 cash distributions, $1,499,399 recourse-liability share — two tax years post-death. (2023 Form 1065 ABSENT from Drive — OI-48.) See post-death-profits-issue.md sec.12, A-40.",2024 Form 1065 + K-1s,Drive 19vCxylD2zSBrfXak-Ifd66TceRjkDraE; 01-verified-facts/drive-sweep/financials-tax-banking-sweep.md sec.2,financial,FALSE
2025-01-17,exact,"Ashley Garabedian emails Jace Leal the appraisals, review and valuation, cc Steve and Susan Leal: 'For clarity and simplicity, my preference is that you retain these documents and forward them to Brandon Ormonde, your attorney, at your discretion.' STRONGEST SUPPORT FOR THE WITHHOLDING ALLEGATION.",Email exhibit,"Complaint Exhibits (bound into defendants' mediation brief, Drive 1BD14JDeC0VTQGemgiFgWkjmDG-kmo7ly), Ex. P",litigation,FALSE
2025-01-17,exact,Defendant Ashley Garabedian emails appraisals and Moss Adams findings to Jace Leal,Mediation brief,"Mediation Brief pp.5, 7",litigation,TRUE
2025-01-22,exact (native email) [PRIV],"Ormonde: one 12.5% deed (APN 158-160-004) never recorded; 'I cannot find anywhere that transfers the other APN's from Hazel and Manuel to Steve and Marla.' Title risk (A-64, OI-68).",Gmail [PRIV] 19489247e0882687,01-verified-facts/drive-sweep/gmail-sweep.md sec.2.2(e),transaction,FALSE
2025-01-31,exact (QuickBooks export run date),"QuickBooks export 'Hazel Draws 9.22.22-1.31.25' totals $194,352.65 (the post-death figure in the 3/3/2025 offer) — omits ten post-death 'Cash' checks ($8,447.50) that the 7/10/2026 export and FY2023 statements include (A-70).",QB export,Drive 1HMjBSPjcexZxjwoyXSBKkOALzWY4UkH1,financial,FALSE
2025-02-13,exact (file date in name; sheets dated 2.5.25/2.13.25),"Client 'Appraisal Summary' workbook built: buyout rebuilt as $4,902,101.78 (average of CX and CX/JHA-average) − $262,592 − $194,352.65 + interest through 2/28/2025 $455,584.32 = $4,900,741.45; separate sheet shows 'excess draws −591,235' (a THIRD variant vs $591,965); loan calculators at 4% and at 8%; 'MA Valuation - Less Trees/Improvements 3,101,000' row derives the $1,162,875. Precursor to the 3/3/2025 offer.",Appraisal Summary 2.13.25 (1).xlsx,Drive 1bW44eOIrVf8csZpOjV_nbF2J8pDVILG2; extract 01-verified-facts/drive-sweep/valuations-instruments-sweep.md sec.20,valuation,FALSE
2025-02-18,exact,"Frazer LLP issues a QUALIFIED review conclusion on the FY2024/2023 statements: $1,391,112 of debt due within one year shown as long-term 'at the request of the Dairy's management,' and farming operations presented net rather than gross, both departures from GAAP.",Reviewed financial statement,"Manuel Leal & Son Dairy, FY2024/2023 Statements, Frazer LLP review report 2/18/2025 (Drive 1cqN3Cp2t9pMFiql2mXOYYZFZTxsSVZRm), Independent Accountants' Review Report",financial-adverse,FALSE
2025-02-19,exact (native email),"Jace asks AgWest 'Just for informational purposes can you quote $5,000,000 with current rates?' — 2/24: 'That would be in addition to the existing.' Six days after the 2/13/2025 buyout workbook, 12 days before the 3/3/2025 offer; $5M exceeds that offer's $4,407,509.93 gross price. Purpose per client 9/26/2026: buyout financing (CLIENT-ATTESTED; OI-70). Limits: 'informational' quote; debt-cap question under Settlement ¶7(d) (A-66).",Gmail 18ae22ec1e7ad388,adverse_analysis A-66 / readiness update; open_items OI-70,financial,FALSE
2025-02-25,exact (native email),AgWest (Averee Barcellos) sends the $5M pricing sheet ('Manuel C. Leal & Son Dairy Pricing.pdf'): variable rate lower than current mortgages 'due to the large loan amount'; 'we could refinance the current mortgages with this one.' Six days before the 3/3/2025 offer. Attachment not opened; preserve (OI-71).,Gmail 18ae22ec1e7ad388,open_items OI-71,financial,FALSE
2025-03-03,exact,"Ormonde's offer letter, $3,950,565.28, with the full computation: land $3,360,922.43 + partnership $1,046,587.50 = $4,407,509.93; less $262,592.00 excess distributions during Hazel's lifetime and $194,352.65 distributions after her death. ARITHMETIC VERIFIED. Attaches a worksheet (Ex. A) and Frazer's capital-account summary (Ex. B) — NEITHER IN THIS WORKSPACE. This is the computation behind the mislabelled 'negative capital account' allegation.",Email exhibit,"Complaint Exhibits (bound into defendants' mediation brief, Drive 1BD14JDeC0VTQGemgiFgWkjmDG-kmo7ly), Ex. R",settlement,FALSE
2025-03-03,exact,"Plaintiff's letter identifying deficiencies; buyout offer $3,950,565.28 (30% minority discount; improvements removed; Hazel's asserted negative capital account taken into account)",Mediation brief,Mediation Brief p.8 (Exhibit K; NOT LOCATED),settlement,TRUE
2025-03-12,exact,Ashley asks whether the partnership pays insurance on 'the three houses owned 100% by the Hazel J. Leal Revocable Trust'; Jace: 'Yes that's correct.' Trustees on notice of partnership-paid insurance for Trust property.,Native email (non-privileged),Gmail 1958b7b5046d2528,financial,FALSE
2025-05-23,exact,"Ormonde's second letter: recounts the history, states Moss Adams 'found no errors in that appraisal' and 'validated the findings.' NOTE: 'validated the findings' overstates Ex. Q, which expressly declined to conclude a supportable value.",Email exhibit,"Complaint Exhibits (bound into defendants' mediation brief, Drive 1BD14JDeC0VTQGemgiFgWkjmDG-kmo7ly), Ex. S",settlement,FALSE
2025-05-23,exact,"Plaintiff sends a second letter asking the status of the March 3, 2025 offer; no response received. (Complaint Ex. S — not in workspace)",Complaint,"Complaint (Ex. E to defendants' mediation brief, Drive 1BD14JDeC0VTQGemgiFgWkjmDG-kmo7ly), para 48",settlement,FALSE
2025-06-04,as-reported (native email),The 2018 settlement deed on APN 158-160-004 is recorded — nearly seven years late and after Hazel's death; PCOR altered by hand. (A-64),Gmail [PRIV] 193e675338680e09; 19572f9c8a5d31f7,01-verified-facts/drive-sweep/gmail-sweep.md sec.2.2(e),transaction,FALSE
2025-06-19,exact,"Defendants' letter rejecting offer; 'Final' counteroffer $7,359,766.00 (15% minority discount) plus $1,617,761.00 claimed unpaid partnership profit through Dec 2024",Mediation brief,"Mediation Brief pp.8, 10 (Exhibit L; NOT LOCATED). Figure printed in brief as '$7,359.766.00' — typo in our brief.",settlement,TRUE
2025-06-19,exact,"Esraelian's counteroffer, itemized: TIC buy-out $5,198,366 (using the AVERAGE of the two appraisals, $16,160,000, less a 15% minority discount); Partnership buy-out $1,162,875 — IDENTICAL TO OUR OWN FIGURE; 10% buy-out discount applied to both = $5,725,117; plus $1,617,761 unpaid partnership profit through Dec 2024 with retains and interest; PLUS an unquantified pro-rata share of BIOGAS AND FEEDSTOCK LEASE CREDITS — an issue appearing nowhere else in the record. Total $7,359,766 plus 2025 profit plus credits.",Email exhibit,"Complaint Exhibits (bound into defendants' mediation brief, Drive 1BD14JDeC0VTQGemgiFgWkjmDG-kmo7ly), Ex. U",settlement,FALSE
2025-06-20,exact,"Plaintiff sends a third letter asking the status of the offer. NOTE: crossed with defendants' rejection letter dated June 19, 2025. (Complaint Ex. T — not in workspace)",Complaint,"Complaint (Ex. E to defendants' mediation brief, Drive 1BD14JDeC0VTQGemgiFgWkjmDG-kmo7ly), para 49",settlement,FALSE
2025-06-24,exact (native email),"Ashley to Jace: review of the reports 'just finished... last week. CPA availability was limited during tax season' — confirms the 3.7-month response gap to the 3/3/2025 offer was theirs, with their stated reason (ledger Interval 5).",Gmail 194d6d7f7b24da01,01-verified-facts/gmail-extract.md sec.5,litigation,FALSE
2025-06-25,exact,"Plaintiff receives defendants' June 19, 2025 letter",Mediation brief,Mediation Brief p.8,settlement,TRUE
2025-10-06,exact (native email),"Susan: 'As partners we need access to the bank statements.' Jace sets up Citizens online access for Susan and for her new accountant (Edwards Barber), cc Ashley — documented direct bank transparency to the Trust side (answers 'funneling'/concealment). A credential was emailed in plaintext — rotate (OI-49).",Gmail 199ba32e9bd02da9,01-verified-facts/gmail-extract.md sec.4,litigation,FALSE
2025-10-16,exact,"COMPLAINT SIGNED AND FILED — Superior Court of California, County of Tulare, Visalia Division. Ten causes of action: breach of contract, breach of implied covenant, and declaratory relief against each of the Settlement Agreement, TIC Agreement and Partnership Agreement. PUNITIVE DAMAGES pleaded under Civ. Code 3294 in counts 3, 6 and 9. Prayer asks the court to order defendants to EMPLOY Correia-Xavier and Moss Adams. Clerk file stamp reads OCT 2025 (day digit illegible).",Complaint,"Complaint (Ex. E to defendants' mediation brief, Drive 1BD14JDeC0VTQGemgiFgWkjmDG-kmo7ly), signature block and clerk stamp, p.1 and p.28",litigation,FALSE
2026-00-00,NOT ESTABLISHED,DEFECT: The 998 offer itself is UNDATED — 'Dated: ______' blank on both the offer and the Request to Enter Judgment.,Document,"998 offer FINAL.pdf, signature blocks",litigation-adverse,FALSE
2026-01-21,exact,"DEFENDANTS' MEDIATION BRIEF (Thompson / Cunningham, Whitney Thompson & Jeffcoach) to Hon. Timothy R. Volkmann (Ret.), JAMS Ref. No. 7110001065. Marked CONFIDENTIAL SETTLEMENT COMMUNICATIONS - EVIDENCE CODE 1152. Attaches Settlement Agreement (Ex. A), TIC Agreement (Ex. B), Partnership Agreement (Ex. C), schedule of appraisal errors (Ex. D), and the COMPLAINT (Ex. E). Alleges breach of the $100,000 borrowing covenant, failure to keep Hazel informed, failure to distribute, and misappropriation of corporate opportunities. States no discovery has taken place, no trial date set, open-ended extension to respond to the Complaint.",Defendants mediation brief,"2026.01.21 Garabedian-Leal Mediation Brief (Drive 1BD14JDeC0VTQGemgiFgWkjmDG-kmo7ly), pp.1-5",litigation-adverse,FALSE
2026-01-21,exact,Garabedian-Leal Mediation Brief dated (Drive 1BD14JDeC0VTQGemgiFgWkjmDG-kmo7ly) — NOT YET REVIEWED,Document metadata,Drive file title and date,litigation,FALSE
2026-01-21,exact (native email),"Jace asks AgWest (Jonathan Kennedy) to update the buyout quote sheet — same date as defendants' mediation brief. Financing readiness refreshed for mediation (client attestation, OI-70).",Gmail 18ae22ec1e7ad388,open_items OI-70 item 4,financial,FALSE
2026-01-28,exact,"Mediation before Hon. Timothy Volkmann (Ret.), JAMS, 10:00 a.m.",Mediation brief,Mediation Brief caption,litigation,TRUE
2026-01-28,exact (native email; sent 4:20 PM PT),"AgWest sends 'Manuel C. Leal & Son Dairy Pricing 1.28.26.pdf' on the JAMS mediation day, repriced as 20-year principal-and-interest; amount not in email body — INDETERMINATE until the attachment is read (OI-71).",Gmail 18ae22ec1e7ad388,open_items OI-71,financial,FALSE
2026-01-29,exact (Drive timestamp),"Day after the 1/28/2026 JAMS mediation: client saves an AI-chat reply recounting mediation communications (opposing $6,000,000 demand incl. ~$1.6M EBITDA-based 'unpaid profits 2015-2022') to personal Drive. Evid. Code 1119/1152 exposure — see A-37, OI-44.",Client Drive document,"'Makes sense but the 6 million is actually instead ...', Drive 12pchHdQGaN_7pZ-XfOqAqQyw2OF-2X9ZROkIOiON5AU; extract in 01-verified-facts/drive-sweep/drafts-proposals-sweep.md",litigation,FALSE
2026-01-31,exact (Drive timestamps; wave runs 1/31-2/2),"First wave of AI-generated settlement drafts created in client's personal Drive: $4,900,000 structures (with-interest $658,345.21; WITHOUT-interest variant offering zero interest; 72-hour-ultimatum demand letter; release drafts). First appearance of the $262,592/$319,055 offset stack ($56,463 component marked 'Needs verification'). All reject historical profits incl. periods covered by the 8/30/2022-agreed $850,894.54. INTERNAL DRAFTS — never established as sent. See A-29 to A-32.",Client Drive documents (6 files),"Drive IDs in manifest, 01-verified-facts/drive-sweep/drafts-proposals-sweep.md",litigation,FALSE
2026-02-00,day-illegible,"ORIGINAL CASE MANAGEMENT CONFERENCE set by clerk stamp on the Complaint for 02-1?-2026 at 9:30 a.m. (day digit illegible). The October 13, 2026 CMC is therefore a CONTINUED date. CONFIRM THE CONTINUANCE AND ANY SCHEDULING ORDER AGAINST THE DOCKET.",Complaint,"Complaint (Ex. E to defendants' mediation brief, Drive 1BD14JDeC0VTQGemgiFgWkjmDG-kmo7ly), clerk stamp, p.1",litigation,FALSE
2026-02-12,exact (native email),"Frazer (Dan Vos) sends defendants' CPAs (Edwards & Barber) the full QuickBooks backup (.QBB, 168.5 MB), 2025 GL, depreciation, inventory, QB reports and Jace's written answers. From here on, defendants' requests seek source documents, not ledgers.",Gmail 19c5247709a41389,05-for-brandon/nikki-9-requests-kit.md sec.0,litigation,FALSE
2026-02-20,"exact (native email, verified)","Jace to AgWest: 'I will make the final payment next month for 647,038.79. We also plan on purchasing some LOL base soon and would like to finance close to the max on that parcel to help with cash flow.' The base purchase was planned before the refinance was presented to the Trust side as 'not a new capital expense' (A-59 extended).",Gmail 18ae22ec1e7ad388 (msg 19c7b7fc7ac37813),01-verified-facts/drive-sweep/gmail-sweep.md sec.2.6,financial,FALSE
2026-03-01,as-recited (internal draft; unverified),"Partnership 'forced to exhaust its primary operating line of credit to bridge' the matured Orozco balloon note 'solely to protect the land from foreclosure' — as recited in our 5/18/2026 draft letter. If accurate, a Settlement para. 11/11(a) authority analysis is required for the bridge borrowing itself. NOT independently documented. See OI-46.",Internal draft letter (recital),'Formal Cover Letter (Updated)' 5/18/2026; extract in 01-verified-facts/drive-sweep/drafts-proposals-sweep.md,financial,FALSE
2026-03-01,exact (amortization schedule),"Scheduled balloon on the Orozco heifer-ranch note: payment #180, $647,038.79 (matches Jace's 2/20/2026 email to AgWest). Payor line (feed vs herd line) unconfirmed; no payoff or reconveyance record in Drive (OI-77).",Amortization schedule,Drive 1b_jf6r-yY-nkYbKzZl6VcfDwP40n1g7l; Gmail 18ae22ec1e7ad388,financial,FALSE
2026-03-20,as-admitted (native email) [PRIV],"Partnership purchases additional Land O'Lakes production base: $600,000 ($200/unit), check to David Borges / Borges Dairy, effective 3/20/2026 — ~19 days after the 3/1 balloon bridge; funded 'with the same loan disbursement and cash flow' (the AgWest refinance). No located Trust-side approval. Later represented to opposing counsel as part of a loan that was 'not a new capital expense' (A-59, OI-67).",Gmail [PRIV] 19faef5ef5a7be1a,01-verified-facts/gmail-extract.md sec.2,financial,FALSE
2026-03-31,exact (statement run),"Milk settlement statement run in record: Apr 2025 - Mar 2026 (12 months, LOL Farm 43627, payee the PARTNERSHIP): 49,099,619 lbs, gross $8,951,536.36; CAPITAL RETAINS withheld $0.10/cwt = $49,099.64 to partnership patron account 2017201; NO line pays or earmarks Settlement para. 9's $3,000/yr to Hazel (OI-57). Also: Oct-Dec 2025 payment deferrals; Jan-Feb 2026 base assessments; monthly FCW assignments $61,914.90 + $52,500.",12 LOL milk settlement statements,Drive folder 1y-xw9HRGCmHwvsCQSyWk8te6sXsBBlsQ; extract 01-verified-facts/drive-sweep/milk-and-manifest-sweep.md Part 1,financial,FALSE
2026-04-21,exact (native email),"Jace to AgWest: 'We purchased 3000 gallons. Out total now is 17500 gallons' (maximum loan elected 4/17: 'We will go with the maximum at 20 year term'). No partner-approval request located. (A-59, OI-67)",Gmail 19db09d241668812; 19c8c7421b2c222d,01-verified-facts/drive-sweep/gmail-sweep.md sec.2.6,financial,FALSE
2026-05-01,exact (Drive timestamps),"Second wave of 998 drafts created: $5,000,000 structure ($5,671,780.82 total), then $4,700,000 structure — FIRST appearance of $5,705,257.43 total, stated INSIDE the draft offer documents (contrast the served S-1, which contains no sum — memo 6.15). Non-monetary conditions (LLA, well, easements, life estate) embedded from first draft. 'Timeline of Delay' fee-motion doc also created (six of its seven events conflict with or are absent from this chronology — OI-45). INTERNAL DRAFTS.",Client Drive documents (7 files),"Drive IDs in manifest, 01-verified-facts/drive-sweep/drafts-proposals-sweep.md",litigation,FALSE
2026-05-01,exact (draft date) [PRIV?],"Client 'CPA Rebuttal' drafts state a ranch mobile home is 'rented to a third party for cash' paying the hoof trimmer and that this 'bypasses the formal ledger'; also that 505000 Cash draws were hoof-trimmer payments split 60/40 Steve/Hazel. No transmission outside counsel located (A-68, A-69).",Client draft,Drive 1es0vqG5m8UTenVKViRUxrFGh4G5VH4bo,litigation,FALSE
2026-05-03,exact (native email),Jace notifies Susan + Ashley: heifer-ranch balloon due; refinancing with AgWest; DocuSign coming.,Gmail 19def96a506c44aa,01-verified-facts/gmail-extract.md sec.2,financial,FALSE
2026-05-04,exact (Drive timestamps),"Third wave: 998 + release + counsel-letter drafts naming 'Ashley Susan Garabedian'; offset changes to $332,606.12 'through May 4, 2026'; interest still stated $677,830.41 (the through-5/1 figure, unrefreshed); letter version asserts '90% contractual buyout discount and a 25% minority interest discount on the real property.' INTERNAL DRAFTS.",Client Drive documents (4 files),"Drive IDs in manifest, 01-verified-facts/drive-sweep/drafts-proposals-sweep.md",litigation,FALSE
2026-05-04,"exact (native email; accountant, not privileged on its face)",Jace to Frazer re Edwards & Barber's 4/30/2026 request list: 'Instead of just answering these I think we're going to send them a final offer.' The 4/30 list went unanswered. ADVERSE on delay (kit sec.2).,Gmail 19c5247709a41389,05-for-brandon/nikki-9-requests-kit.md sec.2,litigation,FALSE
2026-05-05,as-quoted (Ormonde 5/18 email),"Cunningham to Ormonde requests 'an explanation of the purpose of the documents my clients are being asked to sign... provide copies of the note, any loan activity, etc.' — the request our side had not answered by 5/18. Same email (per sweep, 19dfa64472f3410a): 'We weren't aware of this loan and will need more information before my clients will feel comfortable signing anything on this.'",Gmail 19e2d918e69961b7 (quoted),01-verified-facts/gmail-extract.md sec.2,litigation,FALSE
2026-05-15,exact (native email),Jace to Susan + Ashley: 'were there any other questions I could answer about the loan?' Susan's reply (cc Cunningham): 'Our team posed our concerns and questions to Brandon a week and a half ago and we have not received an answer. Brandon stated that your dad hadn't got back to him' — the May AgWest delay was substantially on OUR side's documents (ledger Interval 8 corrected).,Gmail 19e2d918e69961b7,01-verified-facts/gmail-extract.md sec.2,litigation,FALSE
2026-05-16,exact (native email),"Jace to Susan cc Cunningham + Ashley: the AgWest loan is 'a routine, operational rollover of an existing partnership liability, not a new capital expense or investment' — repeated verbatim by Ormonde to Cunningham 5/18 10:10 AM. Contradicted by the 7/29-8/1 loan-file facts ($1.105M note vs $651,937 balloon; $600K base purchase). A-59.",Gmail 19e2d918e69961b7,01-verified-facts/gmail-extract.md sec.2,litigation,FALSE
2026-05-18,exact (native email),"11:16 AM: Cunningham to Ormonde (VERBATIM, native email): 'Can you please provide the original documents that show the balloon payment due in 2026 that this new loan is to be refinancing? We were not aware of a balloon payment due in 2026... From there, I will discuss with my clients and circle back asap.' A document request — not the denial our 5/18 draft letter set out to 'refute.' Same day 8:50 AM: 'we still have not received the loan documents or answers to the questions I sent several weeks ago.' See A-59, ledger Interval 8 correction.",Gmail 19e2d918e69961b7 (forwarded by Ormonde),01-verified-facts/gmail-extract.md sec.2,litigation,FALSE
2026-05-18,exact (Drive timestamps 16:12-20:17),"Four cover-letter drafts for a $5,750,000 FLAT LUMP-SUM 998 offer created; final version fully addressed to Niki Cunningham, Esq., Wild Carter & Tipton, and signed 'Brandon M. Ormonde, Esq.' ($5,705,257.43 'Strict Contractual Baseline' + $44,742.57 'rounding premium'). The enclosure (the offer itself) NOT located. SERVICE NOT ESTABLISHED — OI-41, THE threshold 998 question. If served, the 7/2/2026 offer is a $44,742.57 REDUCTION (memo 6.14; R1 Addendum 2). FIRM-NAME NOTE (8/18/2026): defense counsel of record is Whitney Thompson & Jeffcoach — 'Wild, Carter & Tipton' is not in the case; the drafts' addressee mismatch is evidence they were never served (OI-41 update). UPDATE 9/26/2026: native email shows Jace sent the .docx to Ormonde 5/18/2026 ('I updated the total offer and added some detail. Feel free to make whatever changes you like') and Ormonde was still drafting the 998 on 6/16/2026 — CLIENT DRAFT, NOT SERVED (strong inference; OI-41).",Client Drive documents (4 files),Drive IDs 12jDIxClD7gT793NZp0hFH8Prsa2oWW8UnxZUNNew1uM / 12LYdTj8ChqW6Crds-_vPpCveUGvJiJID6wqQoZ5nnz0 / 10ymulgEcqUhE5AsjKl2KelrmCqcdq4tZ / 1_PVcJQTx2bC53F4LklER7tN83_k7lSovwJk5AoHXevA; extracts in 01-verified-facts/drive-sweep/drafts-proposals-sweep.md,litigation,FALSE
2026-05-21,exact (Drive timestamps),"Leal Land Holdings, LLC planning documents created: 160-acre acquisition strategy/term sheet ($3,360,000; LLC of Jace/Steve/Jordan; lease-back to dairy; states Partnership 'CANNOT take title... due to the ongoing 998 buyout litigation') + two P&Ls, one funding $500,000 of the down payment via 8% 'Feed Line' draw. Settlement para. 11/11(a) and Art. VIII.A/IX.A exposure — see A-36, OI-43. INTERNAL PLANNING DOCS; whether anything proceeded is UNKNOWN.",Client Drive documents (3 files),"Drive IDs in manifest, 01-verified-facts/drive-sweep/drafts-proposals-sweep.md",transaction,FALSE
2026-06-16,exact (native email) [PRIV],"Ormonde to Jace (cc Steve, Jordan): 998 deliberately confined to the complaint's specific-performance relief; numeric offer to go in a separate settlement letter — explains the no-monetary-term 998 as a researched design (corrects memo 6.15; R1 Addendum 3). Jace: 'sounds like a great plan.' Also shows the 998 was still being drafted a month after the 5/18 client draft.",Gmail [PRIV] 19ed33e5a03baa31,01-verified-facts/gmail-extract.md sec.3,litigation,FALSE
2026-06-19,exact (native email) [PRIV],"Ormonde forwards another defense document request ('continued fishing expedition'); Jace: 'We won't be providing anything at this time,' then 'You can send them my responses to the previous requests.' Contrast the 7/2/2026 letter's 'my client has willingly provided all documents requested' (A-61).",Gmail [PRIV] 19e520327ff01020,01-verified-facts/gmail-extract.md sec.3,litigation,FALSE
2026-06-19,exact (native email),Cunningham to Ormonde: the nine-item document request (cash sales; calves; Prime Cattle receipts; 5Leal; QB 505000; contributions since 2015; post-death donations; Bypass capital transfer; 2026 balloon/AgWest proof). Asks that the client's CPA respond.,Gmail 19e520327ff01020 (quoted),05-for-brandon/nikki-9-requests-kit.md,litigation,FALSE
2026-07-02,exact,"Cover letter from Brandon M. Ormonde to Niki Cunningham: alternative monetary settlement offer $5,705,257.43 (principal $4,700,000 + Bypass income $327,427.02 + interest $677,830.41 @4%); conditioned on immediate cessation of partnership-funded personal expenses and draws; open 30 days. NOTE: page-2 running header misdated 'January 2, 2024'.",Correspondence,2026-7-2 BMO Atty Cunningham Ltr.pdf (1nnHz4PJtMz7wv-6b1GGwpV-0CT7Xq4we),settlement,FALSE
2026-07-08,"exact (letter date, counsel-file copy)","Previously unknown SECOND monetary letter: Ormonde to Cunningham under an Evidence Code 1152 header — 'Concurrent with this offer, we are delivering a C.C.P. 998 offer that is consistent with the specific performance requested in the complaint. As an alternative,' a monetary settlement offer of $5,705,257.43 for the Trust's partnership + real property interests 'with a release of all other claims by all parties (Civ. 1542).' Establishes the deliberate two-track architecture (998 = specific performance; money = 1152 letter). Page 2+ ('Valuation and Interest Reconciliation') not yet produced (OI-1).","7/8/2026 letter (counsel-file COPY, client scan 8/18/2026)",01-verified-facts/998-as-served-extract.md (S-14),litigation,FALSE
2026-07-09,"documented (transmittal letter, counsel-file copy)","998 offer transmitted to defense counsel: Ormonde Rascon transmittal letter dated 7/9/2026 to Niki Cunningham, Whitney Thompson & Jeffcoach ('Enclosed is the 998 Offer'), service stated as U.S. MAIL and VIA EMAIL (ncunningham@wtjlaw.com). AS-SERVED PROOF OF SERVICE STILL NOT LOCATED — the POS, signature page, and acceptance-form pages remain outstanding (OI-1). The served text DIFFERS from the Drive '998 offer FINAL.pdf' (see extract); served caption bears wrong case number VCU3627028.","Transmittal letter (counsel-file COPY, client scan 8/18/2026)",01-verified-facts/998-as-served-extract.md (S-14),litigation,FALSE
2026-07-15,exact (native email),"Frazer (Mike Edwards) answers items 6 and 8 to Ormonde and Vieira: contributions recap plus GL detail (no cancelled checks); Manuel's trust with SIXTH C.3 highlighted, Bypass balance $821,249 moved to Steve. Whether it was forwarded to Cunningham is UNCONFIRMED (she reports no response on 6/8).",Gmail 19f24f22912e7e74,05-for-brandon/nikki-9-requests-kit.md sec.0,litigation,FALSE
2026-07-29,exact (native email),"Cunningham (reviewing AgWest's final loan file) asks why the new note is $1,105,000 vs the $651,937 maturing balance (~$453,063 difference) and asks to confirm the new $3M facility caps total borrowing. Our side answers (7/29-8/1) that the difference funded the $600K LOL base purchase. A-59.",Gmail 19faef5ef5a7be1a,01-verified-facts/gmail-extract.md sec.2,litigation,FALSE
2026-08-01,computed,"Cover letter's own 30-day window expires (30 days from July 2, 2026 letter date). COMPUTATION ONLY — legal effect addressed in R1.",Computation,Derived from 2026-7-2 BMO Atty Cunningham Ltr.pdf,computed-deadline,FALSE
2026-08-08,computed,CCP 998(b)(2) 30-day period expires if service occurred 7/9/2026 (30 calendar days). COMPUTATION ONLY.,Computation,Derived from reported 7/9/2026 service date,computed-deadline,FALSE
2026-08-11,as-reported (native email) [PRIV],"AgWest refinance 'signed and approved' — defendants signed after receiving the base-purchase documentation they requested 7/31 ('With that, my clients are ready to sign').",Gmail [PRIV] 19faef5ef5a7be1a,01-verified-facts/gmail-extract.md sec.2,financial,FALSE
2026-08-13,computed,"CCP 998(b)(2) period as extended by CCP 1013 five-day mail extension, IF that extension applies to 998 acceptance (contested — see R1). COMPUTATION ONLY. UPDATE 8/18: service was by MAIL AND EMAIL (7/9 transmittal); an e-service variant (CCP 1010.6, if applicable) computes to 8/12; the 30-day/court-day floor computes to 8/10. ALL variants expired before 8/18. See R1 Addendum 3.",Computation,Derived from reported 7/9/2026 service date,computed-deadline,FALSE
2026-08-18,exact,Date of this workspace. ALL COMPUTED 998 ACCEPTANCE WINDOWS ABOVE HAVE PASSED under every method of computation.,Workspace,Prepared 2026-08-18,computed-deadline,FALSE
2026-08-18,exact (manifest timestamps),"PRESERVATION EVENTS, day of this workspace's Drive sweeps: (1) 'LEAL DAIRY' tree (768 MB, 760 files) created, duplicating the Trust Administration financials file-for-file plus ~50 operations files; (2) 'important numbers.xlsx' (credentials list; both tree copies) DELETED from Drive between ~11:45 UTC enumeration and later read attempt — restore from trash, preserve, rotate credentials, written litigation hold (OI-56, A-51). The finance agent read the file before deletion; its nature is documented.",Master manifest + live re-listing,master-manifest.csv; 01-verified-facts/drive-sweep/milk-and-manifest-sweep.md secs. 2.2-2.3,litigation,FALSE
2026-08-24,NOT ESTABLISHED,"Escrow closing. NO ESCROW FILE, INSTRUCTIONS, OR CONFIRMATION IN RECORD. Date is a tasking input only.",No source,No responsive document located,transaction,FALSE
2026-09-01,scheduled (confirm made),"Final scheduled SIXTH A(2) payment (#120 of 120, $1,655) to Susan Leal. PAYMENT STATUS TO BE CONFIRMED — OI-64 item 1; her email assumes it 'is made in the same amount.'",Susan Leal email (screenshot),Same source; OI-64,financial,FALSE
2026-09-15,deadline,DEADLINE: materials to litigation counsel,Tasking instruction,Workspace tasking,deadline,FALSE
2026-09-15,exact,"[UPDATED 10/1/2026: client attests the payments go to the TRUSTEES (CLIENT-ATTESTED; ACH proof pending, OI-88) — answers 'the Trust has received nothing'.] Last of 48 automatic $6,000 'Hazel Leal' payments coded 725000 Partners Salaries since 10/15/2022 — $288,000 post-death (calc); payee account unknown (A-70 update).",Bank register,Citizens QuickBooks register (Drive 1XhazEklYhxAH27FlpuY6IqHSMEZ1muvR),financial-adverse,FALSE
2026-09-24,received (header date not established),"Susan Leal emails the client side DIRECTLY (second documented instance of the represented-party-bypasses-counsel pattern; cf. Ashley 1/17/2025): claims trust's written-out amount is $1,665 vs parenthetical $1,655 and 'stated economic terms' of $150,000 @ 6% x 120 months; demands $1,689.19 residual by 10/1/2026. Math verified exact ON HER PREMISE; her own bullet list contradicts the premise ('Payment stated in words: $1,655'). Her quotations PROVE defendants hold the complete Manuel Living Trust — the #2 missing instrument. A-58 / OI-64.",Susan Leal email (screenshot),01-verified-facts/2026-09_susan-leal-final-payment-email.png,litigation,FALSE
2026-09-25,exact,"COMPLETE Manuel C. Leal Living Trust (original 2/14/2005) produced into the Drive — retrieval item 12 resolved. Resolves: Susan-annuity construction (supports her $1,689.19 on 2 of 3 indicators — OI-64); Bypass remainder 100% to Steve (SIXTH C.3 — validates the 1/1/2023 7.5% transfer; ends the 'Steve and Susan' MS-account theory as to Susan); adds the 2005 75%-retains admission (A-28 set).",Manuel Leal Trust (PDF),Drive 1RF6LFAfyDDXwDxRSliHUMqqo-KNjYPrZ,estate,FALSE
2026-09-28,exact (native email),Ormonde forwards Cunningham's status on the nine requests (items 1-3 and 5 insufficient; 6-9 'no response'; 4 resolved). No second mediation day before the CMC; 'we will plan to file our answer and cross-complaint per Judge Mathias's comments at the last CMC' — that CMC is not otherwise in this record.,Gmail 1a0e8bb75c0a0a1c,05-for-brandon/nikki-9-requests-kit.md; OI-73,litigation,FALSE
2026-09-30,exact,"Check #42765 to Susan Leal $1,689.19 'Last Payment' (510000 Capital - Steve) — closes monthly $1,655 payments charged to Steve's capital since 11/16/2016 (register corroboration of A-58).",Bank register,Citizens QuickBooks register (Drive 1XhazEklYhxAH27FlpuY6IqHSMEZ1muvR),estate,FALSE
2026-10-13,deadline,CASE MANAGEMENT CONFERENCE,Tasking instruction,Workspace tasking — CONFIRM AGAINST COURT DOCKET,deadline,FALSE
