path,drive_id,mimeType,modifiedTime,sizeBytes
Leal Trust Administration Litigation,1OPEaGuRzWRj8tXC8qmeV4qbwWUMYpIVW,application/vnd.google-apps.folder,2026-08-18,
Leal Trust Administration Litigation/Land Acquisition,1vwHwHrRvMxcpOCbyxeX1kGaABI4HzpCN,application/vnd.google-apps.folder,2026-06-17T03:00:48.661Z,
Leal Trust Administration Litigation/Land Acquisition/160-Acre Acquisition Strategy & Term Sheet,1hx9lfKBHiyLEPpaW9_ewryiHuMMme1--9WvutTegnMc,application/vnd.google-apps.document,2026-05-21T18:01:18.208Z,6180
"Leal Trust Administration Litigation/Land Acquisition/Leal Land Holdings - P&L (33 Tons, $500k Feed Line)",1s05YngoS1vg0-jh4myWR4189-tQy1bsoXEZ8-1B2VM0,application/vnd.google-apps.spreadsheet,2026-05-21T18:18:46.733Z,1143
"Leal Trust Administration Litigation/Land Acquisition/Leal Land Holdings, LLC - Projected P&L (30 Tons @ $75)",1tWyCOpuB5ay5B2sw6nPrb9kgTvQG9VD8SmU1BC3lq4Y,application/vnd.google-apps.spreadsheet,2026-05-21T18:06:31.952Z,1057
Leal Trust Administration Litigation/LEAL DAIRY,18iKM4vcGn84IOuGl6qyGdJ0gSDRY87ih,application/vnd.google-apps.folder,2026-08-18T11:45:48.101Z,
Leal Trust Administration Litigation/LEAL DAIRY/1773591.pdf,1j9hGok-KE1e8pqP5l3LXL5Hk4Fvfpjxq,application/pdf,2026-08-06T14:04:42Z,1947729
Leal Trust Administration Litigation/LEAL DAIRY/2008_Annual_Report.xls,1KwJirgVxujTAZkz4kjrm-DNTHxEQZJZs,application/vnd.ms-excel,2009-08-26T17:28:44Z,1154560
Leal Trust Administration Litigation/LEAL DAIRY/2012 prepay.xlsx,1MkhiA40joFOvy8W_IQjzMrvgR1Nlrkyf,application/vnd.openxmlformats-officedocument.spreadsheetml.sheet,2012-11-08T18:10:19Z,12392
Leal Trust Administration Litigation/LEAL DAIRY/2012 Wheat.xlsx,1zcO1Q-hYa_snbBjxKfAwyX2MXCtmI7OZ,application/vnd.openxmlformats-officedocument.spreadsheetml.sheet,2012-05-05T18:09:18Z,13794
Leal Trust Administration Litigation/LEAL DAIRY/AIR BOARD DAIRY PERMIT CALC.xlsx,1z-j7yAtbXa4M_pD9cMljNh-pUm7anAPi,application/vnd.openxmlformats-officedocument.spreadsheetml.sheet,2013-08-14T21:32:12Z,13072
Leal Trust Administration Litigation/LEAL DAIRY/AIR BOARD VIOLATION.docx,1kfPB6DglAFyA2_OtwpJb-JNFfCb2NAO-,application/vnd.openxmlformats-officedocument.wordprocessingml.document,2013-09-11T22:19:45Z,10870
Leal Trust Administration Litigation/LEAL DAIRY/APN DESCRIPTIONS.xlsx,1dbN7hiHHGU-ZRixVqMqRbGri9-8tl0sf,application/vnd.openxmlformats-officedocument.spreadsheetml.sheet,2023-08-21T20:03:02Z,22250
Leal Trust Administration Litigation/LEAL DAIRY/BST formula.xls,1igIwJwhIhicukleUYmc0OcI2bpXaPOBo,application/vnd.ms-excel,2017-10-27T16:13:18Z,26112
Leal Trust Administration Litigation/LEAL DAIRY/CIH.xlsx,1ikHuTZjn7PSb-ptvBwDLUrDtcoETvPME,application/vnd.openxmlformats-officedocument.spreadsheetml.sheet,2011-10-11T20:20:29Z,16501
Leal Trust Administration Litigation/LEAL DAIRY/Copy of database_dump-1.xls,18evHuUEGOjVvGmf9PGZ8A4LutUk1GR8g,application/vnd.ms-excel,2012-06-04T21:50:31Z,123904
Leal Trust Administration Litigation/LEAL DAIRY/Copy of Nutrient Budget -  pg 12 - ver 13 blank (2).xls,13LXi_o2rX7zuHYgz_fktWv3xQAtyzUnE,application/vnd.ms-excel,2012-06-04T21:50:40Z,169984
Leal Trust Administration Litigation/LEAL DAIRY/cottonseed.xlsx,1I-MCkzlYsuV9jcZrI5ldPQGMsEoE6pah,application/vnd.openxmlformats-officedocument.spreadsheetml.sheet,2012-08-03T20:12:53Z,15476
Leal Trust Administration Litigation/LEAL DAIRY/COUNTY DAIRY PERMIT CALC.xlsx,1nemZSne1xZRHo9SKDJyLWlyprFyACIdj,application/vnd.openxmlformats-officedocument.spreadsheetml.sheet,2013-03-04T20:58:39Z,13649
Leal Trust Administration Litigation/LEAL DAIRY/crops 2010-2011.xlsx,1O-T9GeKo6gPpFUZ_b9qZruf3jLXWFjFA,application/vnd.openxmlformats-officedocument.spreadsheetml.sheet,2012-04-13T17:46:23Z,16466
Leal Trust Administration Litigation/LEAL DAIRY/CWT.xlsx,1FI4r9-nnguj3jSWsck5B2lsCVnbvYjPE,application/vnd.openxmlformats-officedocument.spreadsheetml.sheet,2010-04-27T16:37:29Z,19141
Leal Trust Administration Litigation/LEAL DAIRY/dmbcalculator.exe,1bmtq06ojlEGcUOGtoQDhpHzhFlkmL-Pj,application/x-msdos-program,2011-05-09T23:49:30Z,28672
Leal Trust Administration Litigation/LEAL DAIRY/edison application.pdf,1A5S4GtYsxtbvS6jMzGN0bn5o6cZi2wk1,application/pdf,2011-02-28T21:05:55Z,8120
Leal Trust Administration Litigation/LEAL DAIRY/feed truck.jpg,1AXgUQ36vR3qsYyzxqRmMDXM0wQ6b2Lmm,image/jpeg,2013-01-02T17:22:43Z,1803264
Leal Trust Administration Litigation/LEAL DAIRY/hay cuts 2012.xlsx,17DiQV_bt5SDZSWxFDgWKO64F6EupswKv,application/vnd.openxmlformats-officedocument.spreadsheetml.sheet,2012-11-01T00:07:34Z,12130
Leal Trust Administration Litigation/LEAL DAIRY/Hay vendor Statement.xlsx,14LoKZqHZQu7mGJUZqyXx_3tauRoftKn6,application/vnd.openxmlformats-officedocument.spreadsheetml.sheet,2026-07-27T16:28:17Z,14116
Leal Trust Administration Litigation/LEAL DAIRY/Hay Vendor2.xlsx,1Cg9NN8eo-wMeyAhXsJ_JeNHi5dJyiTZ1,application/vnd.openxmlformats-officedocument.spreadsheetml.sheet,2016-01-20T23:21:15Z,53047
Leal Trust Administration Litigation/LEAL DAIRY/heifer ranch budget.xlsx,1zOpRxCVCUAuAsnI50FZ7s1mtzLSAp56f,application/vnd.openxmlformats-officedocument.spreadsheetml.sheet,2012-03-09T20:39:29Z,30660
Leal Trust Administration Litigation/LEAL DAIRY/LEAL Budget 6.21.17.xlsx,1sWOq52qLl-DEiTgfpDR7GA8FfLbg6dbE,application/vnd.openxmlformats-officedocument.spreadsheetml.sheet,2017-06-21T18:45:54Z,153563
Leal Trust Administration Litigation/LEAL DAIRY/LEAL Budget Current.xlsx,1QC7ue1_HjwHEO8_LCGx6iIdkpNrRf577,application/vnd.openxmlformats-officedocument.spreadsheetml.sheet,2026-05-02T05:53:08Z,121207
Leal Trust Administration Litigation/LEAL DAIRY/LEAL Budget pre 3.11.16.xlsx,1z21UVqjxiupjWaWMICp3p_x5BnX-ttHT,application/vnd.openxmlformats-officedocument.spreadsheetml.sheet,2016-03-11T19:52:17Z,153215
Leal Trust Administration Litigation/LEAL DAIRY/Leal Dairy W9.pdf,1lnuAzEUeQhULnlxsaEMRpnFXBBW-W1wD,application/pdf,2011-04-01T15:02:56Z,1272321
Leal Trust Administration Litigation/LEAL DAIRY/Leal Farms.xlsx,17gtlZf2aWTCSmIPyP3iI6uGiWvexwNDO,application/vnd.openxmlformats-officedocument.spreadsheetml.sheet,2023-09-16T19:21:15Z,2799228
Leal Trust Administration Litigation/LEAL DAIRY/LEAL TRUST PARTNERSHIP FINANCIALS,1ixQi4cYfROV0d6fzqbjZyzkl-WEIog8b,application/vnd.google-apps.folder,2026-08-18T11:45:48.474Z,
Leal Trust Administration Litigation/LEAL DAIRY/LEAL TRUST PARTNERSHIP FINANCIALS/1Citizens Statements 10623,1eYehwUmedRpReT7JTpTeqiUzrsf2YmpW,application/vnd.google-apps.folder,2026-08-18,
Leal Trust Administration Litigation/LEAL DAIRY/LEAL TRUST PARTNERSHIP FINANCIALS/1Citizens Statements 10623/2017,1KqZuUeJyXPzF1uUdGI34JECWNWMhVpgZ,application/vnd.google-apps.folder,2026-08-18,
Leal Trust Administration Litigation/LEAL DAIRY/LEAL TRUST PARTNERSHIP FINANCIALS/1Citizens Statements 10623/2017/2017 10.31.pdf,1x8-rXTuO-juv2aOHAZ2jNpvXoVwlcopO,application/pdf,2017-11-02,250560
Leal Trust Administration Litigation/LEAL DAIRY/LEAL TRUST PARTNERSHIP FINANCIALS/1Citizens Statements 10623/2017/2017 11.30.pdf,1W8E6jiKM1HJDdueRBQ3UHxqHTUfYDGdX,application/pdf,2017-12-04,259233
Leal Trust Administration Litigation/LEAL DAIRY/LEAL TRUST PARTNERSHIP FINANCIALS/1Citizens Statements 10623/2017/2017 12.31.pdf,1aNJVQFUaOlhKFOu0cxzFiwYew8gWDjKh,application/pdf,2018-01-07,229348
Leal Trust Administration Litigation/LEAL DAIRY/LEAL TRUST PARTNERSHIP FINANCIALS/1Citizens Statements 10623/2017/2017 3.31.pdf,1a9mPKECjusoxLFZ86D0e6N32Oq_bbwvk,application/pdf,2017-06-19,245671
Leal Trust Administration Litigation/LEAL DAIRY/LEAL TRUST PARTNERSHIP FINANCIALS/1Citizens Statements 10623/2017/2017 4.30.pdf,1K6hcnlsSkYZcs8PtC1rkt4-zi6kqAWdI,application/pdf,2017-06-19,221587
Leal Trust Administration Litigation/LEAL DAIRY/LEAL TRUST PARTNERSHIP FINANCIALS/1Citizens Statements 10623/2017/2017 5.31.pdf,16NyeqQfbjCmw5mqYo4zgNqfvBFgt3ALE,application/pdf,2017-06-19,245383
Leal Trust Administration Litigation/LEAL DAIRY/LEAL TRUST PARTNERSHIP FINANCIALS/1Citizens Statements 10623/2017/2017 6.30.pdf,1ENDL9cgRWLt9SsxUWLt82K0Lf-ZedV5V,application/pdf,2017-07-03,224241
Leal Trust Administration Litigation/LEAL DAIRY/LEAL TRUST PARTNERSHIP FINANCIALS/1Citizens Statements 10623/2017/2017 7.31.pdf,17PB9iXLPtMOD8zPe_5WG3IYA7l_Evizu,application/pdf,2017-08-04,214180
Leal Trust Administration Litigation/LEAL DAIRY/LEAL TRUST PARTNERSHIP FINANCIALS/1Citizens Statements 10623/2017/2017 8.31.pdf,1G4vmtMPwukywNxBOGAh02yXlB9pQ9Z8q,application/pdf,2017-09-06,312237
Leal Trust Administration Litigation/LEAL DAIRY/LEAL TRUST PARTNERSHIP FINANCIALS/1Citizens Statements 10623/2017/2017 9.30.pdf,1kaDyWO52zmtsh61cGVEpJyZxlDBmEdlf,application/pdf,2017-10-06,251562
Leal Trust Administration Litigation/LEAL DAIRY/LEAL TRUST PARTNERSHIP FINANCIALS/1Citizens Statements 10623/2017/reconcile 10.31.17.pdf,1fWCn5GUKPPn0lyDQqLA7B2Dh_yZPJt_o,application/pdf,2017-11-02,33175
Leal Trust Administration Litigation/LEAL DAIRY/LEAL TRUST PARTNERSHIP FINANCIALS/1Citizens Statements 10623/2017/reconcile 11.30.17.pdf,12tBj-YIlKRQn6rReBMO0t7Pgiciv7ghn,application/pdf,2017-12-04,79080
Leal Trust Administration Litigation/LEAL DAIRY/LEAL TRUST PARTNERSHIP FINANCIALS/1Citizens Statements 10623/2017/reconcile 12.31.17.pdf,1Z4LRqkBbFnqNiCCraYMkfY4-pvK6dwwn,application/pdf,2018-01-07,77795
Leal Trust Administration Litigation/LEAL DAIRY/LEAL TRUST PARTNERSHIP FINANCIALS/1Citizens Statements 10623/2017/reconcile 6.30.17.pdf,1VbZwKyLWCf_zLa3r4oiLGZtRwl2ekA8b,application/pdf,2017-07-03,73293
Leal Trust Administration Litigation/LEAL DAIRY/LEAL TRUST PARTNERSHIP FINANCIALS/1Citizens Statements 10623/2017/reconcile 7.31.17.pdf,12JkwnaJIb8KDlDuYEmi5twIiy7GOSVue,application/pdf,2017-08-04,80245
Leal Trust Administration Litigation/LEAL DAIRY/LEAL TRUST PARTNERSHIP FINANCIALS/1Citizens Statements 10623/2017/reconcile 8.31.17.pdf,1KSuAJo7Fk8c_e6Q_KK97UvFdsaGAndFL,application/pdf,2017-09-06,82788
Leal Trust Administration Litigation/LEAL DAIRY/LEAL TRUST PARTNERSHIP FINANCIALS/1Citizens Statements 10623/2017/reconcile 9.30.17.pdf,1H5DMcXMsguzAPsdqjrEMyotj0mc9JKt-,application/pdf,2017-10-06,32975
Leal Trust Administration Litigation/LEAL DAIRY/LEAL TRUST PARTNERSHIP FINANCIALS/1Citizens Statements 10623/2017/reconciliation 10.31.17.pdf,1ayoGuPStcunYWjMhZ-_uEDsk6ahL7Pyd,application/pdf,2017-11-02,78167
Leal Trust Administration Litigation/LEAL DAIRY/LEAL TRUST PARTNERSHIP FINANCIALS/1Citizens Statements 10623/2017/reconciliation 11.30.17.pdf,1vT6rhCey6mYbQIq_BJ4eBJLJOkPxVTQ9,application/pdf,2017-12-04,33214
Leal Trust Administration Litigation/LEAL DAIRY/LEAL TRUST PARTNERSHIP FINANCIALS/1Citizens Statements 10623/2017/reconciliation 12.31.17.pdf,1Ke7D76OeCuiQ_6pCEp7CyQUtyPZYVcQe,application/pdf,2018-01-07,32666
Leal Trust Administration Litigation/LEAL DAIRY/LEAL TRUST PARTNERSHIP FINANCIALS/1Citizens Statements 10623/2017/reconciliation 5.31.17.pdf,1xG0hAy5_1_bHQQukC_dhPbnk7bCmHQdR,application/pdf,2017-06-19,32675
Leal Trust Administration Litigation/LEAL DAIRY/LEAL TRUST PARTNERSHIP FINANCIALS/1Citizens Statements 10623/2017/reconciliation 6.30.17.pdf,186poGOqs1bCd6Bppd-GtsvnFOzJ1xvEI,application/pdf,2017-07-03,31871
Leal Trust Administration Litigation/LEAL DAIRY/LEAL TRUST PARTNERSHIP FINANCIALS/1Citizens Statements 10623/2017/reconciliation 9.30.17.pdf,1RXOCqr7wmD49_ruOX1ivfcDnMXMhrV9i,application/pdf,2017-10-06,80333
Leal Trust Administration Litigation/LEAL DAIRY/LEAL TRUST PARTNERSHIP FINANCIALS/1Citizens Statements 10623/2018,1TKJfUhiCigjSRhi-NDrTIeZ1_ofR6fs4,application/vnd.google-apps.folder,2026-08-18,
Leal Trust Administration Litigation/LEAL DAIRY/LEAL TRUST PARTNERSHIP FINANCIALS/1Citizens Statements 10623/2018/2018 1.31 reconcile.pdf,1dpCtcOm-xDRSY6CU0T_KugwT1zi-DeXC,application/pdf,2018-02-08,32927
Leal Trust Administration Litigation/LEAL DAIRY/LEAL TRUST PARTNERSHIP FINANCIALS/1Citizens Statements 10623/2018/2018 1.31 reconciliation.pdf,128isbTAH7tPEuOnIfXTUk6SHEywU_UA5,application/pdf,2018-02-08,79460
Leal Trust Administration Litigation/LEAL DAIRY/LEAL TRUST PARTNERSHIP FINANCIALS/1Citizens Statements 10623/2018/2018 1.31.pdf,1LkzvLfgHn8yJ57EJrKP_x0fDDN27E2pw,application/pdf,2018-02-08,252002
Leal Trust Administration Litigation/LEAL DAIRY/LEAL TRUST PARTNERSHIP FINANCIALS/1Citizens Statements 10623/2018/2018 10.31 reconciliation detail.pdf,1Z0287tgw9-ojCgyYnTKKNKvlDdGSQwud,application/pdf,2018-11-15,82400
Leal Trust Administration Litigation/LEAL DAIRY/LEAL TRUST PARTNERSHIP FINANCIALS/1Citizens Statements 10623/2018/2018 10.31 reconciliation summary.pdf,1mzw3CCdXa34CKQv8FdC4kiMH-w0wOqWf,application/pdf,2018-11-15,33019
Leal Trust Administration Litigation/LEAL DAIRY/LEAL TRUST PARTNERSHIP FINANCIALS/1Citizens Statements 10623/2018/2018 10.31.pdf,17PqDQLCW0X0coICMQx6LjqIjfqx4s7qf,application/pdf,2018-11-14,327952
Leal Trust Administration Litigation/LEAL DAIRY/LEAL TRUST PARTNERSHIP FINANCIALS/1Citizens Statements 10623/2018/2018 11.30 reconciliation detail.pdf,1vwRzezlOJX3JnV1uJfd92Wx-RgMyIcde,application/pdf,2018-12-10,77492
Leal Trust Administration Litigation/LEAL DAIRY/LEAL TRUST PARTNERSHIP FINANCIALS/1Citizens Statements 10623/2018/2018 11.30 reconciliation summary.pdf,1Jw5rkJ9cSPprxzzbNedSNS47gzC59-U-,application/pdf,2018-12-10,33197
Leal Trust Administration Litigation/LEAL DAIRY/LEAL TRUST PARTNERSHIP FINANCIALS/1Citizens Statements 10623/2018/2018 11.30.pdf,14f5Qk2fgnQP6CztCRjjj-JymTwpCB5nh,application/pdf,2018-12-10,264690
Leal Trust Administration Litigation/LEAL DAIRY/LEAL TRUST PARTNERSHIP FINANCIALS/1Citizens Statements 10623/2018/2018 12.31 reconciliation detail.pdf,11cTleK2CRr5y5GzpsuLMiPScQutIagDt,application/pdf,2019-01-14,78311
Leal Trust Administration Litigation/LEAL DAIRY/LEAL TRUST PARTNERSHIP FINANCIALS/1Citizens Statements 10623/2018/2018 12.31 reconciliation summary.pdf,1TJuQpzTJlrjFw03k-sRkPjr7riJAptZU,application/pdf,2019-01-14,32669
Leal Trust Administration Litigation/LEAL DAIRY/LEAL TRUST PARTNERSHIP FINANCIALS/1Citizens Statements 10623/2018/2018 12.31.pdf,1etoRgXYw8yQz6sS4O153NmNx8IIayKSA,application/pdf,2019-01-14,248472
Leal Trust Administration Litigation/LEAL DAIRY/LEAL TRUST PARTNERSHIP FINANCIALS/1Citizens Statements 10623/2018/2018 2.28 reconcile.pdf,1mhnvaPH_PFE8-Cr_NZ_f8UWWloBusHrH,application/pdf,2018-03-07,76332
Leal Trust Administration Litigation/LEAL DAIRY/LEAL TRUST PARTNERSHIP FINANCIALS/1Citizens Statements 10623/2018/2018 2.28 reconciliation.pdf,1dCt1NeHeufueoxFaVrqF9L3it7e0Gagu,application/pdf,2018-03-07,32943
Leal Trust Administration Litigation/LEAL DAIRY/LEAL TRUST PARTNERSHIP FINANCIALS/1Citizens Statements 10623/2018/2018 2.28.pdf,16imdv_tdtDjLSi79G4J6t5WIjAcqZAWr,application/pdf,2018-03-07,219389
Leal Trust Administration Litigation/LEAL DAIRY/LEAL TRUST PARTNERSHIP FINANCIALS/1Citizens Statements 10623/2018/2018 3.30 reconcile.pdf,1Ih66MID5eF9lspFtv93XsmqOQf2xPFHi,application/pdf,2018-04-10,81920
Leal Trust Administration Litigation/LEAL DAIRY/LEAL TRUST PARTNERSHIP FINANCIALS/1Citizens Statements 10623/2018/2018 3.30 reconciliation.pdf,15JYrwEt_EhUQ8PWlr02U2C0qekN1IrQL,application/pdf,2018-04-10,32996
Leal Trust Administration Litigation/LEAL DAIRY/LEAL TRUST PARTNERSHIP FINANCIALS/1Citizens Statements 10623/2018/2018 3.30.pdf,17a1SyWll_RE0SPacC02dlAuNektRhhc-,application/pdf,2018-04-10,287575
Leal Trust Administration Litigation/LEAL DAIRY/LEAL TRUST PARTNERSHIP FINANCIALS/1Citizens Statements 10623/2018/2018 4.30 reconcile.pdf,1zzkTESmFuw8WMAfgdb-5c7P1lUm6tI3E,application/pdf,2018-05-10,78364
Leal Trust Administration Litigation/LEAL DAIRY/LEAL TRUST PARTNERSHIP FINANCIALS/1Citizens Statements 10623/2018/2018 4.30 reconciliation summary.pdf,1qv4oxt4J-RFBbgm709LanOEU0J2ZotXo,application/pdf,2018-05-10,32735
Leal Trust Administration Litigation/LEAL DAIRY/LEAL TRUST PARTNERSHIP FINANCIALS/1Citizens Statements 10623/2018/2018 4.30.pdf,1TEwnyV2L8uNhBrTIx-Y4A8uIVcv54rtE,application/pdf,2018-05-10,272888
Leal Trust Administration Litigation/LEAL DAIRY/LEAL TRUST PARTNERSHIP FINANCIALS/1Citizens Statements 10623/2018/2018 5.31 reconcile.pdf,117xxS-3WuteM2UsAkQHHupmDfVaVCTtL,application/pdf,2018-06-07,74762
Leal Trust Administration Litigation/LEAL DAIRY/LEAL TRUST PARTNERSHIP FINANCIALS/1Citizens Statements 10623/2018/2018 5.31 reconciliation summary.pdf,1tgiVsRC5rI0J8qyatSS0IFWL9MIpNqoP,application/pdf,2018-06-07,32950
Leal Trust Administration Litigation/LEAL DAIRY/LEAL TRUST PARTNERSHIP FINANCIALS/1Citizens Statements 10623/2018/2018 5.31.pdf,1CneOxo_EEPZhg2-xNGNxoLkl0OHVYe5h,application/pdf,2018-06-07,267734
Leal Trust Administration Litigation/LEAL DAIRY/LEAL TRUST PARTNERSHIP FINANCIALS/1Citizens Statements 10623/2018/2018 6.30 reconciliation summary.pdf,1eEnBRsOY0pBIZKLysRyFXVl9KOM8tH9S,application/pdf,2018-07-06,33081
Leal Trust Administration Litigation/LEAL DAIRY/LEAL TRUST PARTNERSHIP FINANCIALS/1Citizens Statements 10623/2018/2018 6.30.pdf,1zWSaPlw_VN3jK9o0RfFhSVjKk5I0drO4,application/pdf,2018-07-06,269466
Leal Trust Administration Litigation/LEAL DAIRY/LEAL TRUST PARTNERSHIP FINANCIALS/1Citizens Statements 10623/2018/2018 7.31 reconciliation detail.pdf,1AyCIxlswshpmviJ6HrZss4B-JtvwJVXn,application/pdf,2018-08-04,76071
Leal Trust Administration Litigation/LEAL DAIRY/LEAL TRUST PARTNERSHIP FINANCIALS/1Citizens Statements 10623/2018/2018 7.31 reconciliation summary.pdf,1RZnGBtrud4nesXMdS120NEqFoPG8O0Al,application/pdf,2018-08-04,32593
Leal Trust Administration Litigation/LEAL DAIRY/LEAL TRUST PARTNERSHIP FINANCIALS/1Citizens Statements 10623/2018/2018 7.31.pdf,1BcpiqOEw_-OC6MAqphFu9lvm_Jd1AUNN,application/pdf,2018-08-03,269028
Leal Trust Administration Litigation/LEAL DAIRY/LEAL TRUST PARTNERSHIP FINANCIALS/1Citizens Statements 10623/2018/2018 8.31 reconciliation detail.pdf,1SUf6bgUM0AlbDxpUdlUfyUHCZHLlBr8U,application/pdf,2018-09-10,80139
Leal Trust Administration Litigation/LEAL DAIRY/LEAL TRUST PARTNERSHIP FINANCIALS/1Citizens Statements 10623/2018/2018 8.31 reconciliation summary.pdf,1ZZtDdfn3QMh69xbAZW0ryjE-jXyQNdbf,application/pdf,2018-09-10,32951
Leal Trust Administration Litigation/LEAL DAIRY/LEAL TRUST PARTNERSHIP FINANCIALS/1Citizens Statements 10623/2018/2018 8.31.pdf,1vJxwGyEobcgeUKmEzM0kxUq6XUx44D1g,application/pdf,2018-09-06,300009
Leal Trust Administration Litigation/LEAL DAIRY/LEAL TRUST PARTNERSHIP FINANCIALS/1Citizens Statements 10623/2018/2018 9.28 reconciliation detail.pdf,13Gwv_ZJI1MfxaeUeByeOl6RGwixpU16Y,application/pdf,2018-10-02,74611
Leal Trust Administration Litigation/LEAL DAIRY/LEAL TRUST PARTNERSHIP FINANCIALS/1Citizens Statements 10623/2018/2018 9.28 reconciliation summary.pdf,14MKpIEoSiluYfVALb4gOoxBDUGo3xzyl,application/pdf,2018-10-02,32667
Leal Trust Administration Litigation/LEAL DAIRY/LEAL TRUST PARTNERSHIP FINANCIALS/1Citizens Statements 10623/2018/2018 9.28.pdf,1RrEZL74Ze1ULRsCfuT1nkBWAoCUS1BwV,application/pdf,2018-10-02,260893
Leal Trust Administration Litigation/LEAL DAIRY/LEAL TRUST PARTNERSHIP FINANCIALS/1Citizens Statements 10623/2019,1q87l6g-53QufJN_HWG4_JEXAHnqTChVO,application/vnd.google-apps.folder,2026-08-18,
Leal Trust Administration Litigation/LEAL DAIRY/LEAL TRUST PARTNERSHIP FINANCIALS/1Citizens Statements 10623/2019/2019 1.31 reconciliation detail.pdf,1kaWyHEqbTna--c3Uvrob9hOI8uXVQyUb,application/pdf,2019-02-04,76754
Leal Trust Administration Litigation/LEAL DAIRY/LEAL TRUST PARTNERSHIP FINANCIALS/1Citizens Statements 10623/2019/2019 1.31 reconciliation summary.pdf,1ZJZmxk6TRHGxesKjHfeTMpJhYpy8yzwn,application/pdf,2019-02-04,32806
Leal Trust Administration Litigation/LEAL DAIRY/LEAL TRUST PARTNERSHIP FINANCIALS/1Citizens Statements 10623/2019/2019 1.31.pdf,19oDmprq3Pu3DdfWf5kYEyYW3_A622z9L,application/pdf,2019-02-04,291498
Leal Trust Administration Litigation/LEAL DAIRY/LEAL TRUST PARTNERSHIP FINANCIALS/1Citizens Statements 10623/2019/2019 10.31 reconciliation detail.pdf,1V3_ERoCXf9wjYWmc8v-YbGrDsbC7KPo2,application/pdf,2019-11-07,75256
Leal Trust Administration Litigation/LEAL DAIRY/LEAL TRUST PARTNERSHIP FINANCIALS/1Citizens Statements 10623/2019/2019 10.31 reconciliation summary.pdf,1SNHgTX9gKp7F6eajIzEBmJiwUGW2CRRF,application/pdf,2019-11-07,32869
Leal Trust Administration Litigation/LEAL DAIRY/LEAL TRUST PARTNERSHIP FINANCIALS/1Citizens Statements 10623/2019/2019 10.31.pdf,1l9ajLMr2LkWQN-SOMUK_xKkANmB5iOqv,application/pdf,2019-11-07,268402
Leal Trust Administration Litigation/LEAL DAIRY/LEAL TRUST PARTNERSHIP FINANCIALS/1Citizens Statements 10623/2019/2019 11.30 Citizens.pdf,1OW25AShVSNegWo2KqwYlJ1vu1yxyn2At,application/pdf,2019-12-11,238832
Leal Trust Administration Litigation/LEAL DAIRY/LEAL TRUST PARTNERSHIP FINANCIALS/1Citizens Statements 10623/2019/2019 11.30 reconciliation detail.pdf,1t2Oipx_oqEgfTVHWeuOW_meFHJ-UH34L,application/pdf,2019-12-12,76359
Leal Trust Administration Litigation/LEAL DAIRY/LEAL TRUST PARTNERSHIP FINANCIALS/1Citizens Statements 10623/2019/2019 11.30 reconciliation summary.pdf,1qCz4FD6Sciqa5GG9egGFD7SPxZJVQOHC,application/pdf,2019-12-12,33221
Leal Trust Administration Litigation/LEAL DAIRY/LEAL TRUST PARTNERSHIP FINANCIALS/1Citizens Statements 10623/2019/2019 12.31 Citizens.pdf,1YfwFhWJp_ujHb-nWC_uHWHts3-iIWH15,application/pdf,2020-01-14,291185
Leal Trust Administration Litigation/LEAL DAIRY/LEAL TRUST PARTNERSHIP FINANCIALS/1Citizens Statements 10623/2019/2019 12.31 reconciliation detal.pdf,1XVQv84IGlv2e3FQXQKHK-8o1urtVihhJ,application/pdf,2020-01-11,84018
Leal Trust Administration Litigation/LEAL DAIRY/LEAL TRUST PARTNERSHIP FINANCIALS/1Citizens Statements 10623/2019/2019 12.31 reconciliation summary.pdf,1jBksdXIOGbxUpwOPDdo4Zy2IwGwSi8Vv,application/pdf,2020-01-11,32687
Leal Trust Administration Litigation/LEAL DAIRY/LEAL TRUST PARTNERSHIP FINANCIALS/1Citizens Statements 10623/2019/2019 2.28  reconciliation detail.pdf,1k2Q7xXttSYGPawLvS4T73k_Cip-Ixjlk,application/pdf,2019-03-09,78660
Leal Trust Administration Litigation/LEAL DAIRY/LEAL TRUST PARTNERSHIP FINANCIALS/1Citizens Statements 10623/2019/2019 2.28 reconciliation summary.pdf,1Dbpc0pOjguZy7Tl6tpemXYk5qVTVPh_1,application/pdf,2019-03-09,33269
Leal Trust Administration Litigation/LEAL DAIRY/LEAL TRUST PARTNERSHIP FINANCIALS/1Citizens Statements 10623/2019/2019 2.28.pdf,1nFmjm-43Kj-_JXESSDAT6S3hkewGl7F_,application/pdf,2019-03-09,199018
Leal Trust Administration Litigation/LEAL DAIRY/LEAL TRUST PARTNERSHIP FINANCIALS/1Citizens Statements 10623/2019/2019 3.29  reconciliation detail.pdf,1XieBmBWJZCZ1k2jZTnYCa5n8ddn3Q0SV,application/pdf,2019-04-04,78367
Leal Trust Administration Litigation/LEAL DAIRY/LEAL TRUST PARTNERSHIP FINANCIALS/1Citizens Statements 10623/2019/2019 3.29 reconciliation summary.pdf,17tMewTMIa4JDKv9aPXedNeKL01tJoZ8Z,application/pdf,2019-04-04,32710
Leal Trust Administration Litigation/LEAL DAIRY/LEAL TRUST PARTNERSHIP FINANCIALS/1Citizens Statements 10623/2019/2019 3.30.pdf,1SUiEBUufX0bP2PDYk4h9Kxuc2dAf1BD1,application/pdf,2019-04-04,270121
Leal Trust Administration Litigation/LEAL DAIRY/LEAL TRUST PARTNERSHIP FINANCIALS/1Citizens Statements 10623/2019/2019 4.30 Citizens.pdf,1gNZ48pDa62cfEbvfl88_J3z1Isp8fjAn,application/pdf,2019-05-10,271145
Leal Trust Administration Litigation/LEAL DAIRY/LEAL TRUST PARTNERSHIP FINANCIALS/1Citizens Statements 10623/2019/2019 4.30 reconciliation detail corrected.pdf,1IkxB9TOjY8_EWzd7u4wsO-TMGBHtwTnD,application/pdf,2019-06-11,92650
Leal Trust Administration Litigation/LEAL DAIRY/LEAL TRUST PARTNERSHIP FINANCIALS/1Citizens Statements 10623/2019/2019 4.30 reconciliation detail.pdf,1LAxg2vhJH6q-dhUc6kBGscKAJ9qArpXR,application/pdf,2019-05-10,82540
Leal Trust Administration Litigation/LEAL DAIRY/LEAL TRUST PARTNERSHIP FINANCIALS/1Citizens Statements 10623/2019/2019 4.30 reconciliation summary corrected.pdf,1w9sApTlUW_P1vytcHinl-jsSfeoKsaWD,application/pdf,2019-06-11,32988
Leal Trust Administration Litigation/LEAL DAIRY/LEAL TRUST PARTNERSHIP FINANCIALS/1Citizens Statements 10623/2019/2019 4.30 reconciliation summary.pdf,1XgPsteRTkcZqv0p-cdc3SzAdb4Sf4jqF,application/pdf,2019-05-10,32830
Leal Trust Administration Litigation/LEAL DAIRY/LEAL TRUST PARTNERSHIP FINANCIALS/1Citizens Statements 10623/2019/2019 5.30 reconciliation detail.pdf,1QsrDAkuikacVji2USAV_dhrgWE499g_p,application/pdf,2019-06-11,78747
Leal Trust Administration Litigation/LEAL DAIRY/LEAL TRUST PARTNERSHIP FINANCIALS/1Citizens Statements 10623/2019/2019 5.30 reconciliation summary.pdf,11UpBmB9X6pQp-sHuE2weDPLCAsdRau1r,application/pdf,2019-06-11,32694
Leal Trust Administration Litigation/LEAL DAIRY/LEAL TRUST PARTNERSHIP FINANCIALS/1Citizens Statements 10623/2019/2019 5.30.pdf,1Ew4j6U9yT8pOuOeugnR8GA6lnOdofOUK,application/pdf,2019-06-13,278909
Leal Trust Administration Litigation/LEAL DAIRY/LEAL TRUST PARTNERSHIP FINANCIALS/1Citizens Statements 10623/2019/2019 6.30 reconciliation detail.pdf,1lxlf1j8mknmDj-gfB_pgFlbwvOpdYJ7z,application/pdf,2019-07-14,81818
Leal Trust Administration Litigation/LEAL DAIRY/LEAL TRUST PARTNERSHIP FINANCIALS/1Citizens Statements 10623/2019/2019 6.30 reconciliation summary.pdf,13kbZHkXFjVs432f8VTQ8pkllS5Lv8Usg,application/pdf,2019-07-14,32853
Leal Trust Administration Litigation/LEAL DAIRY/LEAL TRUST PARTNERSHIP FINANCIALS/1Citizens Statements 10623/2019/2019 6.30.pdf,1V8uwTHSdDj6Ln37zmr0nKyPjYoPrYK2a,application/pdf,2019-07-14,238456
Leal Trust Administration Litigation/LEAL DAIRY/LEAL TRUST PARTNERSHIP FINANCIALS/1Citizens Statements 10623/2019/2019 7.31 reconciliation detail.pdf,1FWVhnzwHp3OiXxrNhhPMTMfZjmMvbH84,application/pdf,2019-08-07,76839
Leal Trust Administration Litigation/LEAL DAIRY/LEAL TRUST PARTNERSHIP FINANCIALS/1Citizens Statements 10623/2019/2019 7.31 reconciliation summary.pdf,17fIhyrwC4YVR1hO5HeLOPgbdPpmq4MLu,application/pdf,2019-08-07,33074
Leal Trust Administration Litigation/LEAL DAIRY/LEAL TRUST PARTNERSHIP FINANCIALS/1Citizens Statements 10623/2019/2019 7.31.pdf,1GEZT73qofho4kmMj6nY2LdTMshQjNoO4,application/pdf,2019-08-07,274344
Leal Trust Administration Litigation/LEAL DAIRY/LEAL TRUST PARTNERSHIP FINANCIALS/1Citizens Statements 10623/2019/2019 8.30 reconciliation detail.pdf,1sIrrDPPr8pROaS6pRDKLhWn0SANhCR-J,application/pdf,2019-09-12,78513
Leal Trust Administration Litigation/LEAL DAIRY/LEAL TRUST PARTNERSHIP FINANCIALS/1Citizens Statements 10623/2019/2019 8.30 reconciliation summary.pdf,1h9v5j_lrX_3K0nq-kQWCdIU5zxjss87k,application/pdf,2019-09-12,32917
Leal Trust Administration Litigation/LEAL DAIRY/LEAL TRUST PARTNERSHIP FINANCIALS/1Citizens Statements 10623/2019/2019 8.30.pdf,1XnZNcyhvvQmj9nOuTPyP_jHZB3GKEGRx,application/pdf,2019-09-12,276352
Leal Trust Administration Litigation/LEAL DAIRY/LEAL TRUST PARTNERSHIP FINANCIALS/1Citizens Statements 10623/2019/2019 9.30 reconciliation detail.pdf,1HIGulqNihf7CZkbl51D1v4ObE-Dgoj-7,application/pdf,2019-10-09,79547
Leal Trust Administration Litigation/LEAL DAIRY/LEAL TRUST PARTNERSHIP FINANCIALS/1Citizens Statements 10623/2019/2019 9.30 reconciliation summary.pdf,1sMtGnRyaqZm2FZix9_C7aAYDznAOAwI0,application/pdf,2019-10-09,32638
Leal Trust Administration Litigation/LEAL DAIRY/LEAL TRUST PARTNERSHIP FINANCIALS/1Citizens Statements 10623/2019/2019 9.30.pdf,1FR7q5sCbTTSsll9zGBLWc-WCwXwidVNd,application/pdf,2019-10-08,280473
Leal Trust Administration Litigation/LEAL DAIRY/LEAL TRUST PARTNERSHIP FINANCIALS/1Citizens Statements 10623/2019/amex 4.29.19 reconciliation detail.pdf,1SI0DuW0tGBqBtWVzBRBqRRQKuzOJbiPB,application/pdf,2019-04-29,172246
Leal Trust Administration Litigation/LEAL DAIRY/LEAL TRUST PARTNERSHIP FINANCIALS/1Citizens Statements 10623/2019/amex 4.29.19 reconciliation summary.pdf,1n95ISkPVpfl__e4i_nCaIpORJBj_NcCS,application/pdf,2019-04-29,30900
Leal Trust Administration Litigation/LEAL DAIRY/LEAL TRUST PARTNERSHIP FINANCIALS/1Citizens Statements 10623/2020,1OE8UVKljBrQB8vPw84AfYl-9sDPKxI0q,application/vnd.google-apps.folder,2026-08-18,
Leal Trust Administration Litigation/LEAL DAIRY/LEAL TRUST PARTNERSHIP FINANCIALS/1Citizens Statements 10623/2020/2020 1.31 Citizens.pdf,1rn-oGYtBY5G82xxLbHvtlgk2UsHr0ffR,application/pdf,2020-02-14,251538
Leal Trust Administration Litigation/LEAL DAIRY/LEAL TRUST PARTNERSHIP FINANCIALS/1Citizens Statements 10623/2020/2020 1.31 Reconciliation Detail.pdf,1iJP6IpJIMqbmvFYvUDBBUWh99S94q7rj,application/pdf,2020-02-14,80389
Leal Trust Administration Litigation/LEAL DAIRY/LEAL TRUST PARTNERSHIP FINANCIALS/1Citizens Statements 10623/2020/2020 1.31 Reconciliation Summary.pdf,1yl0hcznLv7iSu2Ihhl-saAk67ynm5JOL,application/pdf,2020-02-14,32807
Leal Trust Administration Litigation/LEAL DAIRY/LEAL TRUST PARTNERSHIP FINANCIALS/1Citizens Statements 10623/2020/2020 10.31 Citizens.pdf,1yGV11jw_wrfRwZTccMK5OzJKodDtng6i,application/pdf,2020-11-09,704153
Leal Trust Administration Litigation/LEAL DAIRY/LEAL TRUST PARTNERSHIP FINANCIALS/1Citizens Statements 10623/2020/2020 10.31 Reconciliation Detail.pdf,1Ea4tqZEA844-_G6di3A-0_6BGfMwMTLh,application/pdf,2020-11-09,74215
Leal Trust Administration Litigation/LEAL DAIRY/LEAL TRUST PARTNERSHIP FINANCIALS/1Citizens Statements 10623/2020/2020 10.31 Reconciliation Summary.pdf,1FBszvxiPH50k7miwvAV6yHrjkFx2UzY7,application/pdf,2020-11-09,33089
Leal Trust Administration Litigation/LEAL DAIRY/LEAL TRUST PARTNERSHIP FINANCIALS/1Citizens Statements 10623/2020/2020 11.30 Citizens.pdf,14yyaNyFwmKbCljLSVrnwEobc6TjtLupz,application/pdf,2020-12-09,703351
Leal Trust Administration Litigation/LEAL DAIRY/LEAL TRUST PARTNERSHIP FINANCIALS/1Citizens Statements 10623/2020/2020 11.30 Reconciliation Detail.pdf,1Cq1iBaBLrGbquUngVbZr2LZlunstE0zU,application/pdf,2020-12-09,71560
Leal Trust Administration Litigation/LEAL DAIRY/LEAL TRUST PARTNERSHIP FINANCIALS/1Citizens Statements 10623/2020/2020 11.30 Reconciliation Summary.pdf,152JnHfndqBVuOK_w9Ads-85xOz4GBqGI,application/pdf,2020-12-09,32881
Leal Trust Administration Litigation/LEAL DAIRY/LEAL TRUST PARTNERSHIP FINANCIALS/1Citizens Statements 10623/2020/2020 12.31 Citizens.pdf,1q7CDOPdFpRLspVrjhusI3DwWhSG7dOdV,application/pdf,2021-01-07,703512
Leal Trust Administration Litigation/LEAL DAIRY/LEAL TRUST PARTNERSHIP FINANCIALS/1Citizens Statements 10623/2020/2020 12.31 Reconciliation Detail.pdf,1otaiGUQfsV5dPhmkTE_4zXqSiOqpelSQ,application/pdf,2021-01-16,79041
Leal Trust Administration Litigation/LEAL DAIRY/LEAL TRUST PARTNERSHIP FINANCIALS/1Citizens Statements 10623/2020/2020 12.31 Reconciliation Summary.pdf,1PMBNY6EcLmDenmTJxEfKfokeKy3IPNPT,application/pdf,2021-01-16,32303
Leal Trust Administration Litigation/LEAL DAIRY/LEAL TRUST PARTNERSHIP FINANCIALS/1Citizens Statements 10623/2020/2020 2.28 Citizens.pdf,1GkkrGkf3LmxWqu7RjNIfAK9oLJbnlSyk,application/pdf,2020-03-04,305011
Leal Trust Administration Litigation/LEAL DAIRY/LEAL TRUST PARTNERSHIP FINANCIALS/1Citizens Statements 10623/2020/2020 2.28 Reconciliation Detail.pdf,1OJ0lsMnM0VFaZvCrrmCgh-Ad6JWymNW0,application/pdf,2020-03-05,72643
Leal Trust Administration Litigation/LEAL DAIRY/LEAL TRUST PARTNERSHIP FINANCIALS/1Citizens Statements 10623/2020/2020 2.28 Reconciliation Summary.pdf,1doe2mMH8QiB9Cwjj5IQjCwZCBz5VfyVJ,application/pdf,2020-03-05,32919
Leal Trust Administration Litigation/LEAL DAIRY/LEAL TRUST PARTNERSHIP FINANCIALS/1Citizens Statements 10623/2020/2020 3.31 Citizens.pdf,1E4AlpNWLPUZAdgknaTxUlwEFKOifk3Xl,application/pdf,2020-04-09,702778
Leal Trust Administration Litigation/LEAL DAIRY/LEAL TRUST PARTNERSHIP FINANCIALS/1Citizens Statements 10623/2020/2020 3.31 Reconciliation Detail.pdf,1b88OPIyrl9zY8wcrlx-8jFd9WMD7VhsG,application/pdf,2020-04-09,76976
Leal Trust Administration Litigation/LEAL DAIRY/LEAL TRUST PARTNERSHIP FINANCIALS/1Citizens Statements 10623/2020/2020 3.31 Reconciliation Summary.pdf,1y4nQCeiayXGetwYjhRqwA7NB-LiBpG6C,application/pdf,2020-04-09,32685
Leal Trust Administration Litigation/LEAL DAIRY/LEAL TRUST PARTNERSHIP FINANCIALS/1Citizens Statements 10623/2020/2020 4.30 Citizens.pdf,1ftcnmYUUGlKlpwtbHZnMLdNLjPFNMhic,application/pdf,2020-05-14,704167
Leal Trust Administration Litigation/LEAL DAIRY/LEAL TRUST PARTNERSHIP FINANCIALS/1Citizens Statements 10623/2020/2020 4.30 Reconciliation Detail.pdf,1lHbdR9fUtVzB7EiqB2AwYr_Gn-334MU7,application/pdf,2020-05-14,81711
Leal Trust Administration Litigation/LEAL DAIRY/LEAL TRUST PARTNERSHIP FINANCIALS/1Citizens Statements 10623/2020/2020 4.30 Reconciliation Summary.pdf,12wkgr9yeVtODpenE8hCMaa8rR6vImv9G,application/pdf,2020-05-14,32950
Leal Trust Administration Litigation/LEAL DAIRY/LEAL TRUST PARTNERSHIP FINANCIALS/1Citizens Statements 10623/2020/2020 5.30 Citizens.pdf,1F0228KbioRwP_64d7jIzmn6t6-C5yRsH,application/pdf,2020-06-03,701835
Leal Trust Administration Litigation/LEAL DAIRY/LEAL TRUST PARTNERSHIP FINANCIALS/1Citizens Statements 10623/2020/2020 5.30 Reconciliation Detail.pdf,1zeB-5PIheceomjRfD_tayEHsRL_p4EcZ,application/pdf,2020-06-05,74042
Leal Trust Administration Litigation/LEAL DAIRY/LEAL TRUST PARTNERSHIP FINANCIALS/1Citizens Statements 10623/2020/2020 5.30 Reconciliation Summary.pdf,15GQ0mM7DHl92cUI-gCUQlBZtzODDEdcW,application/pdf,2020-06-05,32937
Leal Trust Administration Litigation/LEAL DAIRY/LEAL TRUST PARTNERSHIP FINANCIALS/1Citizens Statements 10623/2020/2020 6.30 Citizens.pdf,1tLr2kmuEAWnjrGM3158SXeopIr8lXKK4,application/pdf,2021-01-07,704782
Leal Trust Administration Litigation/LEAL DAIRY/LEAL TRUST PARTNERSHIP FINANCIALS/1Citizens Statements 10623/2020/2020 6.30 Reconciliation Detail.pdf,1WEY0N4N_H0FFF_MxOJ71zw9G_-QAm92z,application/pdf,2020-07-14,82385
Leal Trust Administration Litigation/LEAL DAIRY/LEAL TRUST PARTNERSHIP FINANCIALS/1Citizens Statements 10623/2020/2020 6.30 Reconciliation Summary.pdf,1YYsXhk3YRafU7IMRg6FDNXlS1_i-s63S,application/pdf,2020-07-14,32881
Leal Trust Administration Litigation/LEAL DAIRY/LEAL TRUST PARTNERSHIP FINANCIALS/1Citizens Statements 10623/2020/2020 7.31 Citizens.pdf,1FYF8kwbWrMVWq1eo92OO7nxZ1eGFdZj2,application/pdf,2020-08-04,828891
Leal Trust Administration Litigation/LEAL DAIRY/LEAL TRUST PARTNERSHIP FINANCIALS/1Citizens Statements 10623/2020/2020 7.31 Reconciliation Detail.pdf,1GLxPGGAl0jS670DJ7x_jC-wbd65t_TMu,application/pdf,2020-08-04,75232
Leal Trust Administration Litigation/LEAL DAIRY/LEAL TRUST PARTNERSHIP FINANCIALS/1Citizens Statements 10623/2020/2020 7.31 Reconciliation Summary.pdf,1C5rfygZuTzD293I5pWgCgxXYLd5Ss1jc,application/pdf,2020-08-04,32828
Leal Trust Administration Litigation/LEAL DAIRY/LEAL TRUST PARTNERSHIP FINANCIALS/1Citizens Statements 10623/2020/2020 8.30 Citizens.pdf,1oZCB0FXoNqaHKCl5daeFG3uybzWZTyPc,application/pdf,2020-09-03,704822
Leal Trust Administration Litigation/LEAL DAIRY/LEAL TRUST PARTNERSHIP FINANCIALS/1Citizens Statements 10623/2020/2020 8.31 Reconciliation Detail.pdf,1OyCnLiUg48jKcUWPcEeYN_GM9zQi6n99,application/pdf,2020-09-03,74281
Leal Trust Administration Litigation/LEAL DAIRY/LEAL TRUST PARTNERSHIP FINANCIALS/1Citizens Statements 10623/2020/2020 8.31 Reconciliation Summary.pdf,1MM3HW-ia99qMAXYqIjt7yeEjx5zEpFOE,application/pdf,2020-09-03,32789
Leal Trust Administration Litigation/LEAL DAIRY/LEAL TRUST PARTNERSHIP FINANCIALS/1Citizens Statements 10623/2020/2020 9.30 Citizens.pdf,1KDOyoh-osBEUZT2MnabcOc46Bl8IwM3f,application/pdf,2020-10-09,702203
Leal Trust Administration Litigation/LEAL DAIRY/LEAL TRUST PARTNERSHIP FINANCIALS/1Citizens Statements 10623/2020/2020 9.30 Reconciliation Detail.pdf,14hsphl709QrIw92W24W7SxT0MyV6S98z,application/pdf,2020-10-09,76164
Leal Trust Administration Litigation/LEAL DAIRY/LEAL TRUST PARTNERSHIP FINANCIALS/1Citizens Statements 10623/2020/2020 9.30 Reconciliation Summary.pdf,1hwpvTE901YNQjyTGF9bMiNLy4rFTtedA,application/pdf,2020-10-09,32921
Leal Trust Administration Litigation/LEAL DAIRY/LEAL TRUST PARTNERSHIP FINANCIALS/1Citizens Statements 10623/2020/2020 cash flow statement.pdf,1VI7rXG5ZjeOGpRxXNhKuOKfCS1IJcgus,application/pdf,2021-01-07,37463
Leal Trust Administration Litigation/LEAL DAIRY/LEAL TRUST PARTNERSHIP FINANCIALS/1Citizens Statements 10623/2021,14aWRW7c6DGG0rtw0rIMbsysH1yqtia5S,application/vnd.google-apps.folder,2026-08-18,
Leal Trust Administration Litigation/LEAL DAIRY/LEAL TRUST PARTNERSHIP FINANCIALS/1Citizens Statements 10623/2021/10.31.21 - MANUEL C LEAL & SON DAIRY.pdf,1gVQitMPgkocOh8JIfDOaPAFisnhASEdW,application/pdf,2021-11-08,705527
Leal Trust Administration Litigation/LEAL DAIRY/LEAL TRUST PARTNERSHIP FINANCIALS/1Citizens Statements 10623/2021/11.30.21 - MANUEL C LEAL & SON DAIRY.pdf,1-OrGXL9knqEP6vKTX0Its4m7dCLZx0VF,application/pdf,2021-12-01,703288
Leal Trust Administration Litigation/LEAL DAIRY/LEAL TRUST PARTNERSHIP FINANCIALS/1Citizens Statements 10623/2021/1_29_2021 - MANUEL C LEAL & SON DAIRY.pdf,1aoUSKaqxrpu2SqETRJMBqBc5U1MTzQss,application/pdf,2021-02-16,704177
Leal Trust Administration Litigation/LEAL DAIRY/LEAL TRUST PARTNERSHIP FINANCIALS/1Citizens Statements 10623/2021/2.26.21 Reconciliation Detail.pdf,1Cwxjt8Ff8hxzb9aiSf0EsibWlaDhciJr,application/pdf,2021-03-17,75468
Leal Trust Administration Litigation/LEAL DAIRY/LEAL TRUST PARTNERSHIP FINANCIALS/1Citizens Statements 10623/2021/2.26.21 Reconciliation Summary.pdf,1XRUHVLtm9xLJNv_RZJlpsAdzTjG0A7eN,application/pdf,2021-03-17,33206
Leal Trust Administration Litigation/LEAL DAIRY/LEAL TRUST PARTNERSHIP FINANCIALS/1Citizens Statements 10623/2021/2021 12_31_2021 Checking Statement-document.pdf,1hKKDo1Y-DOAGtlUd-VaxJb1WwWzXIogh,application/pdf,2022-02-02,704244
Leal Trust Administration Litigation/LEAL DAIRY/LEAL TRUST PARTNERSHIP FINANCIALS/1Citizens Statements 10623/2021/2_26_2021 - MANUEL C LEAL & SON DAIRY.pdf,1zynmM7NOfg8yBFNEsdxNlko3q2NHx5l9,application/pdf,2021-03-17,702672
Leal Trust Administration Litigation/LEAL DAIRY/LEAL TRUST PARTNERSHIP FINANCIALS/1Citizens Statements 10623/2021/3_31_2021 - MANUEL C LEAL & SON DAIRY.pdf,1TQrYSSxTWg5Fu3EiKa46Jyl3TyOTyFJs,application/pdf,2021-04-15,702721
Leal Trust Administration Litigation/LEAL DAIRY/LEAL TRUST PARTNERSHIP FINANCIALS/1Citizens Statements 10623/2021/4_30_2021 - MANUEL C LEAL & SON DAIRY.pdf,1H4fgVFVHx2UPd6VuYnHT2cZ1Y28JoibK,application/pdf,2021-05-14,704032
Leal Trust Administration Litigation/LEAL DAIRY/LEAL TRUST PARTNERSHIP FINANCIALS/1Citizens Statements 10623/2021/5_28_2021 - MANUEL C LEAL & SON DAIRY.pdf,16PF9070Omwo9Ft3X9yh3fwzbxEiQca0e,application/pdf,2021-06-09,704030
Leal Trust Administration Litigation/LEAL DAIRY/LEAL TRUST PARTNERSHIP FINANCIALS/1Citizens Statements 10623/2021/6_30_2021 - MANUEL C LEAL & SON DAIRY.pdf,11IoE5jG6N3tYj1Pc-5cjEn0MfIxy0c5A,application/pdf,2021-07-06,705934
Leal Trust Administration Litigation/LEAL DAIRY/LEAL TRUST PARTNERSHIP FINANCIALS/1Citizens Statements 10623/2021/7_30_2021 - MANUEL C LEAL & SON DAIRY.pdf,1uYxGOdQszNQX3Ypp9Tbm7HEjwjeLB3L2,application/pdf,2021-08-05,702393
Leal Trust Administration Litigation/LEAL DAIRY/LEAL TRUST PARTNERSHIP FINANCIALS/1Citizens Statements 10623/2021/8_31_2021 - MANUEL C LEAL & SON DAIRY.pdf,1lQcBC3JLoYxKCBXqF8Y8DoK2At1e3qsi,application/pdf,2021-09-15,1277560
Leal Trust Administration Litigation/LEAL DAIRY/LEAL TRUST PARTNERSHIP FINANCIALS/1Citizens Statements 10623/2021/9.31.2021 Citizens statement.pdf,12VZvpg2MPYyfIEiIjW2uI-HLexxZkDqv,application/pdf,2021-10-14,902487
Leal Trust Administration Litigation/LEAL DAIRY/LEAL TRUST PARTNERSHIP FINANCIALS/1Citizens Statements 10623/2022,1iY-ivwCyimpDQ3SSG_43ttXkg-upiKFA,application/vnd.google-apps.folder,2026-08-18,
Leal Trust Administration Litigation/LEAL DAIRY/LEAL TRUST PARTNERSHIP FINANCIALS/1Citizens Statements 10623/2022/2022 01_31_2022 Checking Statement-document.pdf,1lFrJXTayFd5KL1CN6qIBH9LdiYWF8rQ9,application/pdf,2022-02-02,703730
Leal Trust Administration Litigation/LEAL DAIRY/LEAL TRUST PARTNERSHIP FINANCIALS/1Citizens Statements 10623/2022/2022 02_28_2022 Checking Statement-document.pdf,1o2NcXY5HW4N8YUJAr9DcDcOLGlZC8JCA,application/pdf,2022-03-14,705949
Leal Trust Administration Litigation/LEAL DAIRY/LEAL TRUST PARTNERSHIP FINANCIALS/1Citizens Statements 10623/2022/2022 03_31_2022 Checking Statement-document.pdf,1YyMHWRgzsNMEM3texf5_k-0swdc95tuh,application/pdf,2022-04-07,706138
Leal Trust Administration Litigation/LEAL DAIRY/LEAL TRUST PARTNERSHIP FINANCIALS/1Citizens Statements 10623/2022/2022 04_29_2022 Checking Statement-document.pdf,1HF98XddiM-TyNltc0eW1NB3K9YxgjTDZ,application/pdf,2022-06-09,707866
Leal Trust Administration Litigation/LEAL DAIRY/LEAL TRUST PARTNERSHIP FINANCIALS/1Citizens Statements 10623/2022/2022 05_31_2022 Checking Statement-document.pdf,1d2FPSu7b8Y753-XIpPZbvZF_9PLGDCNz,application/pdf,2022-06-09,703878
Leal Trust Administration Litigation/LEAL DAIRY/LEAL TRUST PARTNERSHIP FINANCIALS/1Citizens Statements 10623/2022/2022 06_30_2022 Checking Statement-document.pdf,1d_8satT3HV5IJHdb84tpgiyHcFWpbYas,application/pdf,2022-08-02,705441
Leal Trust Administration Litigation/LEAL DAIRY/LEAL TRUST PARTNERSHIP FINANCIALS/1Citizens Statements 10623/2022/2022 07_31_2022 Checking Statement-document.pdf,106I2bEWnK0V1-Mn5OINmhgsXZvZd7cIU,application/pdf,2022-08-02,845285
Leal Trust Administration Litigation/LEAL DAIRY/LEAL TRUST PARTNERSHIP FINANCIALS/1Citizens Statements 10623/2022/2022 08_31_2022 Checking Statement-document.pdf,1s9zztvdUs4DKBCpV60RhvRAXnQz-Suo6,application/pdf,2022-09-01,845619
Leal Trust Administration Litigation/LEAL DAIRY/LEAL TRUST PARTNERSHIP FINANCIALS/1Citizens Statements 10623/2022/2022 09_30_2022 Checking Statement-document.pdf,1SX7gOZAC6k4h0jsmRhneji81_kI6hm9y,application/pdf,2022-10-11,846654
Leal Trust Administration Litigation/LEAL DAIRY/LEAL TRUST PARTNERSHIP FINANCIALS/1Citizens Statements 10623/2022/2022 10_31_2022 Checking Statement-document.pdf,1i4bVEVVJ1Brp_feuGDZhFbBBfiRo9vqU,application/pdf,2022-11-02,705403
Leal Trust Administration Litigation/LEAL DAIRY/LEAL TRUST PARTNERSHIP FINANCIALS/1Citizens Statements 10623/2022/2022 11_30_2022 Checking Statement-document(1).pdf,1SVhTDepnFF_xo5pitRFItCPHTJPZJlak,application/pdf,2023-01-02,708822
Leal Trust Administration Litigation/LEAL DAIRY/LEAL TRUST PARTNERSHIP FINANCIALS/1Citizens Statements 10623/2022/2022 12_30_2022 Checking Statement-document.pdf,1E5bphOUJUKNxsd-7SGtHCYCEScOEOXkm,application/pdf,2023-01-02,706708
Leal Trust Administration Litigation/LEAL DAIRY/LEAL TRUST PARTNERSHIP FINANCIALS/1Citizens Statements 10623/2023,1Xw326c4Y_JdEz6KsGvbeiOTMxxHZL_NH,application/vnd.google-apps.folder,2026-08-18,
Leal Trust Administration Litigation/LEAL DAIRY/LEAL TRUST PARTNERSHIP FINANCIALS/1Citizens Statements 10623/2023/2023 01_31_2023 Checking Statement-document.pdf,1PeBFnY17WrY3Yp8j97-QsFBpVu60tiKz,application/pdf,2023-02-02,706879
Leal Trust Administration Litigation/LEAL DAIRY/LEAL TRUST PARTNERSHIP FINANCIALS/1Citizens Statements 10623/2023/2023 02_28_2023 Checking Statement-document.pdf,1xfMDXk6vPOsbT5UMu53ehUsZoQixq9kT,application/pdf,2023-03-14,701585
Leal Trust Administration Litigation/LEAL DAIRY/LEAL TRUST PARTNERSHIP FINANCIALS/1Citizens Statements 10623/2023/2023 03_31_2023 Checking Statement-document.pdf,18nMZMTB3RBZ_DVCV3E_uCKM5wdtVG5xt,application/pdf,2024-06-06,701610
Leal Trust Administration Litigation/LEAL DAIRY/LEAL TRUST PARTNERSHIP FINANCIALS/1Citizens Statements 10623/2023/2023 04_28_2023 Checking Statement-document.pdf,12N50d6-P6gMyHugnPewaGA22Zt03fWyS,application/pdf,2023-05-02,702067
Leal Trust Administration Litigation/LEAL DAIRY/LEAL TRUST PARTNERSHIP FINANCIALS/1Citizens Statements 10623/2023/2023 05_31_2023 Checking Statement-document.pdf,1K8o12B3sEFkW77T6ZUbHW8kaCV-1rdEp,application/pdf,2024-06-06,701952
Leal Trust Administration Litigation/LEAL DAIRY/LEAL TRUST PARTNERSHIP FINANCIALS/1Citizens Statements 10623/2023/2023 06_30_2023 Checking Statement-document.pdf,1HNt8fBLwqzr4GUoSvZYW-w145BTklKM6,application/pdf,2024-06-06,707948
Leal Trust Administration Litigation/LEAL DAIRY/LEAL TRUST PARTNERSHIP FINANCIALS/1Citizens Statements 10623/2023/2023 07_31_2023 Checking Statement-document.pdf,1yQctrG0j9-4jLsCbd6IqpSa6do7ShiyH,application/pdf,2023-08-03,864170
Leal Trust Administration Litigation/LEAL DAIRY/LEAL TRUST PARTNERSHIP FINANCIALS/1Citizens Statements 10623/2023/2023 08_31_2023 Checking Statement-document.pdf,1t43V-8Ta1Qiv1M-aUNZ1oaDjLw7_lfVM,application/pdf,2023-09-14,710243
Leal Trust Administration Litigation/LEAL DAIRY/LEAL TRUST PARTNERSHIP FINANCIALS/1Citizens Statements 10623/2023/2023 09_29_2023 Checking Statement-document.pdf,1b7KgtN9PHxT35WaeBLjEXd0hjCMkXjfj,application/pdf,2024-06-06,708239
Leal Trust Administration Litigation/LEAL DAIRY/LEAL TRUST PARTNERSHIP FINANCIALS/1Citizens Statements 10623/2023/2023 10_31_2023 Checking Statement-document.pdf,1tOx_d-T1imEB0OWmK2bqdMdI7YUJFN7h,application/pdf,2024-06-06,709636
Leal Trust Administration Litigation/LEAL DAIRY/LEAL TRUST PARTNERSHIP FINANCIALS/1Citizens Statements 10623/2023/2023 11_30_2023 Checking Statement-document.pdf,1mgStHPDk6h1CnpRpmgGYp9oHMZ4BrSuQ,application/pdf,2023-12-05,709498
Leal Trust Administration Litigation/LEAL DAIRY/LEAL TRUST PARTNERSHIP FINANCIALS/1Citizens Statements 10623/2023/2023 12_29_2023 Checking Statement-document (1).pdf,1S4mMOYJq06dAJOVADHPxpEeLDhYbOOjU,application/pdf,2024-01-23,708220
Leal Trust Administration Litigation/LEAL DAIRY/LEAL TRUST PARTNERSHIP FINANCIALS/1Citizens Statements 10623/2024,1ogEeCuXPB_ZeT9q_0VmF_p88KztWk0_X,application/vnd.google-apps.folder,2026-08-18,
Leal Trust Administration Litigation/LEAL DAIRY/LEAL TRUST PARTNERSHIP FINANCIALS/1Citizens Statements 10623/2024/2024 01_31_2024 Checking Statement-document (1).pdf,1dGZRPie_pNBM81GIvySi9xl8FvBL5Alk,application/pdf,2024-06-06,707472
Leal Trust Administration Litigation/LEAL DAIRY/LEAL TRUST PARTNERSHIP FINANCIALS/1Citizens Statements 10623/2024/2024 02_29_2024 Checking Statement-document.pdf,1UR9hlLKpZi0jgNR4OTvXK2LDpheABC21,application/pdf,2024-06-06,707464
Leal Trust Administration Litigation/LEAL DAIRY/LEAL TRUST PARTNERSHIP FINANCIALS/1Citizens Statements 10623/2024/2024 03_29_2024 Checking Statement-document (1).pdf,1VyRAru7UNaQ4WDSUvvrpGsr_qW2l7LJ6,application/pdf,2024-06-06,707091
Leal Trust Administration Litigation/LEAL DAIRY/LEAL TRUST PARTNERSHIP FINANCIALS/1Citizens Statements 10623/2024/2024 04_30_2024 Checking Statement-document.pdf,1CD0djtDfR-jxMcnI42a8kS7WuEFrvX2Z,application/pdf,2024-06-06,707745
Leal Trust Administration Litigation/LEAL DAIRY/LEAL TRUST PARTNERSHIP FINANCIALS/1Citizens Statements 10623/2024/2024 05_31_2024 Checking Statement-document.pdf,1VqNLqaCKubQNCIaADERFwDJKX9mrD-os,application/pdf,2024-06-06,707154
Leal Trust Administration Litigation/LEAL DAIRY/LEAL TRUST PARTNERSHIP FINANCIALS/1Citizens Statements 10623/2024/2024 12 Checking Statement-document.pdf,1MNmgym8CVzyJkrVxgh0ZQTLwBnBYlBbt,application/pdf,2025-01-29,723717
Leal Trust Administration Litigation/LEAL DAIRY/LEAL TRUST PARTNERSHIP FINANCIALS/1Citizens Statements 10623/morgan stanley 2019 8.31.pdf,1ZKhYVT57hXCSn70xOKQeTW6DB1MGGeum,application/pdf,2019-09-19T16:49:40Z,77858
Leal Trust Administration Litigation/LEAL DAIRY/LEAL TRUST PARTNERSHIP FINANCIALS/1Citizens Statements 10623/PPP Forgiveness app.pdf,1oK5YKZJSgCr-gYQEq_IZikNCZSU_nbMp,application/pdf,2021-04-06T17:21:16Z,30648
Leal Trust Administration Litigation/LEAL DAIRY/LEAL TRUST PARTNERSHIP FINANCIALS/1Citizens Statements 10623/PPP LOAN DOCS Manuel C Leal.pdf,1ZnF3M_lhJgdrnR_RnwiKX9KAQE0NZpIy,application/pdf,2020-12-03T14:46:35Z,1724820
Leal Trust Administration Litigation/LEAL DAIRY/LEAL TRUST PARTNERSHIP FINANCIALS/1Citizens Statements 10623/SBA EIDL Loan Docs.pdf,1ngpyQVem0f8_qC3wlKNOEpaRU_sQQrX_,application/pdf,2020-06-03T17:32:57Z,575011
Leal Trust Administration Litigation/LEAL DAIRY/LEAL TRUST PARTNERSHIP FINANCIALS/1Citizens Statements 10623/Zoning Update Map.pdf,1cdrC-JjTt2vr8z9IcWbMVTa0MY8QNqhR,application/pdf,2020-03-05T20:28:32Z,4517487
Leal Trust Administration Litigation/LEAL DAIRY/LEAL TRUST PARTNERSHIP FINANCIALS/1Farm Credit Statements,1FZ0bIgvuEwWdzi0h-UiXgJgi7Y0idiPt,application/vnd.google-apps.folder,2026-08-18,
Leal Trust Administration Litigation/LEAL DAIRY/LEAL TRUST PARTNERSHIP FINANCIALS/1Farm Credit Statements/2016,1qapenymL8_IpXwJLEHwKEWNJl0uvrNLR,application/vnd.google-apps.folder,2026-08-18,
Leal Trust Administration Litigation/LEAL DAIRY/LEAL TRUST PARTNERSHIP FINANCIALS/1Farm Credit Statements/2016/12.31.2016 quarterly.pdf,1c22n0iVI3ZaAXJLPBGE2genLudqeV38h,application/pdf,2017-06-28T19:17:38Z,27374
Leal Trust Administration Litigation/LEAL DAIRY/LEAL TRUST PARTNERSHIP FINANCIALS/1Farm Credit Statements/2016/2016 annual.pdf,1uca53O5SUnkKVxxQ-U-cGVstGXJPzcRm,application/pdf,2017-06-28T19:16:36Z,43397
Leal Trust Administration Litigation/LEAL DAIRY/LEAL TRUST PARTNERSHIP FINANCIALS/1Farm Credit Statements/2016/6.30.16 FCW quarterly.pdf,1ac-prp0XwJ3F7L-96g8vZtH01bSkt1d7,application/pdf,2017-06-28T19:17:05Z,19710
Leal Trust Administration Litigation/LEAL DAIRY/LEAL TRUST PARTNERSHIP FINANCIALS/1Farm Credit Statements/2016/9.30.16 2016 FCW quarterly.pdf,1-ChlHKSjdIjniv-tLP_PxMITsCgGIZ6V,application/pdf,2017-06-28T19:17:19Z,27374
Leal Trust Administration Litigation/LEAL DAIRY/LEAL TRUST PARTNERSHIP FINANCIALS/1Farm Credit Statements/2017,1KJGB_ltOdiiKfhQ8G99LeK-Px2N5aKyz,application/vnd.google-apps.folder,2026-08-18,
Leal Trust Administration Litigation/LEAL DAIRY/LEAL TRUST PARTNERSHIP FINANCIALS/1Farm Credit Statements/2017/2017 1.31 FCW Billing.pdf,1e4BbPT_Ri7-3L0NkzguQqcZWq9jMJkDQ,application/pdf,2017-08-15T15:54:18Z,30883
Leal Trust Administration Litigation/LEAL DAIRY/LEAL TRUST PARTNERSHIP FINANCIALS/1Farm Credit Statements/2017/2017 10.31 FCW Billing.pdf,1CcZFLp_h22YMQ4NaT7gnpZSUSnQHt7b1,application/pdf,2017-11-02T17:40:27Z,514600
Leal Trust Administration Litigation/LEAL DAIRY/LEAL TRUST PARTNERSHIP FINANCIALS/1Farm Credit Statements/2017/2017 11.30 FCW Billing.pdf,1fYJ8n90xAaLG5GWKvVBDu5lTjJNkHW3p,application/pdf,2017-12-04T19:31:36Z,453742
Leal Trust Administration Litigation/LEAL DAIRY/LEAL TRUST PARTNERSHIP FINANCIALS/1Farm Credit Statements/2017/2017 11.30 FCW Transactions.pdf,1-WnA2Y-Pr_apMauStKUYnzkKRMqopH3c,application/pdf,2017-12-04T19:36:27Z,1617526
Leal Trust Administration Litigation/LEAL DAIRY/LEAL TRUST PARTNERSHIP FINANCIALS/1Farm Credit Statements/2017/2017 12.31 FCW Billing.pdf,1yecVTQwQye0DxTBOMU2Lv0vaLky9hsvg,application/pdf,2018-01-07T23:51:09Z,499612
Leal Trust Administration Litigation/LEAL DAIRY/LEAL TRUST PARTNERSHIP FINANCIALS/1Farm Credit Statements/2017/2017 12.31 FCW Quarterly Summary.pdf,1U6v51uS5h5ru2GK8AEh1jBBTNzdJe4Q_,application/pdf,2018-01-07T23:51:55Z,233087
Leal Trust Administration Litigation/LEAL DAIRY/LEAL TRUST PARTNERSHIP FINANCIALS/1Farm Credit Statements/2017/2017 2.28 FCW Billing.pdf,1cXts0VQgN55TpFFKZ5mdPcHmkPBtZRle,application/pdf,2017-08-15T15:54:41Z,30683
Leal Trust Administration Litigation/LEAL DAIRY/LEAL TRUST PARTNERSHIP FINANCIALS/1Farm Credit Statements/2017/2017 3.31 FCW quarterly.pdf,1D3U9Ei6sRe_2ShExxWEKdE8HxMMpm6AQ,application/pdf,2017-06-28T19:17:55Z,27937
Leal Trust Administration Litigation/LEAL DAIRY/LEAL TRUST PARTNERSHIP FINANCIALS/1Farm Credit Statements/2017/2017 4.30 FCW Billing.pdf,1dG53kP0Ztrgb2_EhZGQYHeSurFSO2LSw,application/pdf,2017-08-15T15:55:12Z,30657
Leal Trust Administration Litigation/LEAL DAIRY/LEAL TRUST PARTNERSHIP FINANCIALS/1Farm Credit Statements/2017/2017 5.30 FCW billing.pdf,1wP0pdxKdhjvsMkJayJlxcYCqSBiUGaFT,application/pdf,2017-06-28T19:15:59Z,30679
Leal Trust Administration Litigation/LEAL DAIRY/LEAL TRUST PARTNERSHIP FINANCIALS/1Farm Credit Statements/2017/2017 6.30 FCW billing.pdf,1n1nOxmSoFP6cI1Z78BHUAPe56xtvFc5Z,application/pdf,2017-06-28T19:18:27Z,30681
Leal Trust Administration Litigation/LEAL DAIRY/LEAL TRUST PARTNERSHIP FINANCIALS/1Farm Credit Statements/2017/2017 6.30 FCW quarterly.pdf,1WkrHXghqNNksubsxYTvj2Jw5cUQqBh1O,application/pdf,2017-08-15T15:53:44Z,27640
Leal Trust Administration Litigation/LEAL DAIRY/LEAL TRUST PARTNERSHIP FINANCIALS/1Farm Credit Statements/2017/2017 7.31 FCW Billing.pdf,1mQERljprwJoAReQywvjQ14M2cJutkybh,application/pdf,2017-08-15T15:52:56Z,30701
Leal Trust Administration Litigation/LEAL DAIRY/LEAL TRUST PARTNERSHIP FINANCIALS/1Farm Credit Statements/2017/2017 8.31 FCW Billing.pdf,1Uu3xbHhi9FKyaUiiywIBKlyMla6AbOum,application/pdf,2017-09-06T23:11:23Z,30681
Leal Trust Administration Litigation/LEAL DAIRY/LEAL TRUST PARTNERSHIP FINANCIALS/1Farm Credit Statements/2017/2017 9.30 FCW Billing.pdf,1NNJjS-r4vztBaYqFV59aWbwd2_B8cYt3,application/pdf,2017-10-07T18:32:43Z,31259
Leal Trust Administration Litigation/LEAL DAIRY/LEAL TRUST PARTNERSHIP FINANCIALS/1Farm Credit Statements/2017/2017 9.30 FCW Quarterly.pdf,1Tl4pUpKVoUGqYWxRfGmGVCaHuRp6v6ro,application/pdf,2017-10-07T18:32:57Z,28019
Leal Trust Administration Litigation/LEAL DAIRY/LEAL TRUST PARTNERSHIP FINANCIALS/1Farm Credit Statements/2017/BBR Inventory 12.31.17.xlsx,1oc_WmugzQXBj0XwafjUP4phn8Dsydy3N,application/vnd.openxmlformats-officedocument.spreadsheetml.sheet,2018-01-08T23:37:04Z,528896
Leal Trust Administration Litigation/LEAL DAIRY/LEAL TRUST PARTNERSHIP FINANCIALS/1Farm Credit Statements/2018,1TykhFpUrv6SdGhCRIp6Fwyn-WXULPtd-,application/vnd.google-apps.folder,2026-08-18,
Leal Trust Administration Litigation/LEAL DAIRY/LEAL TRUST PARTNERSHIP FINANCIALS/1Farm Credit Statements/2018/2018 1.31 FCW Billing.pdf,11GN9wSjS2acwSn9yXVImI2IAtp7N64_0,application/pdf,2018-02-08T18:13:51Z,274143
Leal Trust Administration Litigation/LEAL DAIRY/LEAL TRUST PARTNERSHIP FINANCIALS/1Farm Credit Statements/2018/2018 10.17 FCW Billing.pdf,1baiIo_gGO3mJ0ilq1tXb4DQCvg6ee83H,application/pdf,2018-11-15T21:41:37Z,1486103
Leal Trust Administration Litigation/LEAL DAIRY/LEAL TRUST PARTNERSHIP FINANCIALS/1Farm Credit Statements/2018/2018 11.30 FCW Billing.pdf,1FB98LeXDn_-CBsLnlgi3a7DJ_OyRaPOy,application/pdf,2018-12-10T22:13:06Z,434033
Leal Trust Administration Litigation/LEAL DAIRY/LEAL TRUST PARTNERSHIP FINANCIALS/1Farm Credit Statements/2018/2018 12.10 FCW Billing.pdf,1nHkdljt5eiSCNnxH8xeHvCHK89lPOZlI,application/pdf,2019-01-14T20:47:29Z,706000
Leal Trust Administration Litigation/LEAL DAIRY/LEAL TRUST PARTNERSHIP FINANCIALS/1Farm Credit Statements/2018/2018 12.31 FCW Quarterly.pdf,1lqtoLoyju0Z1VgDT1wVp59pocMzG53Rm,application/pdf,2019-01-14T20:47:08Z,216526
Leal Trust Administration Litigation/LEAL DAIRY/LEAL TRUST PARTNERSHIP FINANCIALS/1Farm Credit Statements/2018/2018 2.28 FCW Billing.pdf,12EkYUeX7-rWeUgeJgEEIO3ft7RNWfqnH,application/pdf,2018-03-07T21:59:14Z,487031
Leal Trust Administration Litigation/LEAL DAIRY/LEAL TRUST PARTNERSHIP FINANCIALS/1Farm Credit Statements/2018/2018 3.31 FCW Billing.pdf,1mulAPznP-wlrxbXrRBzCSgW8M5QBf_Qa,application/pdf,2018-04-10T18:37:18Z,714536
Leal Trust Administration Litigation/LEAL DAIRY/LEAL TRUST PARTNERSHIP FINANCIALS/1Farm Credit Statements/2018/2018 3.31 FCW Quarterly.pdf,1-9x25gXu1i9ZAJw36xnDyd7jnDWm7Ma6,application/pdf,2018-04-10T18:37:02Z,219405
Leal Trust Administration Litigation/LEAL DAIRY/LEAL TRUST PARTNERSHIP FINANCIALS/1Farm Credit Statements/2018/2018 4.30 FCW Billing.pdf,18OA2mp2jRhehj9HrpPYpjs_iz1rSG2_o,application/pdf,2018-05-10T17:14:00Z,352657
Leal Trust Administration Litigation/LEAL DAIRY/LEAL TRUST PARTNERSHIP FINANCIALS/1Farm Credit Statements/2018/2018 5.31 FCW Billing.pdf,114QmjuOiJ2ClUGCF_x5dcTfDIwdF61ON,application/pdf,2018-06-07T16:49:47Z,295351
Leal Trust Administration Litigation/LEAL DAIRY/LEAL TRUST PARTNERSHIP FINANCIALS/1Farm Credit Statements/2018/2018 6.30 FCW Billing.pdf,1mjVcpapWCIUApKr-ey6L659uAZE50zrq,application/pdf,2018-07-06T16:55:02Z,275027
Leal Trust Administration Litigation/LEAL DAIRY/LEAL TRUST PARTNERSHIP FINANCIALS/1Farm Credit Statements/2018/2018 6.30 FCW Quarterly.pdf,1EfgYUU1tlmW_w0EIzdFVo6lsIeun4QMR,application/pdf,2018-07-06T16:55:28Z,216952
Leal Trust Administration Litigation/LEAL DAIRY/LEAL TRUST PARTNERSHIP FINANCIALS/1Farm Credit Statements/2018/2018 7.31 FCW Billing.pdf,1_L8kvbwd2R-FPNFVut29NKOE2qXDq_sq,application/pdf,2018-09-06T18:38:21Z,434040
Leal Trust Administration Litigation/LEAL DAIRY/LEAL TRUST PARTNERSHIP FINANCIALS/1Farm Credit Statements/2018/2018 8.31 FCW Billing.pdf,1Jl34NPqR4VykZD2D70-3hwZ3A4T8D_jC,application/pdf,2018-09-06T18:37:58Z,2295737
Leal Trust Administration Litigation/LEAL DAIRY/LEAL TRUST PARTNERSHIP FINANCIALS/1Farm Credit Statements/2018/2018 9.30 Quarterly.pdf,1q8CFkj6dpLXX2Qx3Oe1gl8tGzkV3nvpg,application/pdf,2018-10-11T19:03:25Z,262376
Leal Trust Administration Litigation/LEAL DAIRY/LEAL TRUST PARTNERSHIP FINANCIALS/1Farm Credit Statements/2018/2018 FCW Annual Summary.pdf,1NRQuc05A5QU6w60RL0mYdMM7VUTYeDMX,application/pdf,2019-01-14T20:46:43Z,465711
Leal Trust Administration Litigation/LEAL DAIRY/LEAL TRUST PARTNERSHIP FINANCIALS/1Farm Credit Statements/2018/Please_DocuSign_ASN1087_Loan_Pricing_Convers.pdf,1VOoChbcJjKE5hWJQqpLW4yZsKX7AJq7X,application/pdf,2018-01-11T21:49:34Z,101005
Leal Trust Administration Litigation/LEAL DAIRY/LEAL TRUST PARTNERSHIP FINANCIALS/1Farm Credit Statements/2019 1.17 FCW Billing.pdf,10UCFHgTdLf-1ya0CtxGfVNhZcbjliNU9,application/pdf,2019-01-23T00:15:11Z,513025
Leal Trust Administration Litigation/LEAL DAIRY/LEAL TRUST PARTNERSHIP FINANCIALS/1Farm Credit Statements/2019 6.30 FCW Quarterly Statement.pdf,1j34DqMKjUV5wqGJAKY1IUaStrghmc79D,application/pdf,2019-07-14T17:13:51Z,199928
Leal Trust Administration Litigation/LEAL DAIRY/LEAL TRUST PARTNERSHIP FINANCIALS/1Farm Credit Statements/2019 FCW Annual Statement.pdf,1E8EzAbwC7TxaGzBp-bVbba4OrLk9LHqn,application/pdf,2020-01-14T18:29:34Z,447444
Leal Trust Administration Litigation/LEAL DAIRY/LEAL TRUST PARTNERSHIP FINANCIALS/1Farm Credit Statements/2021 FCW Annual Statement.pdf,1GVYcGW9O28CaFgm474LlXFOQLaKzH7gJ,application/pdf,2022-03-16T18:26:25Z,7033548
Leal Trust Administration Litigation/LEAL DAIRY/LEAL TRUST PARTNERSHIP FINANCIALS/1Farm Credit Statements/3.31.20 Manuel C. Leal BBR.xlsx,1srtF1ihlaZTTAuPTPGb37C7RG3txZUS_,application/vnd.openxmlformats-officedocument.spreadsheetml.sheet,2020-03-31T22:48:51Z,536576
Leal Trust Administration Litigation/LEAL DAIRY/LEAL TRUST PARTNERSHIP FINANCIALS/1Farm Credit Statements/Dairy_Borrowing_Base 12.31.18.pdf,1_VqXM5wgWag-1rrPXyWRjsuM-Ps2QzWd,application/pdf,2019-02-04T23:16:54Z,573892
Leal Trust Administration Litigation/LEAL DAIRY/LEAL TRUST PARTNERSHIP FINANCIALS/1Farm Credit Statements/DocuSign_FCW_-_Dairy_Borrowing_Base 9.30.22.pdf,15kbU5Yv77JGZb6PQxrYQ9NqWX2cFZU2I,application/pdf,2022-10-26T17:10:58Z,599850
Leal Trust Administration Litigation/LEAL DAIRY/LEAL TRUST PARTNERSHIP FINANCIALS/1Farm Credit Statements/FCW 2019 Annual Statement.pdf,1yE-7KZUUfJklivTHXYDarFVyNeP2bxjJ,application/pdf,2020-02-15T20:25:19Z,447444
Leal Trust Administration Litigation/LEAL DAIRY/LEAL TRUST PARTNERSHIP FINANCIALS/1Farm Credit Statements/FCW Barn & Freestall 1.1-2.14.pdf,1XWQNTI4NzPOdGM0TXOljomAo0jbjmwws,application/pdf,2019-02-14T22:56:08Z,5740
Leal Trust Administration Litigation/LEAL DAIRY/LEAL TRUST PARTNERSHIP FINANCIALS/1Farm Credit Statements/FCW Cow Line 1.1-2.14.pdf,1VDrkFme3yX_JdNkMlJFmoguOZKr8_Dzf,application/pdf,2019-02-14T22:55:01Z,7909
Leal Trust Administration Litigation/LEAL DAIRY/LEAL TRUST PARTNERSHIP FINANCIALS/1Farm Credit Statements/FCW Feed Line 1.1-2.14.pdf,1R0Uyoo8gdErj29aVNAnwB8LuIHfRaj8P,application/pdf,2019-02-14T22:54:33Z,8829
Leal Trust Administration Litigation/LEAL DAIRY/LEAL TRUST PARTNERSHIP FINANCIALS/1Farm Credit Statements/FCW inventory2019-01-31.pdf,1T2O_MBIhurAMxqaEbWf_K-jrDJQZKtaA,application/pdf,2019-01-31T22:11:17Z,3070821
Leal Trust Administration Litigation/LEAL DAIRY/LEAL TRUST PARTNERSHIP FINANCIALS/1Farm Credit Statements/FCW Perry Ranch 1.1-2.14.pdf,19cmXic5W6ioy1qdk6U8S2HCHy471Fk0d,application/pdf,2019-02-14T22:55:49Z,5535
Leal Trust Administration Litigation/LEAL DAIRY/LEAL TRUST PARTNERSHIP FINANCIALS/1Farm Credit Statements/FCW Prepay Line 1.1-2.14.pdf,1Fg3IevpW7SG0vLkorYxWJ2Nqv_ryM3Z3,application/pdf,2019-02-14T22:55:24Z,6024
Leal Trust Administration Litigation/LEAL DAIRY/LEAL TRUST PARTNERSHIP FINANCIALS/1Farm Credit Statements/LEAL P&L 3.31.20.pdf,1o5yjTOk2gCcyrBni2Vpr_TvoVxc8hb8J,application/pdf,2020-03-31T22:57:16Z,39260
Leal Trust Administration Litigation/LEAL DAIRY/LEAL TRUST PARTNERSHIP FINANCIALS/Deere 544K Loader FCW,110tPGdYUtUWMQVdYlN9nVsD5Cb_QBg75,application/vnd.google-apps.folder,2026-08-18,
Leal Trust Administration Litigation/LEAL DAIRY/LEAL TRUST PARTNERSHIP FINANCIALS/Deere 544K Loader FCW/#2 Signed Docs.pdf,1CyusVjeC6rcmv4gETMpOR8vdcJs97ksA,application/pdf,2016-12-28T16:20:58Z,1956962
Leal Trust Administration Litigation/LEAL DAIRY/LEAL TRUST PARTNERSHIP FINANCIALS/Deere 544K Loader FCW/Signed Master Docs  04-12-2016.pdf,1avMUdAbYGelF9O_JPd2EdTS6giGLp-WE,application/pdf,2016-12-28T16:21:02Z,3083171
Leal Trust Administration Litigation/LEAL DAIRY/LEAL TRUST PARTNERSHIP FINANCIALS/Depreciation Schedule 2014 - Manuel Leal.pdf,12i8uVjlJZ_mxu844cWx6Re0tgyIZC7DG,application/pdf,2014-10-31T16:52:41Z,59445
Leal Trust Administration Litigation/LEAL DAIRY/LEAL TRUST PARTNERSHIP FINANCIALS/equity estimate 1.20.16.xlsx,1lfXYiPQHOzarjkz3HqhN_OrVQPm2eJhw,application/vnd.openxmlformats-officedocument.spreadsheetml.sheet,2017-12-07T16:37:11Z,12782
Leal Trust Administration Litigation/LEAL DAIRY/LEAL TRUST PARTNERSHIP FINANCIALS/equity estimate 1.20.17.xlsx,1J89HTQnqjvij9WIvp46lNER0gDYkpeWG,application/vnd.openxmlformats-officedocument.spreadsheetml.sheet,2017-07-31T21:34:15Z,12739
Leal Trust Administration Litigation/LEAL DAIRY/LEAL TRUST PARTNERSHIP FINANCIALS/equity estimate 12.7.17.xlsx,1fInEGCIPLJwrkJ6yTCDdhShT1-G896Sq,application/vnd.openxmlformats-officedocument.spreadsheetml.sheet,2017-12-08T13:13:24Z,13480
Leal Trust Administration Litigation/LEAL DAIRY/LEAL TRUST PARTNERSHIP FINANCIALS/equity estimate 3.20.15.xlsx,1J-zsPlNDrYma7A9WPvCJ_4u12v2rfUNK,application/vnd.openxmlformats-officedocument.spreadsheetml.sheet,2017-12-07T16:40:36Z,12644
Leal Trust Administration Litigation/LEAL DAIRY/LEAL TRUST PARTNERSHIP FINANCIALS/equity estimate 4.22.16.xlsx,1yAfmA_LRbZK_QNIDmr7D1dQkEcp-gJs8,application/vnd.openxmlformats-officedocument.spreadsheetml.sheet,2016-04-22T17:29:09Z,14333
Leal Trust Administration Litigation/LEAL DAIRY/LEAL TRUST PARTNERSHIP FINANCIALS/equity estimate 7.30.17.xlsx,1VnSIlWzzYfkezZoggg94qJUnIVIRsGZd,application/vnd.openxmlformats-officedocument.spreadsheetml.sheet,2017-07-31T21:34:13Z,12936
Leal Trust Administration Litigation/LEAL DAIRY/LEAL TRUST PARTNERSHIP FINANCIALS/equity estimate 9.20.15.xlsx,1QbAeO77mKRa8gT-mhSURq1Dui-2EI7-t,application/vnd.openxmlformats-officedocument.spreadsheetml.sheet,2016-03-03T00:14:31Z,14310
Leal Trust Administration Litigation/LEAL DAIRY/LEAL TRUST PARTNERSHIP FINANCIALS/equity estimate Current.xlsx,1dwBLlvoyZ4UsdMkCFNSqObxZT66e83G6,application/vnd.openxmlformats-officedocument.spreadsheetml.sheet,2026-04-21T17:34:43Z,234063
Leal Trust Administration Litigation/LEAL DAIRY/LEAL TRUST PARTNERSHIP FINANCIALS/equity estimate.xlsx,1MS1notLU11mKYZpa6Eqo0CqcOtJaqOF7,application/vnd.openxmlformats-officedocument.spreadsheetml.sheet,2015-03-13T19:06:30Z,14329
Leal Trust Administration Litigation/LEAL DAIRY/LEAL TRUST PARTNERSHIP FINANCIALS/Financial Statements,1_CLMzrasMbLu1zoE8nMsrNXZb5Z8CzWH,application/vnd.google-apps.folder,2026-08-18,
Leal Trust Administration Litigation/LEAL DAIRY/LEAL TRUST PARTNERSHIP FINANCIALS/Financial Statements/1993 financial statement.pdf,10f-7uUFh-WNiMBcI0powWsxqHMMKUBKX,application/pdf,2017-02-22T18:49:50Z,5655393
Leal Trust Administration Litigation/LEAL DAIRY/LEAL TRUST PARTNERSHIP FINANCIALS/Financial Statements/Draft- Manuel Leal & Son Dairy 3.7.16.pdf,10Dxvc_d3tgvF1ladgc4tQP9TG9MAc2JQ,application/pdf,2016-03-11T23:35:39Z,1167787
Leal Trust Administration Litigation/LEAL DAIRY/LEAL TRUST PARTNERSHIP FINANCIALS/Financial Statements/equity 1992-1993.pdf,1UR7VqJ54GJOrbiFh9le7ikd4bKRCjLGv,application/pdf,2017-02-22T18:59:57Z,820931
Leal Trust Administration Litigation/LEAL DAIRY/LEAL TRUST PARTNERSHIP FINANCIALS/Financial Statements/equity 1997.pdf,1IHyTCPglh5aONtv3idKQzgeLgUVTkGDG,application/pdf,2017-02-22T19:00:15Z,339775
Leal Trust Administration Litigation/LEAL DAIRY/LEAL TRUST PARTNERSHIP FINANCIALS/Financial Statements/Equity Accounts 1997-2015 with 1993.pdf,1Q-URdxwqvTxlCHF7fH_GghcHsEeMoXto,application/pdf,2017-03-22T20:29:47Z,7397379
Leal Trust Administration Litigation/LEAL DAIRY/LEAL TRUST PARTNERSHIP FINANCIALS/Financial Statements/Financial Statement Basis Dairy - ME Version thru 12-31-17xls (3).pdf,17RMOJ3jVOeJKTOjA0UOc5fUHgrI_2F4c,application/pdf,2019-03-18T17:58:03Z,97737
Leal Trust Administration Litigation/LEAL DAIRY/LEAL TRUST PARTNERSHIP FINANCIALS/Financial Statements/Financial Statement Basis Dairy - ME Version thru 12-31-18xls.xls,1MDz9WKM7OOOL9Zdhe6N68GqINz_Fui5k,application/vnd.ms-excel,2020-12-18T17:51:46Z,142848
Leal Trust Administration Litigation/LEAL DAIRY/LEAL TRUST PARTNERSHIP FINANCIALS/Financial Statements/Leal and Son Dairy 12.31.12 FS.pdf,1QnCh3xtNch1-67r-Vq6Me_bFM2vygDsF,application/pdf,2013-07-30T16:22:24Z,922615
Leal Trust Administration Litigation/LEAL DAIRY/LEAL TRUST PARTNERSHIP FINANCIALS/Financial Statements/Manuel Leal & Son Dairy 12.31.15 FS.PDF,1AOKQT06xYStlhoX1ZvFh_esDkP9dQqux,application/pdf,2020-08-20T11:34:15Z,559424
Leal Trust Administration Litigation/LEAL DAIRY/LEAL TRUST PARTNERSHIP FINANCIALS/Financial Statements/Manuel Leal & Son Dairy 12.31.16 FS.PDF,1q6AAbYV2MNu6yB8cgX8n-k-Z7QMEhcTd,application/pdf,2020-08-20T11:34:14Z,576823
Leal Trust Administration Litigation/LEAL DAIRY/LEAL TRUST PARTNERSHIP FINANCIALS/Financial Statements/Manuel Leal & Son Dairy 12.31.17 FS.PDF,1eVgouyUR2Kok-oopmjSy_DzbuwKL4xfL,application/pdf,2020-08-20T11:34:13Z,586316
Leal Trust Administration Litigation/LEAL DAIRY/LEAL TRUST PARTNERSHIP FINANCIALS/Financial Statements/Manuel Leal & Son Dairy 12.31.18 FS.PDF,1R0G1Hgs8xGHBKzBps6Xg2thFKwReEP_J,application/pdf,2020-08-20T11:34:12Z,579799
Leal Trust Administration Litigation/LEAL DAIRY/LEAL TRUST PARTNERSHIP FINANCIALS/Financial Statements/Manuel Leal & Son Dairy 12.31.19 FS.PDF,1WwKf75SIGfGemgKkulYr0StI16A4RnF7,application/pdf,2020-08-20T11:34:11Z,820128
Leal Trust Administration Litigation/LEAL DAIRY/LEAL TRUST PARTNERSHIP FINANCIALS/Financial Statements/Manuel Leal & Son Dairy 12.31.2022 FS.pdf,1SKsFOPwzFediC7Iwz44zOjsIdYz6tikH,application/pdf,2023-05-03T18:26:49Z,593543
Leal Trust Administration Litigation/LEAL DAIRY/LEAL TRUST PARTNERSHIP FINANCIALS/Financial Statements/Manuel Leal & Son Dairy 12.31.2024 FS.pdf,1qVYs5cBhwon-cO3yxu5e9Jt5uaUcsZRb,application/pdf,2025-03-14T19:00:15Z,427893
Leal Trust Administration Litigation/LEAL DAIRY/LEAL TRUST PARTNERSHIP FINANCIALS/Financial Statements/Manuel Leal & Son Dairy 12.31.21.pdf,1dIQfnMs3r9SjMD8sVY2N2RHDlpV-YhTA,application/pdf,2022-05-17T13:38:49Z,588109
Leal Trust Administration Litigation/LEAL DAIRY/LEAL TRUST PARTNERSHIP FINANCIALS/Financial Statements/Manuel Leal & Son Dairy 1999 FS.pdf,10-q9owIAqjKZw330q4gPQTCpD_ciD-VX,application/pdf,2017-02-17T21:46:14Z,460680
Leal Trust Administration Litigation/LEAL DAIRY/LEAL TRUST PARTNERSHIP FINANCIALS/Financial Statements/Manuel Leal & Son Dairy 2002 FS.pdf,1_xdZYJX7cITLpDa3tDvnOwbkVc7M9qLf,application/pdf,2017-02-17T21:46:14Z,95630
Leal Trust Administration Litigation/LEAL DAIRY/LEAL TRUST PARTNERSHIP FINANCIALS/Financial Statements/Manuel Leal & Son Dairy 2005 FS.pdf,1e_-bD4K14drsUovYDdPhFNDsIZM3zKNI,application/pdf,2006-05-17T13:47:02Z,582268
Leal Trust Administration Litigation/LEAL DAIRY/LEAL TRUST PARTNERSHIP FINANCIALS/Financial Statements/Manuel Leal & Son Dairy 2010 FS.pdf,1WfvXxftl2MsZ2o1NinFrq3ysuuuL1Rt3,application/pdf,2012-02-17T18:57:58Z,834218
Leal Trust Administration Litigation/LEAL DAIRY/LEAL TRUST PARTNERSHIP FINANCIALS/Financial Statements/Manuel Leal & Son Dairy 2011 FS.pdf,1xulP6p-Mmau5g4yqGo4GThBRjtmxIW1k,application/pdf,2012-09-18T13:03:12Z,4291017
Leal Trust Administration Litigation/LEAL DAIRY/LEAL TRUST PARTNERSHIP FINANCIALS/Financial Statements/Manuel Leal & Son Dairy 2012 FS.pdf,1gdzVfbmee-6RE8PNZhB9nQTV2S9Xj5qr,application/pdf,2013-06-18T19:11:50Z,1069325
Leal Trust Administration Litigation/LEAL DAIRY/LEAL TRUST PARTNERSHIP FINANCIALS/Financial Statements/Manuel Leal & Son Dairy 2013 FS.pdf,1B_TQ3iy5octFxE3oIy8Htl0SxTZ_EgAf,application/pdf,2016-03-11T23:33:55Z,974168
Leal Trust Administration Litigation/LEAL DAIRY/LEAL TRUST PARTNERSHIP FINANCIALS/Financial Statements/Manuel Leal & Son Dairy 2014 FS.pdf,1UKkAe_HgGDOc5pw4OPpyYyRJ61ZmZrd1,application/pdf,2016-03-11T23:33:57Z,1031607
Leal Trust Administration Litigation/LEAL DAIRY/LEAL TRUST PARTNERSHIP FINANCIALS/Financial Statements/Manuel Leal & Son Dairy 2015 FS.pdf,1K8YPmLmrbepVTjBBJMVHV3QoUKvRFsDI,application/pdf,2016-12-19T16:58:35Z,559424
Leal Trust Administration Litigation/LEAL DAIRY/LEAL TRUST PARTNERSHIP FINANCIALS/Financial Statements/Manuel Leal & Son Dairy 2020 FS.pdf,1A6xh9R4Qpaw9JhQhWrZ51ded7tM9eMbX,application/pdf,2021-12-10T18:36:52Z,600408
Leal Trust Administration Litigation/LEAL DAIRY/LEAL TRUST PARTNERSHIP FINANCIALS/Financial Statements/Manuel Leal & Son Dairy Draft 2025.pdf,147k0CCBy2Mu18YzpC5MKiGy1f6w6kEVU,application/pdf,2026-04-29T22:54:19Z,966044
Leal Trust Administration Litigation/LEAL DAIRY/LEAL TRUST PARTNERSHIP FINANCIALS/Financial Statements/Manuel Leal & Sons Dairy 12.31.23 FS .pdf,1ZdkvmPsuW17av-9b-cb_UElgCKMBsb4W,application/pdf,2024-06-08T13:17:12Z,606863
Leal Trust Administration Litigation/LEAL DAIRY/LEAL TRUST PARTNERSHIP FINANCIALS/Financial Statements/Reddington Current Value Balance Sheet.pdf,122s_HfG8aMlbu2qfzL3iBORu5nOUnaPI,application/pdf,2017-02-28T23:44:40Z,555513
Leal Trust Administration Litigation/LEAL DAIRY/LEAL TRUST PARTNERSHIP FINANCIALS/Fixed Asset Schedule.pdf,1r-2VRPc6NmCYpXhJ7mvS50h7IrcfKH2Z,application/pdf,2016-03-29T14:25:03Z,56650
Leal Trust Administration Litigation/LEAL DAIRY/LEAL TRUST PARTNERSHIP FINANCIALS/important numbers.xlsx,1vacOZpTJl2BCbl1IjKnjHSB-y5hkMGrr,application/vnd.openxmlformats-officedocument.spreadsheetml.sheet,2026-07-06T23:15:15Z,23583
Leal Trust Administration Litigation/LEAL DAIRY/LEAL TRUST PARTNERSHIP FINANCIALS/Land Lease Contract.docx,16nPRnfuEdrdBqHKZjdXj8CjOSNyHBBHA,application/vnd.openxmlformats-officedocument.wordprocessingml.document,2022-03-16T17:51:49Z,12010
Leal Trust Administration Litigation/LEAL DAIRY/LEAL TRUST PARTNERSHIP FINANCIALS/Leal age retirement payouts.pdf,1z0GK1mZCS-6yZqdUu0tu5rHgl5khGlep,application/pdf,2023-03-14T17:06:40Z,536708
Leal Trust Administration Litigation/LEAL DAIRY/LEAL TRUST PARTNERSHIP FINANCIALS/LEAL APN desc prop taxes.xlsx,1qRX7xUllb1jNLPjuo5cSSm4scmrG-voS,application/vnd.openxmlformats-officedocument.spreadsheetml.sheet,2026-07-30T15:02:41Z,15130
Leal Trust Administration Litigation/LEAL DAIRY/LEAL TRUST PARTNERSHIP FINANCIALS/Leal Memo of Trust.pdf,1ouN5eqboNGmXLgw2CqgiLskmjC6ypu80,application/pdf,2022-03-14T23:52:44Z,758756
Leal Trust Administration Litigation/LEAL DAIRY/LEAL TRUST PARTNERSHIP FINANCIALS/LEASE AGREEMENT 3.6.13.docx,1lQDWN-GNS5C7s22iC4PMtDzOB0aG9ySX,application/vnd.openxmlformats-officedocument.wordprocessingml.document,2016-10-22T00:38:59Z,11759
Leal Trust Administration Litigation/LEAL DAIRY/LEAL TRUST PARTNERSHIP FINANCIALS/lease agreement unsigned.pdf,16QUyiDRZaZH8xOtJrBzNtfErUGFe0e9H,application/pdf,2017-07-24T21:19:28Z,2614642
Leal Trust Administration Litigation/LEAL DAIRY/LEAL TRUST PARTNERSHIP FINANCIALS/LOANS DEEDS,1jbrorv5rz-xzDemLcBV3WI5w3euAUSIn,application/vnd.google-apps.folder,2026-08-18,
Leal Trust Administration Litigation/LEAL DAIRY/LEAL TRUST PARTNERSHIP FINANCIALS/LOANS DEEDS/Feed Truck Lease Docs.pdf,12AHUqqWtCkIV8XIEAqD3NwocHaCgTCvp,application/pdf,2012-12-13,103714
Leal Trust Administration Litigation/LEAL DAIRY/LEAL TRUST PARTNERSHIP FINANCIALS/LOANS DEEDS/kubota L3200HST loan.pdf,189CELlphPLLrrg_m8-2zcAT83emYjlye,application/pdf,2015-05-01,1274606
Leal Trust Administration Litigation/LEAL DAIRY/LEAL TRUST PARTNERSHIP FINANCIALS/LOANS DEEDS/Kubota loan 2024.pdf,10yx0_Sz_NvZ8TxQsb6l-mmWlnRKLscd9,application/pdf,2024-07-29,2588835
Leal Trust Administration Litigation/LEAL DAIRY/LEAL TRUST PARTNERSHIP FINANCIALS/LOANS DEEDS/Kubota Loan.pdf,1idNFtMwDgjwQrTrvnRwK2Yc21pg_71Xz,application/pdf,2024-08-06,2579743
Leal Trust Administration Litigation/LEAL DAIRY/LEAL TRUST PARTNERSHIP FINANCIALS/LOANS DEEDS/loan balances 7.30.17.xlsx,1Etf1Ij6-WJHKLv5rwwk7dR9lFDDBQDQB,application/vnd.openxmlformats-officedocument.spreadsheetml.sheet,2017-08-01,9587
Leal Trust Administration Litigation/LEAL DAIRY/LEAL TRUST PARTNERSHIP FINANCIALS/LOANS DEEDS/machado quota note.pdf,1fSDCRWZsFK3evkuV7UhKlKlGZg5uP45s,application/pdf,2017-12-07,1478869
Leal Trust Administration Litigation/LEAL DAIRY/LEAL TRUST PARTNERSHIP FINANCIALS/LOANS DEEDS/machado quota title.pdf,1PzKHdeeSQKRqjLv5c5v9cgA2-zsezonX,application/pdf,2016-08-24,8306026
Leal Trust Administration Litigation/LEAL DAIRY/LEAL TRUST PARTNERSHIP FINANCIALS/LOANS DEEDS/Orozco.Rodrigues Deed.pdf,1ATNLIoV4I0xe-9ajJz8IGJeYno625Gvl,application/pdf,2016-08-24,6012759
Leal Trust Administration Litigation/LEAL DAIRY/LEAL TRUST PARTNERSHIP FINANCIALS/LOANS DEEDS/Perry Ranch Loan.pdf,1WJJHdNZ50ZZB9p-VhFDhNXijNB3SBCi7,application/pdf,2013-02-01,454615
Leal Trust Administration Litigation/LEAL DAIRY/LEAL TRUST PARTNERSHIP FINANCIALS/LOANS DEEDS/Rodrigues Ranch Escrow.pdf,10ZCnjymzZ2nTAHSwPnCw9Do7m6YvDnqU,application/pdf,2012-02-17,2968417
Leal Trust Administration Litigation/LEAL DAIRY/LEAL TRUST PARTNERSHIP FINANCIALS/LOANS DEEDS/Rodrigues Ranch Note.pdf,1b_jf6r-yY-nkYbKzZl6VcfDwP40n1g7l,application/pdf,2017-07-28,1915675
Leal Trust Administration Litigation/LEAL DAIRY/LEAL TRUST PARTNERSHIP FINANCIALS/LOANS DEEDS/Silv Large Loan Note.pdf,1FLmQM9ijY8DdkTl8WiFGe0IpmVZ7MvOc,application/pdf,2014-04-25,568151
Leal Trust Administration Litigation/LEAL DAIRY/LEAL TRUST PARTNERSHIP FINANCIALS/LOANS DEEDS/Silv Loan Mod.pdf,1-tLAb_5NaztWWRq4wljX28I_6Ml82VBb,application/pdf,2014-04-14,4413793
Leal Trust Administration Litigation/LEAL DAIRY/LEAL TRUST PARTNERSHIP FINANCIALS/LOANS DEEDS/silv mod loan docs.pdf,1VqAHpImzs82i0rt2R71P4VXFwO88S69-,application/pdf,2014-04-25,506549
Leal Trust Administration Litigation/LEAL DAIRY/LEAL TRUST PARTNERSHIP FINANCIALS/LOANS DEEDS/Silv Small Loan note.pdf,1hFTKM-Ex4LqIGcdgP-7rNrR2IRrxas_9,application/pdf,2014-04-25,2024716
Leal Trust Administration Litigation/LEAL DAIRY/LEAL TRUST PARTNERSHIP FINANCIALS/LOANS DEEDS/Smith note.pdf,1L3I60HLnCrHxFzAZ4zs3QjVy9WXRHFei,application/pdf,2015-09-29,361866
Leal Trust Administration Litigation/LEAL DAIRY/LEAL TRUST PARTNERSHIP FINANCIALS/LOANS DEEDS/TCFCU Ram 2500 loan docs.pdf,1QlX31aF7zz_jbg1TUFXr0hYKwhHX08zN,application/pdf,2024-08-27,1748533
Leal Trust Administration Litigation/LEAL DAIRY/LEAL TRUST PARTNERSHIP FINANCIALS/LOL Equity,1JreaO9Rn83hOOx79Yuzph4Nw1r73xWc3,application/vnd.google-apps.folder,2026-08-18,
Leal Trust Administration Litigation/LEAL DAIRY/LEAL TRUST PARTNERSHIP FINANCIALS/LOL Equity/2017201 Equity Statement.pdf,1tpNvkMPMZDFPaYPaOQsr4VJbt0eABbID,application/pdf,2024-08-23T20:21:52Z,43585
Leal Trust Administration Litigation/LEAL DAIRY/LEAL TRUST PARTNERSHIP FINANCIALS/LOL Equity/Ag Service Patronage Statement.pdf,1HT-0Wj7fF_nLCOQkgXGJD3LewqBQoxR7,application/pdf,2013-11-20T14:01:30Z,10347
Leal Trust Administration Litigation/LEAL DAIRY/LEAL TRUST PARTNERSHIP FINANCIALS/LOL Equity/Dairy Foods Patronage Statement.pdf,13VYg8x6nOpGVehCMgG-GZiRo3qE2jgKt,application/pdf,2013-11-20T14:01:41Z,10905
Leal Trust Administration Litigation/LEAL DAIRY/LEAL TRUST PARTNERSHIP FINANCIALS/LOL Equity/Equity Ownership Statement.pdf,17HMc7O5B17i7Faew-c4EO1Ad6MX13-Fc,application/pdf,2013-11-20T14:01:48Z,11288
Leal Trust Administration Litigation/LEAL DAIRY/LEAL TRUST PARTNERSHIP FINANCIALS/LOL Equity/equity statement explained.pdf,1rQb2RBV_Umdc6hXsqXQB0qLjguPTob9s,application/pdf,2013-11-20T14:01:19Z,196562
Leal Trust Administration Litigation/LEAL DAIRY/LEAL TRUST PARTNERSHIP FINANCIALS/LOL Equity/Estimated Equity Revolvement.pdf,1gEZJRaICMHLVfb5VwnYzRXBAQtufUq48,application/pdf,2013-11-20T14:01:55Z,13891
Leal Trust Administration Litigation/LEAL DAIRY/LEAL TRUST PARTNERSHIP FINANCIALS/Manuel Leal & Son Dairy 2019 Tax Returns.pdf,1q_w2uGJUTXvtl9lTQkEeX0mwrmM-deqR,application/pdf,2020-10-27T16:17:26Z,692122
Leal Trust Administration Litigation/LEAL DAIRY/LEAL TRUST PARTNERSHIP FINANCIALS/Manuel Leal AJEs.QBJ,1_3Q2X6UiATr6H3ScBhLrFmamd8Lsq9TY,application/octet-stream,2021-06-04T21:44:15Z,126536
Leal Trust Administration Litigation/LEAL DAIRY/LEAL TRUST PARTNERSHIP FINANCIALS/Manuel Leal AJEs.xlsx,1vjfh8Se8ZUmb52oItMelGLh4Fe1JVRRE,application/vnd.openxmlformats-officedocument.spreadsheetml.sheet,2021-06-04T21:44:15Z,29633
Leal Trust Administration Litigation/LEAL DAIRY/LEAL TRUST PARTNERSHIP FINANCIALS/Manuel Leal BS.pdf,1YHJe0Y3gziUmiGdbRJuMejLUs7DqawyL,application/pdf,2021-06-04T21:44:15Z,73452
Leal Trust Administration Litigation/LEAL DAIRY/LEAL TRUST PARTNERSHIP FINANCIALS/Partnership Income Summary.xlsx,1vdNkNCnKlfT67LBsi6bpBWu4IpWZwj_3,application/vnd.openxmlformats-officedocument.spreadsheetml.sheet,2025-10-02T23:59:10Z,22129
Leal Trust Administration Litigation/LEAL DAIRY/LEAL TRUST PARTNERSHIP FINANCIALS/QB_Manuel_Leal_Dairy 10.5.2009 Tax Form History,1kxrBFEx3LgavGQ3cwQV999qWI8mv24fF,application/vnd.google-apps.folder,2026-08-18,
Leal Trust Administration Litigation/LEAL DAIRY/LEAL TRUST PARTNERSHIP FINANCIALS/QB_Manuel_Leal_Dairy 10.5.2009 Tax Form History/CADE9,1MN5p6nlB-wJkQR5GUZUoxsEfq04QlZbn,application/vnd.google-apps.folder,2026-08-18,
Leal Trust Administration Litigation/LEAL DAIRY/LEAL TRUST PARTNERSHIP FINANCIALS/QB_Manuel_Leal_Dairy 10.5.2009 Tax Form History/CADE9/20151231_CADE9.pdf,1hWuzsZ2r7zvLAZEU_z9L2NyJIWvbSs6D,application/pdf,2016-01-07,21161
Leal Trust Administration Litigation/LEAL DAIRY/LEAL TRUST PARTNERSHIP FINANCIALS/QB_Manuel_Leal_Dairy 10.5.2009 Tax Form History/CADE9/20160331_CADE9.pdf,1cv1_aNvcQigHge8AXL07bm9Fs2P9iOXs,application/pdf,2016-04-22,21168
Leal Trust Administration Litigation/LEAL DAIRY/LEAL TRUST PARTNERSHIP FINANCIALS/QB_Manuel_Leal_Dairy 10.5.2009 Tax Form History/CADE9C,19Eov81V9GtyOcR0w95c0aVZw0leon2BC,application/vnd.google-apps.folder,2026-08-18,
Leal Trust Administration Litigation/LEAL DAIRY/LEAL TRUST PARTNERSHIP FINANCIALS/QB_Manuel_Leal_Dairy 10.5.2009 Tax Form History/CADE9C/20150930_CADE9C.pdf,1HiJsoU2H_zvOAYS4MqL9qVo08UCA6o3j,application/pdf,2016-01-07,24143
Leal Trust Administration Litigation/LEAL DAIRY/LEAL TRUST PARTNERSHIP FINANCIALS/QB_Manuel_Leal_Dairy 10.5.2009 Tax Form History/CADE9C/20151231_CADE9C.pdf,1yKT9qsRzFIBsEUAEUuEO1gGJwlhJilbW,application/pdf,2016-01-07,24273
Leal Trust Administration Litigation/LEAL DAIRY/LEAL TRUST PARTNERSHIP FINANCIALS/QB_Manuel_Leal_Dairy 10.5.2009 Tax Form History/CADE9C/20160331_CADE9C.pdf,1Lu95lp2eGji4ijdRh6BxIt3Fr1fDm-7V,application/pdf,2016-04-22,25725
Leal Trust Administration Litigation/LEAL DAIRY/LEAL TRUST PARTNERSHIP FINANCIALS/QB_Manuel_Leal_Dairy 10.5.2009 Tax Form History/INWKS943,1S0LWN7KbMBxM97giq9uj8C51b-gSqGMc,application/vnd.google-apps.folder,2026-08-18,
Leal Trust Administration Litigation/LEAL DAIRY/LEAL TRUST PARTNERSHIP FINANCIALS/QB_Manuel_Leal_Dairy 10.5.2009 Tax Form History/INWKS943/20151231_INWKS943.pdf,10z1aqItmnq2ZvDqCovNDJO2R3FUcQxcF,application/pdf,2016-01-08,31316
Leal Trust Administration Litigation/LEAL DAIRY/LEAL TRUST PARTNERSHIP FINANCIALS/QB_Manuel_Leal_Dairy 10.5.2009 Tax Form History/W2INTRV1,1PhSjny-9dmung4mIcjgGgm7UV7ezxX3T,application/vnd.google-apps.folder,2026-08-18,
Leal Trust Administration Litigation/LEAL DAIRY/LEAL TRUST PARTNERSHIP FINANCIALS/QB_Manuel_Leal_Dairy 10.5.2009 Tax Form History/W2INTRV1/20151231_W2INTRV1.pdf,1tsEb5HnOv4G4oZXDzv9awXGfvwX-E4fJ,application/pdf,2016-02-03,61570
Leal Trust Administration Litigation/LEAL DAIRY/LEAL TRUST PARTNERSHIP FINANCIALS/Tax Returns - Leal Dairy,1VKSzaoQ8RZatUdpr17RRuiLJ94eP9HoB,application/vnd.google-apps.folder,2026-08-18,
Leal Trust Administration Litigation/LEAL DAIRY/LEAL TRUST PARTNERSHIP FINANCIALS/Tax Returns - Leal Dairy/2020 Manuel Leal Dairy TR.pdf,1RoC9hOUa8y4Zf6HvR2Udpn6qPMuuvzNP,application/pdf,2022-06-14,707575
Leal Trust Administration Litigation/LEAL DAIRY/LEAL TRUST PARTNERSHIP FINANCIALS/Tax Returns - Leal Dairy/2021 MANUEL LEAL & SON DAIRY-21222 Partnership Government CopyV1.pdf,10JjOM-Tfl6AMCuwsYAINKYoYFYrZ0oXG,application/pdf,2024-01-23,775270
Leal Trust Administration Litigation/LEAL DAIRY/LEAL TRUST PARTNERSHIP FINANCIALS/Tax Returns - Leal Dairy/2022 MANUEL LEAL & SON DAIRY-21222 Partnership Government CopyV1.pdf,1YyCbVhXkT07scTPw9N4LtL1o0N1UkOXv,application/pdf,2024-01-23,1091270
Leal Trust Administration Litigation/LEAL DAIRY/LEAL TRUST PARTNERSHIP FINANCIALS/Tax Returns - Leal Dairy/Manuel Leal & Son Dairy 2015 TAX.PDF,1C_faR5L3iTVqECG5lRbP7iuaD-GGakjV,application/pdf,2021-02-11,537990
Leal Trust Administration Litigation/LEAL DAIRY/LEAL TRUST PARTNERSHIP FINANCIALS/Tax Returns - Leal Dairy/Manuel Leal & Son Dairy 2016 TAX.PDF,1Fj8CoUv41iSuiR22h4ZYRlo_kXnRIq71,application/pdf,2021-02-11,526530
Leal Trust Administration Litigation/LEAL DAIRY/LEAL TRUST PARTNERSHIP FINANCIALS/Tax Returns - Leal Dairy/Manuel Leal & Son Dairy 2017 TAX.PDF,1bZ_Ufn0mTwBSl-ETn84GT956vhWfGv_C,application/pdf,2021-02-11,679442
Leal Trust Administration Litigation/LEAL DAIRY/LEAL TRUST PARTNERSHIP FINANCIALS/Tax Returns - Leal Dairy/Manuel Leal & Son Dairy 2018 TAX.PDF,1l7v5IEUo4JFZ2pra5VVn_spUAkxJYZTl,application/pdf,2021-02-11,685286
Leal Trust Administration Litigation/LEAL DAIRY/LEAL TRUST PARTNERSHIP FINANCIALS/Tax Returns - Leal Dairy/Manuel Leal & Son Dairy 2019 TAX.PDF,1rrT-ToNv-aukQIAOyW4dE87YRTuCidec,application/pdf,2021-02-11,713701
Leal Trust Administration Litigation/LEAL DAIRY/LEAL TRUST PARTNERSHIP FINANCIALS/Taxes 2013,1pQO4-8_ye-IT9GBL6wRb2De_Ndfa7hLJ,application/vnd.google-apps.folder,2026-08-18,
Leal Trust Administration Litigation/LEAL DAIRY/LEAL TRUST PARTNERSHIP FINANCIALS/Taxes 2013/2013 Taxes,1dQl6gDwP0W6_l6Km3NKZDOI9yyti3rzS,application/vnd.google-apps.folder,2026-08-18,
Leal Trust Administration Litigation/LEAL DAIRY/LEAL TRUST PARTNERSHIP FINANCIALS/Taxes 2013/2013 Taxes/Cattle Inventory 2013.pdf,1VUT3svOyuWrYSldOd22RgVcsRACsr6Ly,application/pdf,2014-01-30,737455
Leal Trust Administration Litigation/LEAL DAIRY/LEAL TRUST PARTNERSHIP FINANCIALS/Taxes 2013/2013 Taxes/Citizens dec13.pdf,1SciKO8Ueqy4p-N9pexBviI3AS0iQeXXP,application/pdf,2014-01-30,3703234
Leal Trust Administration Litigation/LEAL DAIRY/LEAL TRUST PARTNERSHIP FINANCIALS/Taxes 2013/2013 Taxes/crops 2013.xlsx,1xQVq7odZP44VlqXe24_tGgmgzklb9Mx4,application/vnd.openxmlformats-officedocument.spreadsheetml.sheet,2014-01-30,13898
Leal Trust Administration Litigation/LEAL DAIRY/LEAL TRUST PARTNERSHIP FINANCIALS/Taxes 2013/2013 Taxes/Farm Credit 2013.pdf,1GHRKbyxSqQsK-lbi0KBSt9XMwND_Bh_1,application/pdf,2014-01-30,378153
"Leal Trust Administration Litigation/LEAL DAIRY/LEAL TRUST PARTNERSHIP FINANCIALS/Taxes 2013/2013 Taxes/QB_Manuel_Leal_Dairy 10.5.2009 (QuickBooks2013 Acct Transfer Jan 29,2014  05 48 PM).QBX",15c7VTil8kAIuUtj1_Y6ivMwWikANnP-E,application/octet-stream,2014-01-30,18442240
Leal Trust Administration Litigation/LEAL DAIRY/LEAL TRUST PARTNERSHIP FINANCIALS/Taxes 2013/2013 Taxes/RJ Dec13.pdf,1HMvkqigGxWY3x3jO6UQWQltv7UMuahzq,application/pdf,2014-01-30,21280
Leal Trust Administration Litigation/LEAL DAIRY/LEAL TRUST PARTNERSHIP FINANCIALS/Taxes 2013/Hazel 1099 Div.pdf,1-dCxiqIxPCtLaRw2-OOftyp-PtjTkBMI,application/pdf,2014-02-19,372195
Leal Trust Administration Litigation/LEAL DAIRY/LEAL TRUST PARTNERSHIP FINANCIALS/Taxes 2013/Jace Leal Tax 2013.pdf,12g2yAEIZA7eQFf_jFCBL8RlWgtK728Bg,application/pdf,2014-02-19,741829
Leal Trust Administration Litigation/LEAL DAIRY/LEAL TRUST PARTNERSHIP FINANCIALS/Taxes 2013/JaceLeal MerrillEdge 2013 1099.pdf,15iYqyGsEa_XNc91f1c4y4ZK7s8_h6OHh,application/pdf,2014-02-19,56481
Leal Trust Administration Litigation/LEAL DAIRY/LEAL TRUST PARTNERSHIP FINANCIALS/Taxes 2013/JaceLeal Roth 2013.pdf,1zFC25OmUf6b8-ED-I7aH8jhAJ7jkB8Ui,application/pdf,2014-02-19,242534
Leal Trust Administration Litigation/LEAL DAIRY/LEAL TRUST PARTNERSHIP FINANCIALS/Taxes 2013/manuel 1099-div 2013.pdf,1j-A0UJ-6OlJNFFkd6XUqw_s7pWBFlVP7,application/pdf,2014-02-19,377619
Leal Trust Administration Litigation/LEAL DAIRY/LEAL TRUST PARTNERSHIP FINANCIALS/Taxes 2013/ManuelLeal SSA Statement.pdf,1YN_9Fy4PRO7b69J0-zFG5YtXX2Q705kD,application/pdf,2014-02-19,467232
Leal Trust Administration Litigation/LEAL DAIRY/LEAL TRUST PARTNERSHIP FINANCIALS/Taxes 2013/Steve Marla K-1.pdf,1Mm5iWosztZx3ZYaJH13hoIoCcrbICSqj,application/pdf,2014-02-19,1696422
Leal Trust Administration Litigation/LEAL DAIRY/LEAL TRUST PARTNERSHIP FINANCIALS/Taxes 2013/SteveLeal - 2013 1099 Vanguard brokerage.pdf,1C_IiymXgxAZhxiN1vvoThCtu36NcX-GS,application/pdf,2014-02-19,109175
Leal Trust Administration Litigation/LEAL DAIRY/LEAL TRUST PARTNERSHIP FINANCIALS/Taxes 2013/SteveLeal - 2013 1099-DIV.pdf,1BO80CxBsrGWx7aaNEemapqpIQcV0iEwg,application/pdf,2014-02-19,42597
Leal Trust Administration Litigation/LEAL DAIRY/LEAL TRUST PARTNERSHIP FINANCIALS/Taxes 2013/SteveLeal - 2013 Vanguard foreign Tax.pdf,1Ec9QDwBhSelk_YYzYM26YGdTDuXqkPPI,application/pdf,2014-02-19,41145
Leal Trust Administration Litigation/LEAL DAIRY/LEAL TRUST PARTNERSHIP FINANCIALS/Taxes 2013/SteveMarla Misc Tax 2013.pdf,1_-50anIIc6SZ4MSbuY0khhas8CJUWLO4,application/pdf,2014-02-19,1522935
Leal Trust Administration Litigation/LEAL DAIRY/LEAL TRUST PARTNERSHIP FINANCIALS/Taxes 2014,1zUm0l4FzIHlTlIo8YK2Vm45I14y6mhJ6,application/vnd.google-apps.folder,2026-08-18,
Leal Trust Administration Litigation/LEAL DAIRY/LEAL TRUST PARTNERSHIP FINANCIALS/Taxes 2014/Accountant Changes 12.31.14.pdf,1f5JGW5GYY4weVMoBqbfqETX3Llgz_VNp,application/pdf,2015-03-23,572922
Leal Trust Administration Litigation/LEAL DAIRY/LEAL TRUST PARTNERSHIP FINANCIALS/Taxes 2014/CROPS 2014.xlsx,1S0DHJamXWRN-loHD_nN6_ko5dJaFjIbF,application/vnd.openxmlformats-officedocument.spreadsheetml.sheet,2017-01-20,13862
Leal Trust Administration Litigation/LEAL DAIRY/LEAL TRUST PARTNERSHIP FINANCIALS/Taxes 2014/CROPS 2016.xlsx,12s5YNzdOtEiDILs3e9fFNkb9088nLdCH,application/vnd.openxmlformats-officedocument.spreadsheetml.sheet,2017-01-20,13815
Leal Trust Administration Litigation/LEAL DAIRY/LEAL TRUST PARTNERSHIP FINANCIALS/Taxes 2014/CROPS PRODUCTION.xlsx,1LVQBUSRB-Uwv1n41RLAiQ28vyGayRRve,application/vnd.openxmlformats-officedocument.spreadsheetml.sheet,2016-01-21,19033
Leal Trust Administration Litigation/LEAL DAIRY/LEAL TRUST PARTNERSHIP FINANCIALS/Taxes 2014/draft FS 12.31.14.pdf,1FkakeuuU8hks0SLtkqt1ZtwCHRuU6Qi8,application/pdf,2015-03-13,5493721
Leal Trust Administration Litigation/LEAL DAIRY/LEAL TRUST PARTNERSHIP FINANCIALS/Taxes 2014/farm credit 2014.pdf,1oa_FU_5rjuFByxLhEVkXC7Xl9XpHQwzc,application/pdf,2015-02-24,502554
Leal Trust Administration Litigation/LEAL DAIRY/LEAL TRUST PARTNERSHIP FINANCIALS/Taxes 2014/inventory.pdf,14tdH-kLJpGsi0cIcd2UaKLtx9Wx8RTrE,application/pdf,2015-02-24,1816631
Leal Trust Administration Litigation/LEAL DAIRY/LEAL TRUST PARTNERSHIP FINANCIALS/Taxes 2014/Jace 2014,1r0HWYafTbeuXpJwZPSzxLEInQsokAl92,application/vnd.google-apps.folder,2026-08-18,
Leal Trust Administration Litigation/LEAL DAIRY/LEAL TRUST PARTNERSHIP FINANCIALS/Taxes 2014/Jace 2014/JACE Merrill Lynch 2014.pdf,1xiD7GTsFBhT2sfiheSdDsu1_0k-mrCs1,application/pdf,2015-03-27,75822
Leal Trust Administration Litigation/LEAL DAIRY/LEAL TRUST PARTNERSHIP FINANCIALS/Taxes 2014/Jace 2014/jace w2 1099 2014.pdf,1_CZPVbgeX3UmOPl_pTj40l7pERQ4xDGF,application/pdf,2015-03-27,1539632
Leal Trust Administration Litigation/LEAL DAIRY/LEAL TRUST PARTNERSHIP FINANCIALS/Taxes 2014/Jace 2014/JACE wells fargo mortgage 2014.pdf,1cVQmweBmOXEKtz39LR3oxxJHTpWQDVLx,application/pdf,2015-03-27,37088
Leal Trust Administration Litigation/LEAL DAIRY/LEAL TRUST PARTNERSHIP FINANCIALS/Taxes 2014/Jace 2014/jace wells interest 2014.pdf,1FFs9NfxsSwy7IGnK2n5dtbti8TMVfMFI,application/pdf,2015-03-27,19965
Leal Trust Administration Litigation/LEAL DAIRY/LEAL TRUST PARTNERSHIP FINANCIALS/Taxes 2014/jordan 2014,1qelKb-kA0b1G-0J6118JSFUlFhj2Ib7F,application/vnd.google-apps.folder,2026-08-18,
Leal Trust Administration Litigation/LEAL DAIRY/LEAL TRUST PARTNERSHIP FINANCIALS/Taxes 2014/jordan 2014/jordan 1098.pdf,1so88eBUmuyBdC8VhfzA38pIJ8Hdt6g3F,application/pdf,2015-04-14,356375
Leal Trust Administration Litigation/LEAL DAIRY/LEAL TRUST PARTNERSHIP FINANCIALS/Taxes 2014/jordan 2014/Jordan Fidelity Tax 2014.pdf,1XaUPI80kK1aNKyjgYbI9ZONOoEMN-QoF,application/pdf,2015-03-27,58106
Leal Trust Administration Litigation/LEAL DAIRY/LEAL TRUST PARTNERSHIP FINANCIALS/Taxes 2014/jordan 2014/jordan w2 int 2014.pdf,1KGTH6YwaXsDJWKZ2k3OGovhFueBldVHg,application/pdf,2015-03-27,703724
Leal Trust Administration Litigation/LEAL DAIRY/LEAL TRUST PARTNERSHIP FINANCIALS/Taxes 2014/jordan 2014/jordans mortgage documents.pdf,1kmztSUrUSBEFCA7kuy_XHxnxDFdeA9CF,application/pdf,2015-03-27,36285
Leal Trust Administration Litigation/LEAL DAIRY/LEAL TRUST PARTNERSHIP FINANCIALS/Taxes 2014/Leal 2014 tax forms.pdf,1D_93FyOn-LS9FaIPapOgQTx3HpV57och,application/pdf,2015-03-10,3603378
Leal Trust Administration Litigation/LEAL DAIRY/LEAL TRUST PARTNERSHIP FINANCIALS/Taxes 2014/leal dairy tax 2014.pdf,1GJjDsm823e6HBJjIQC8rIRYpp553k2p0,application/pdf,2015-04-02,5540612
Leal Trust Administration Litigation/LEAL DAIRY/LEAL TRUST PARTNERSHIP FINANCIALS/Taxes 2014/Manuel Hazel 2014,16PFYhSgWj3cRsuHwq4d5SM1AKm0UsQ5Q,application/vnd.google-apps.folder,2026-08-18,
Leal Trust Administration Litigation/LEAL DAIRY/LEAL TRUST PARTNERSHIP FINANCIALS/Taxes 2014/Manuel Hazel 2014/hazel morgan stanley 2014.pdf,1-sfKn6f0yl8E7v_5gvIBum5yiKh6RWbz,application/pdf,2015-03-27,3112003
Leal Trust Administration Litigation/LEAL DAIRY/LEAL TRUST PARTNERSHIP FINANCIALS/Taxes 2014/Manuel Hazel 2014/manuel morgan stanley 2014.pdf,13UoH52sbfmIutrPJsSX8jm0IVIr_4Pyj,application/pdf,2015-03-27,6102856
Leal Trust Administration Litigation/LEAL DAIRY/LEAL TRUST PARTNERSHIP FINANCIALS/Taxes 2014/RJ Dec13.pdf,1xVpCCJeZBrIXWjLjiqMVvBonsXeBkkc3,application/pdf,2015-02-24,21291
Leal Trust Administration Litigation/LEAL DAIRY/LEAL TRUST PARTNERSHIP FINANCIALS/Taxes 2014/Steve 2014,1YUE5EaPZIyyk7APh9FKLOxZG03vkIin7,application/vnd.google-apps.folder,2026-08-18,
Leal Trust Administration Litigation/LEAL DAIRY/LEAL TRUST PARTNERSHIP FINANCIALS/Taxes 2014/Steve 2014/steve home purchases.pdf,1SBWl5mzYJ03Ym-eNSUCyiZqm34A5Io-c,application/pdf,2015-04-07,1110488
Leal Trust Administration Litigation/LEAL DAIRY/LEAL TRUST PARTNERSHIP FINANCIALS/Taxes 2014/Steve 2014/steve marla k1 2014.pdf,1WBC6Z2oKq-ZUmaj5B0XuV-tvDTXkLLrc,application/pdf,2015-03-27,2079846
Leal Trust Administration Litigation/LEAL DAIRY/LEAL TRUST PARTNERSHIP FINANCIALS/Taxes 2014/Steve 2014/steve marla tax forms 2014.pdf,1CGmgPUa0GBoZ6ifR0kW0pSIMVy5Q2IHO,application/pdf,2015-03-27,2868992
Leal Trust Administration Litigation/LEAL DAIRY/LEAL TRUST PARTNERSHIP FINANCIALS/Taxes 2014/Steve 2014/Steve sharebuilder 2014.pdf,1-A5_h-VZLlMdPEet6MNeiwPPfhE6bwZN,application/pdf,2015-03-27,45452
Leal Trust Administration Litigation/LEAL DAIRY/LEAL TRUST PARTNERSHIP FINANCIALS/Taxes 2014/Steve 2014/steve vanguard 1099 2014.pdf,1aQBbE8NtVT5xcrzWT2b52ACq-8qpS2H0,application/pdf,2015-03-27,118128
Leal Trust Administration Litigation/LEAL DAIRY/LEAL TRUST PARTNERSHIP FINANCIALS/Taxes 2014/Steve 2014/steve vanguard 1099div 2014.pdf,1BjuDIOI7oaZF2Jpzd9-KFUiYOVNqE_7M,application/pdf,2015-03-27,43006
Leal Trust Administration Litigation/LEAL DAIRY/LEAL TRUST PARTNERSHIP FINANCIALS/Taxes 2014/Steve 2014/steve vanguard foreign tax 2014.pdf,1q7WxlJYCpE_BCn3UArR4H3wfq5G4APk0,application/pdf,2015-03-27,40127
Leal Trust Administration Litigation/LEAL DAIRY/LEAL TRUST PARTNERSHIP FINANCIALS/Taxes 2015,1SseFpE7aptKQ0GNIHltYZf3bIPDOmO77,application/vnd.google-apps.folder,2026-08-18,
Leal Trust Administration Litigation/LEAL DAIRY/LEAL TRUST PARTNERSHIP FINANCIALS/Taxes 2015/Dairy,1ED5gRDsnAyntPD1qZVWKXd2twxMrDoB6,application/vnd.google-apps.folder,2026-08-18,
Leal Trust Administration Litigation/LEAL DAIRY/LEAL TRUST PARTNERSHIP FINANCIALS/Taxes 2015/Dairy/Farm Credit Interest Summary 2015.pdf,1teBZqGm99hkfYR-bXiPRF5QRLPv8rAvC,application/pdf,2016-03-07,1224594
Leal Trust Administration Litigation/LEAL DAIRY/LEAL TRUST PARTNERSHIP FINANCIALS/Taxes 2015/Dairy/Leal Dairy 1099 MBF Farms.pdf,1iXkU22s94ZI89y3f7GoXXzKJf7bUabzs,application/pdf,2016-03-07,1048483
Leal Trust Administration Litigation/LEAL DAIRY/LEAL TRUST PARTNERSHIP FINANCIALS/Taxes 2015/Dairy/Leal Dairy 1099 Rent.pdf,1tGoqooOaNDD-Qyd1P3UEM-mth90K6M86,application/pdf,2016-03-07,1223809
Leal Trust Administration Litigation/LEAL DAIRY/LEAL TRUST PARTNERSHIP FINANCIALS/Taxes 2015/Dairy/Leal Dairy 1099-G USDA.pdf,1ONlNE1Ir7eyx1-zHbhX4LEqRFMpm6Abd,application/pdf,2016-03-07,1086066
Leal Trust Administration Litigation/LEAL DAIRY/LEAL TRUST PARTNERSHIP FINANCIALS/Taxes 2015/Dairy/Leal Dairy Donation.pdf,1RfDvN7RUPkapnyrUyFHg7wfNO2VItVuG,application/pdf,2016-03-07,860781
Leal Trust Administration Litigation/LEAL DAIRY/LEAL TRUST PARTNERSHIP FINANCIALS/Taxes 2015/Dairy/Leal Dairy Farm Credit Activity 2015.pdf,1i_xJhRxNn939Tw1Gx6bCsDLQVfJWfGLz,application/pdf,2016-03-07,14294420
Leal Trust Administration Litigation/LEAL DAIRY/LEAL TRUST PARTNERSHIP FINANCIALS/Taxes 2015/Dairy/Leal Dairy FCW 1099PATR.pdf,1U0SQKnxA8_Lv2tJrsUe52xjYIc05MTwm,application/pdf,2016-03-07,1151869
Leal Trust Administration Litigation/LEAL DAIRY/LEAL TRUST PARTNERSHIP FINANCIALS/Taxes 2015/Dairy/Leal Dairy LOL 1099PATR.pdf,1GWHXO9JleBDJiqE7CyGOpDeRhNzqAhbD,application/pdf,2016-03-07,2827292
Leal Trust Administration Litigation/LEAL DAIRY/LEAL TRUST PARTNERSHIP FINANCIALS/Taxes 2015/Dairy/Leal Dairy RJ OBRIEN 1099.pdf,1RChUUspjUo9p4DiWSlHw6Op313XGQpA_,application/pdf,2016-03-07,887793
Leal Trust Administration Litigation/LEAL DAIRY/LEAL TRUST PARTNERSHIP FINANCIALS/Taxes 2015/Dairy/RJ OBRIEN 12.31.15.pdf,1GFCtlEIoHYrc1tiRYh9_pH4yzd6nxZlD,application/pdf,2016-03-02,14421
Leal Trust Administration Litigation/LEAL DAIRY/LEAL TRUST PARTNERSHIP FINANCIALS/Taxes 2015/Hazel Leal 2015 TR.pdf,1vUsJmjEIQYx_hazE7WwvAmZ9uG8nlvXu,application/pdf,2018-09-06,658435
Leal Trust Administration Litigation/LEAL DAIRY/LEAL TRUST PARTNERSHIP FINANCIALS/Taxes 2015/Jace,1cEcmGcwZ225NJRevWtxpWnV5iUP5Jl_z,application/vnd.google-apps.folder,2026-08-18,
Leal Trust Administration Litigation/LEAL DAIRY/LEAL TRUST PARTNERSHIP FINANCIALS/Taxes 2015/Jace/Jace Leal  2015 1098-MORT MORTGAGE.pdf,1sAsKEsiXAS51WrbwYwyY4KLAvX9jhams,application/pdf,2016-02-13,13774
Leal Trust Administration Litigation/LEAL DAIRY/LEAL TRUST PARTNERSHIP FINANCIALS/Taxes 2015/Jace/Jace Leal 1040.2013.pdf,1RvE1iekWRvvnytz3vbgMziZAgUTd0qUM,application/pdf,2016-03-01,4213608
Leal Trust Administration Litigation/LEAL DAIRY/LEAL TRUST PARTNERSHIP FINANCIALS/Taxes 2015/Jace/Jace Leal 1040.2014.pdf,1y1RBns2yo6OKTWRT5N03k7YxSbITv8Hi,application/pdf,2016-03-01,4201121
Leal Trust Administration Litigation/LEAL DAIRY/LEAL TRUST PARTNERSHIP FINANCIALS/Taxes 2015/Jace/Jace Leal 1099 All West.pdf,1X69GOsSgkrWarpOdYETKm0kZu274Au0Z,application/pdf,2016-03-07,1094750
Leal Trust Administration Litigation/LEAL DAIRY/LEAL TRUST PARTNERSHIP FINANCIALS/Taxes 2015/Jace/Jace Leal 1099 Tax Refund.pdf,1FKo5mGsVWL4M_Wtc5fJQEbjArbIAYicZ,application/pdf,2016-03-07,771426
Leal Trust Administration Litigation/LEAL DAIRY/LEAL TRUST PARTNERSHIP FINANCIALS/Taxes 2015/Jace/Jace Leal 2015 1099-INT-MRT MORTGAGE.pdf,15vmttHZgSVybpPno5C_C1EHPaoyScbCO,application/pdf,2016-02-13,11438
Leal Trust Administration Litigation/LEAL DAIRY/LEAL TRUST PARTNERSHIP FINANCIALS/Taxes 2015/Jace/Jace Leal Hay 1099 MBF Farms.pdf,1jwBczaoHXUHefiSkvNHUZ5u_ZIDMSjcT,application/pdf,2016-03-07,1032272
Leal Trust Administration Litigation/LEAL DAIRY/LEAL TRUST PARTNERSHIP FINANCIALS/Taxes 2015/Jace/Jace Leal Hay 1099 MCLEAL.pdf,1DcOjJZTKRtkCB9NfKpGDuqQ4fwuSxhpk,application/pdf,2016-03-07,1048820
Leal Trust Administration Litigation/LEAL DAIRY/LEAL TRUST PARTNERSHIP FINANCIALS/Taxes 2015/Jace/Jace Leal W2.pdf,1ZT_pMLv4aQyfpPmPXpHy5fDuzBtUTHoR,application/pdf,2016-03-07,1000902
Leal Trust Administration Litigation/LEAL DAIRY/LEAL TRUST PARTNERSHIP FINANCIALS/Taxes 2015/Jace/Jace Merrill Edge 2015.pdf,14zoO9cvGftUHm5DMiWRodQcbImE889zJ,application/pdf,2016-03-02,104132
Leal Trust Administration Litigation/LEAL DAIRY/LEAL TRUST PARTNERSHIP FINANCIALS/Taxes 2015/Jace/JL AG 1065 2014.pdf,1RdfTmxu7Jb512OaeEDxd9LKfd2ouqA9p,application/pdf,2016-03-02,1861115
Leal Trust Administration Litigation/LEAL DAIRY/LEAL TRUST PARTNERSHIP FINANCIALS/Taxes 2015/Jace/Merrill Edge Jace Leal 1099 2015.pdf,1R1DgRUg3nlQb6YJNj-FDQMGheSL7kzx_,application/pdf,2016-03-25,105457
Leal Trust Administration Litigation/LEAL DAIRY/LEAL TRUST PARTNERSHIP FINANCIALS/Taxes 2015/Jordan,1YNCE5IBvjisMpTlUpKYxaGTPVpENJBUY,application/vnd.google-apps.folder,2026-08-18,
Leal Trust Administration Litigation/LEAL DAIRY/LEAL TRUST PARTNERSHIP FINANCIALS/Taxes 2015/Jordan/Jordan Leal 1099 Wells Fargo.pdf,1bG5oMQ_7HZxx53n-bZx41w9NG_i1RLRO,application/pdf,2016-03-07,1913650
Leal Trust Administration Litigation/LEAL DAIRY/LEAL TRUST PARTNERSHIP FINANCIALS/Taxes 2015/Jordan/Jordan Leal 1099G Tax Refund.pdf,1FLbOHqrQrTNPobAA9PfuBw2sJktU6L5k,application/pdf,2016-03-07,763954
Leal Trust Administration Litigation/LEAL DAIRY/LEAL TRUST PARTNERSHIP FINANCIALS/Taxes 2015/Jordan/Jordan Leal 1099INT.pdf,1SrT4nhl5yE5GeXkykqcMi8d82plTmKga,application/pdf,2016-03-07,924853
Leal Trust Administration Litigation/LEAL DAIRY/LEAL TRUST PARTNERSHIP FINANCIALS/Taxes 2015/Jordan/Jordan Leal Fidelity 1099.pdf,19aRYnVHyl72j3plpmhrOtrVJkOMPvYB6,application/pdf,2016-03-07,44417
Leal Trust Administration Litigation/LEAL DAIRY/LEAL TRUST PARTNERSHIP FINANCIALS/Taxes 2015/Jordan/Jordan Leal Mortgage Interest.pdf,1lnnpWEBCu08ngiKIRr-5G3mxsZI8_ECu,application/pdf,2016-03-07,1660266
Leal Trust Administration Litigation/LEAL DAIRY/LEAL TRUST PARTNERSHIP FINANCIALS/Taxes 2015/Jordan/Jordan Leal W2.pdf,16CASHl49fWzsP2e-fn_93PMmybsHIq0K,application/pdf,2016-03-07,1006859
Leal Trust Administration Litigation/LEAL DAIRY/LEAL TRUST PARTNERSHIP FINANCIALS/Taxes 2015/Leal & Son Dairy 2015 TR.pdf,1GjF2AqsEVqQnZfbO9BS2YpXEimE48okI,application/pdf,2018-09-06,544544
Leal Trust Administration Litigation/LEAL DAIRY/LEAL TRUST PARTNERSHIP FINANCIALS/Taxes 2015/ManuelHazel,19uZzOJ9b8_nmYvMuqUrZZaMtGMZG7TpA,application/vnd.google-apps.folder,2026-08-18,
Leal Trust Administration Litigation/LEAL DAIRY/LEAL TRUST PARTNERSHIP FINANCIALS/Taxes 2015/ManuelHazel/Manuel Leal MorganStanley 1099 2015.pdf,1Jrwj5NKIGDFRXMd08TO9lFLsw-g-YDmQ,application/pdf,2016-03-07,3288092
Leal Trust Administration Litigation/LEAL DAIRY/LEAL TRUST PARTNERSHIP FINANCIALS/Taxes 2015/Steve Leal 2015 TR.pdf,1YbtFOP-NFQk5dF_6iUgTKSn7ryjcvsoG,application/pdf,2018-09-06,679935
Leal Trust Administration Litigation/LEAL DAIRY/LEAL TRUST PARTNERSHIP FINANCIALS/Taxes 2015/SteveMarla,1z6PVZUldfVz9aJJ1TSk9ssWgtG60PWsK,application/vnd.google-apps.folder,2026-08-18,
Leal Trust Administration Litigation/LEAL DAIRY/LEAL TRUST PARTNERSHIP FINANCIALS/Taxes 2015/SteveMarla/K1 Marla Leal.pdf,15RYgv_dLyVBuVac7aBmgvXfMyg3yVyoI,application/pdf,2016-03-07,7917868
Leal Trust Administration Litigation/LEAL DAIRY/LEAL TRUST PARTNERSHIP FINANCIALS/Taxes 2015/SteveMarla/Marla Leal 1099INT.pdf,13AWRN0Cs8kepEIEzSDyKr3-yxTIs-kZp,application/pdf,2016-03-07,925251
Leal Trust Administration Litigation/LEAL DAIRY/LEAL TRUST PARTNERSHIP FINANCIALS/Taxes 2015/SteveMarla/Sharebuilder 1099 steve 2015.pdf,1xGVLxsTX0VC4y6Vf4Me80Uq71Z08TT-k,application/pdf,2016-03-17,51931
Leal Trust Administration Litigation/LEAL DAIRY/LEAL TRUST PARTNERSHIP FINANCIALS/Taxes 2015/SteveMarla/Steve 1099-DIV.pdf,1ULVserhjXZc0NwHrJxXQ-u6Ovn5ds_En,application/pdf,2016-03-07,42781
Leal Trust Administration Litigation/LEAL DAIRY/LEAL TRUST PARTNERSHIP FINANCIALS/Taxes 2015/SteveMarla/Steve foreign tax paid.pdf,15it7nLXFAH5_5YWr_97k99R5ppaypX6W,application/pdf,2016-03-07,40039
Leal Trust Administration Litigation/LEAL DAIRY/LEAL TRUST PARTNERSHIP FINANCIALS/Taxes 2015/SteveMarla/Steve Leal 1099 INT INCOME.pdf,1seFzmW0VVjbmOurLgc-CAkhgpLqLzams,application/pdf,2016-03-07,1013552
Leal Trust Administration Litigation/LEAL DAIRY/LEAL TRUST PARTNERSHIP FINANCIALS/Taxes 2015/SteveMarla/Steve Leal 1099 Rent.pdf,1rlB9I3ngYC1QAqfx4HZx4c9LA29xLox_,application/pdf,2016-03-07,1222652
Leal Trust Administration Litigation/LEAL DAIRY/LEAL TRUST PARTNERSHIP FINANCIALS/Taxes 2015/SteveMarla/Steve Leal Chicago Title Buyers Statement.pdf,1E8k33OsLiAsbiVuwhquneX24OtIBUd3B,application/pdf,2016-03-07,1216317
Leal Trust Administration Litigation/LEAL DAIRY/LEAL TRUST PARTNERSHIP FINANCIALS/Taxes 2015/SteveMarla/Steve Marla Leal 1099-INT Loan Care.pdf,1tLhNVvVvpkS4YKx2UDk5qW2QbM3YIT5p,application/pdf,2016-03-07,1098574
Leal Trust Administration Litigation/LEAL DAIRY/LEAL TRUST PARTNERSHIP FINANCIALS/Taxes 2015/SteveMarla/Steve Vanguard 1099.pdf,1isVM21g5CKtvWh1lX8KBm6TuQu6mgCeB,application/pdf,2016-03-07,128666
Leal Trust Administration Litigation/LEAL DAIRY/LEAL TRUST PARTNERSHIP FINANCIALS/Taxes 2016,1LOq7OFOgKRD7HH74jeQNfzvhUP8kX6XU,application/vnd.google-apps.folder,2026-08-18,
Leal Trust Administration Litigation/LEAL DAIRY/LEAL TRUST PARTNERSHIP FINANCIALS/Taxes 2016/county line gin 2017.pdf,1K8eoKwZI3kJagNpjIFRHqdQW06JSfkt6,application/pdf,2017-03-01,423113
Leal Trust Administration Litigation/LEAL DAIRY/LEAL TRUST PARTNERSHIP FINANCIALS/Taxes 2016/FCW 2016.pdf,1oujWC8K_7isdXu15OpyI52PIGuYZsi_t,application/pdf,2017-03-01,840523
Leal Trust Administration Litigation/LEAL DAIRY/LEAL TRUST PARTNERSHIP FINANCIALS/Taxes 2016/For Trigs Six 2017 K1.pdf,1O2ijgJrEGMNyGWw3rfLgPMn7VCsaSGL1,application/pdf,2017-03-01,705464
Leal Trust Administration Litigation/LEAL DAIRY/LEAL TRUST PARTNERSHIP FINANCIALS/Taxes 2016/LOL 1099-patr.pdf,1ke_X8yef_P3duaZ28gaiddHecJJv310b,application/pdf,2017-03-01,727119
Leal Trust Administration Litigation/LEAL DAIRY/LEAL TRUST PARTNERSHIP FINANCIALS/Taxes 2016/Marla tcfcu 1099-int.pdf,1TcLDxDW_gN86zQsPrjXXrquOVI7pW_wx,application/pdf,2017-03-01,229073
Leal Trust Administration Litigation/LEAL DAIRY/LEAL TRUST PARTNERSHIP FINANCIALS/Taxes 2016/Partnership LEAL DAIRY.pdf,1iHf6p8tUrfJC9x4FMiClqm7gmGbhaz8R,application/pdf,2017-03-01,52860
Leal Trust Administration Litigation/LEAL DAIRY/LEAL TRUST PARTNERSHIP FINANCIALS/Taxes 2016/RJ O'Brien 2017 1099.pdf,1Z-mCNA8RCj2xPShajHbfRqLrbLcKJjS9,application/pdf,2017-03-01,2192493
Leal Trust Administration Litigation/LEAL DAIRY/LEAL TRUST PARTNERSHIP FINANCIALS/Taxes 2016/Steve sharebuilder 1099.pdf,1-9-dB2TF88X8EHYQsP0nJrvYqLgIkclB,application/pdf,2017-03-01,48193
Leal Trust Administration Litigation/LEAL DAIRY/LEAL TRUST PARTNERSHIP FINANCIALS/Taxes 2016/Steve.Marla bankston rental 1099.pdf,1ur_P5NNkaPF2XIEvbM7zRNoy8t4xns_O,application/pdf,2017-03-01,976544
Leal Trust Administration Litigation/LEAL DAIRY/LEAL TRUST PARTNERSHIP FINANCIALS/Taxes 2016/Steve.Marla ca tax 1099.pdf,1NJRYFNNCh4nfquxEWTBQ-Padw1l7A1o0,application/pdf,2017-03-01,322182
Leal Trust Administration Litigation/LEAL DAIRY/LEAL TRUST PARTNERSHIP FINANCIALS/Taxes 2016/Steve.Marla loancare 1099.pdf,1e1rvh-WIUUYvs9vIIq0veo70kpAWBemy,application/pdf,2017-03-01,1170341
Leal Trust Administration Litigation/LEAL DAIRY/LEAL TRUST PARTNERSHIP FINANCIALS/Taxes 2016/Steve.Marla Vanguard 1099.pdf,1eB0vOpj_hxW8mEXV5rwQXIupo3hNJN_g,application/pdf,2017-03-01,52860
Leal Trust Administration Litigation/LEAL DAIRY/LEAL TRUST PARTNERSHIP FINANCIALS/Taxes 2017,1-YpfzMl3RtlEVzpoOpOZpqdRtYxuDvN7,application/vnd.google-apps.folder,2026-08-18,
Leal Trust Administration Litigation/LEAL DAIRY/LEAL TRUST PARTNERSHIP FINANCIALS/Taxes 2017/Leal Steve & Marla 2017 TR.pdf,1OqeRNy4PQGIVQhqmCloFB53plB_0GcTA,application/pdf,2020-02-05,692621
Leal Trust Administration Litigation/LEAL DAIRY/LEAL TRUST PARTNERSHIP FINANCIALS/Taxes 2017/LOL DPAD 2017.pdf,1JrXPuQLcFByje6FiU-Ki3Zr_XDfq2xKf,application/pdf,2017-09-15,373596
Leal Trust Administration Litigation/LEAL DAIRY/LEAL TRUST PARTNERSHIP FINANCIALS/Taxes 2017/MANUEL C. LEAL AND SON DAIRY 2017 TAX RETURN.pdf,1o7XGpeqvsuf01ckvPVCexGgpQ308ID3-,application/pdf,2020-02-06,679442
Leal Trust Administration Litigation/LEAL DAIRY/LEAL TRUST PARTNERSHIP FINANCIALS/Taxes 2017/Manuel Leal & Son Dairy 2017 TR.pdf,1u0_jopIKTd0rjdLgZ0E4m9ZYr1QFXNSA,application/pdf,2018-09-17,611602
Leal Trust Administration Litigation/LEAL DAIRY/LEAL TRUST PARTNERSHIP FINANCIALS/Taxes 2017/Manuel Leal trust Morgan Stanley 1099.pdf,1lRpsLt4wQkhmZznbJhd-krA6Upz0QqIO,application/pdf,2018-09-06,3047430
Leal Trust Administration Litigation/LEAL DAIRY/LEAL TRUST PARTNERSHIP FINANCIALS/Taxes 2017/MC Leal tax forms 2017.pdf,1Lza184-_QpMinvxEbdMQbeZGOM89k-sV,application/pdf,2018-03-27,6864972
Leal Trust Administration Litigation/LEAL DAIRY/LEAL TRUST PARTNERSHIP FINANCIALS/Taxes 2017/rj obrien 12.31.17.pdf,1Pr-5qGKNMpc6kahUidSSCxWKnlC5Axqb,application/pdf,2018-03-27,35758
Leal Trust Administration Litigation/LEAL DAIRY/LEAL TRUST PARTNERSHIP FINANCIALS/Taxes 2017/Steve & Marla Leal 2017 tax returns.pdf,1YP8KKAvG8T0cjWpJ0_MtsLfyQMlcNIFO,application/pdf,2018-10-12,558041
Leal Trust Administration Litigation/LEAL DAIRY/LEAL TRUST PARTNERSHIP FINANCIALS/Taxes 2017/Steve Capital One 1099 2017.pdf,1us_vYSUlPfcbGFjN7sqC6ZZ1riNYQ6sS,application/pdf,2018-09-06,46198
Leal Trust Administration Litigation/LEAL DAIRY/LEAL TRUST PARTNERSHIP FINANCIALS/Taxes 2017/steve tax forms 2017.pdf,1eBQxej0N6E90vvL5WIigWl5vUulYr-Om,application/pdf,2018-09-06,7662886
Leal Trust Administration Litigation/LEAL DAIRY/LEAL TRUST PARTNERSHIP FINANCIALS/Taxes 2017/Steve Vanguard 1099 2017.pdf,1DTsvttuu-flmRhOZve3Da9nnYGbSgOu6,application/pdf,2018-09-06,120382
Leal Trust Administration Litigation/LEAL DAIRY/LEAL TRUST PARTNERSHIP FINANCIALS/Taxes 2018,1mzZqbGcYN_cZYGgbVPor5qAFNrEnCZXv,application/vnd.google-apps.folder,2026-08-18,
Leal Trust Administration Litigation/LEAL DAIRY/LEAL TRUST PARTNERSHIP FINANCIALS/Taxes 2018/Bankston Cash Flow 2018.pdf,1Kb7xzdhkII1oNqFLPk95tOrTQTEiUiGc,application/pdf,2019-03-14,805805
Leal Trust Administration Litigation/LEAL DAIRY/LEAL TRUST PARTNERSHIP FINANCIALS/Taxes 2018/Frazer inventory 2019-01-31.pdf,1rqs6__bbp_9DrEytqjDYGSExKqQHWH7h,application/pdf,2019-01-31,1276713
Leal Trust Administration Litigation/LEAL DAIRY/LEAL TRUST PARTNERSHIP FINANCIALS/Taxes 2018/Leal Dairy 2018 1099s etc.pdf,1TuKRMt7uWAu_gdVg2PGZ37g-Ub6Ikjur,application/pdf,2019-03-14,3179891
Leal Trust Administration Litigation/LEAL DAIRY/LEAL TRUST PARTNERSHIP FINANCIALS/Taxes 2018/Leal Steve & Marla 2018 TR.pdf,1JpyzFucVKFsTd3FtRm_QeF7Un-W1a6nG,application/pdf,2020-02-05,1147230
Leal Trust Administration Litigation/LEAL DAIRY/LEAL TRUST PARTNERSHIP FINANCIALS/Taxes 2018/MANUEL C. LEAL AND SON DAIRY 2018 TAX RETURN.pdf,1mzcZWpSmMba4_4gw49RyvsHrLPxqwDUa,application/pdf,2020-02-06,685286
Leal Trust Administration Litigation/LEAL DAIRY/LEAL TRUST PARTNERSHIP FINANCIALS/Taxes 2018/Steve Marla,16aX_mYnJ7CKo_ZyQfhsTpAdRP1n5tqII,application/vnd.google-apps.folder,2026-08-18,
Leal Trust Administration Litigation/LEAL DAIRY/LEAL TRUST PARTNERSHIP FINANCIALS/Taxes 2018/Steve Marla/2018_RSL_1099INT_SteveLeal.pdf,1dA94VS-4vTwr_xmO7idYBNCm-AK9RQ7x,application/pdf,2019-04-11,123242
Leal Trust Administration Litigation/LEAL DAIRY/LEAL TRUST PARTNERSHIP FINANCIALS/Taxes 2018/Steve Marla/Bankston Cash Flow 2018.pdf,1_INXoLCGug6U_nM1K8e_O8MuaKHkY2q3,application/pdf,2019-04-11,805805
Leal Trust Administration Litigation/LEAL DAIRY/LEAL TRUST PARTNERSHIP FINANCIALS/Taxes 2018/Steve Marla/for trigs six 2018 K1.pdf,1fQjk9PYfCXK_G3kBblV11fstOzqMqw6I,application/pdf,2019-04-11,3000586
Leal Trust Administration Litigation/LEAL DAIRY/LEAL TRUST PARTNERSHIP FINANCIALS/Taxes 2018/Steve Marla/Steve - Bankston rentals 1099 2018.pdf,1U-6HfBWCsj0niZ8XaXP4yIYpvoDOsYr4,application/pdf,2019-04-11,862915
Leal Trust Administration Litigation/LEAL DAIRY/LEAL TRUST PARTNERSHIP FINANCIALS/Taxes 2018/Steve Marla/Steve E-Trade 1099 2018.pdf,1nwzcElHR4Hnd2rImHrAj2uwnC5DzcCl7,application/pdf,2019-04-11,46427
Leal Trust Administration Litigation/LEAL DAIRY/LEAL TRUST PARTNERSHIP FINANCIALS/Taxes 2018/Steve Marla/steve marla misc tax info 2018.pdf,1Mkl-SKYGEiSoUif_NHTx66uP4PSJvS1U,application/pdf,2019-04-11,1392396
Leal Trust Administration Litigation/LEAL DAIRY/LEAL TRUST PARTNERSHIP FINANCIALS/Taxes 2018/Steve Marla/Steve vanguard  1099 2018.pdf,1bk9lmnV1-iD2U3P6ogr31YWPU7IXaxRI,application/pdf,2019-04-11,123903
Leal Trust Administration Litigation/LEAL DAIRY/LEAL TRUST PARTNERSHIP FINANCIALS/Taxes 2019,1-Aj1AIDdxFnh6LThw6-DVyGVm2IInVx8,application/vnd.google-apps.folder,2026-08-18,
Leal Trust Administration Litigation/LEAL DAIRY/LEAL TRUST PARTNERSHIP FINANCIALS/Taxes 2019/2019 Bankston 1099 Steve.pdf,1W9NGdMH1G3OaehalrqnzRSnx3F4V80_Q,application/pdf,2020-07-01,289901
Leal Trust Administration Litigation/LEAL DAIRY/LEAL TRUST PARTNERSHIP FINANCIALS/Taxes 2019/2019 For Trigs Six K1.pdf,1DlhHpXs-a7RXWyKyItQZulFWKprBzLBV,application/pdf,2020-07-01,2865629
Leal Trust Administration Litigation/LEAL DAIRY/LEAL TRUST PARTNERSHIP FINANCIALS/Taxes 2019/2625 Arciero 2019.pdf,1tIIsT9ollmmJcV7LJVKetnQRMgWlEQGI,application/pdf,2020-03-19,66468
Leal Trust Administration Litigation/LEAL DAIRY/LEAL TRUST PARTNERSHIP FINANCIALS/Taxes 2019/6907 ave 228 2019.pdf,1XMh2c12xGIfH2z1myHntApzJhdWQKuaP,application/pdf,2020-03-19,63674
Leal Trust Administration Litigation/LEAL DAIRY/LEAL TRUST PARTNERSHIP FINANCIALS/Taxes 2019/6935 ave 228 2019.pdf,1ZxrI9grocGywExGpTo_pEQpiMiIQoJt3,application/pdf,2020-03-19,67296
Leal Trust Administration Litigation/LEAL DAIRY/LEAL TRUST PARTNERSHIP FINANCIALS/Taxes 2019/813 E. Pleasant 2019.pdf,1SgehLhyx8vot0TrnkATI3cw9K6vWvQF6,application/pdf,2020-03-19,62765
Leal Trust Administration Litigation/LEAL DAIRY/LEAL TRUST PARTNERSHIP FINANCIALS/Taxes 2019/ETRADE 2019-1099+Consolidated-1477 Steve.pdf,1SpMuB99r2ZYRIvVUlOuIHELJ3hQKk5MB,application/pdf,2020-07-01,44428
Leal Trust Administration Litigation/LEAL DAIRY/LEAL TRUST PARTNERSHIP FINANCIALS/Taxes 2019/Leal dairy 1099s etc 2019.pdf,1HyuvHtgSwVXgNhmM96AqLyaqoPwQ36LF,application/pdf,2020-03-19,6358524
Leal Trust Administration Litigation/LEAL DAIRY/LEAL TRUST PARTNERSHIP FINANCIALS/Taxes 2019/LOL dpad statement 2018.pdf,1HXokKz5NisY9ZWMmudjF7k227oBDrrh_,application/pdf,2019-09-20,695341
Leal Trust Administration Litigation/LEAL DAIRY/LEAL TRUST PARTNERSHIP FINANCIALS/Taxes 2019/Vanguard 1099 - 2019 Steve.pdf,1S9MsMZiiAV3O0gRfrYZPn_nvlDM0OQeh,application/pdf,2020-07-01,376795
Leal Trust Administration Litigation/LEAL DAIRY/LEAL TRUST PARTNERSHIP FINANCIALS/Taxes 2020,1UfXoLSJNhgW-Lu9Qmj4936hQJxQuBBhP,application/vnd.google-apps.folder,2026-08-18,
Leal Trust Administration Litigation/LEAL DAIRY/LEAL TRUST PARTNERSHIP FINANCIALS/Taxes 2020/2017201 - Equity Statement.pdf,1XjMbsQhu4PwWXrA7Lx0AAWYZaZIAjRLN,application/pdf,2021-02-02,49472
Leal Trust Administration Litigation/LEAL DAIRY/LEAL TRUST PARTNERSHIP FINANCIALS/Taxes 2020/2020 LOL 1099 PATR.pdf,1TFNAw6xf5wnYK1-FCJGjSrVrWGaIWNxp,application/pdf,2021-02-02,775538
Leal Trust Administration Litigation/LEAL DAIRY/LEAL TRUST PARTNERSHIP FINANCIALS/Taxes 2020/Crenshaw documents.pdf,1n7X825JlA280LYiJhjsdHlesWoM1WwF2,application/pdf,2021-04-21,6512494
Leal Trust Administration Litigation/LEAL DAIRY/LEAL TRUST PARTNERSHIP FINANCIALS/Taxes 2020/Leal Dairy 2020 1099s.pdf,191FKyJrq1-CuP4czhpv76F4deCLqex-C,application/pdf,2021-04-21,6983868
Leal Trust Administration Litigation/LEAL DAIRY/LEAL TRUST PARTNERSHIP FINANCIALS/Taxes 2020/SBA Bill.pdf,1Gw_E-tkryA7g41wO1TTNG-vDGAl-Oisi,application/pdf,2021-02-02,376913
Leal Trust Administration Litigation/LEAL DAIRY/LEAL TRUST PARTNERSHIP FINANCIALS/Taxes 2020/Steve 2020 1099s misc.pdf,1EfeIhZrqxCDlTD6OlOo1PaliU_nSx1sT,application/pdf,2021-04-21,3597733
Leal Trust Administration Litigation/LEAL DAIRY/LEAL TRUST PARTNERSHIP FINANCIALS/Taxes 2020/Steve Etrade 1099 2020.pdf,1qSrbEEoQ2tDjlM0hH3QjNDfaYp6bT-G4,application/pdf,2021-04-21,48650
Leal Trust Administration Litigation/LEAL DAIRY/LEAL TRUST PARTNERSHIP FINANCIALS/Taxes 2020/Steve Vanguard 2020.pdf,17zJvfUAA8SYDxB46p2KT1-ZuEGymICGL,application/pdf,2021-04-21,312656
Leal Trust Administration Litigation/LEAL DAIRY/LEAL TRUST PARTNERSHIP FINANCIALS/Taxes 2021,1-5avfRJB0mW5JsJs5XDg1Ajhr82wpzsC,application/vnd.google-apps.folder,2026-08-18,
Leal Trust Administration Litigation/LEAL DAIRY/LEAL TRUST PARTNERSHIP FINANCIALS/Taxes 2021/1099s etc 2021.pdf,1xD-WfCXPbmXIkKChX7zXb8uDE09TRpwZ,application/pdf,2022-03-16,11327477
Leal Trust Administration Litigation/LEAL DAIRY/LEAL TRUST PARTNERSHIP FINANCIALS/Taxes 2021/PPP Loan JL AG.pdf,1chWSW3JSFVxtLESgak9QFSd9cJgoJL7e,application/pdf,2022-04-07,75993
Leal Trust Administration Litigation/LEAL DAIRY/LEAL TRUST PARTNERSHIP FINANCIALS/Taxes 2021/PPP Loan ML & Son Dairy.pdf,1IoI4Ia05y8PakpQnrnPg5U2XCxmDRd0v,application/pdf,2022-04-07,72640
Leal Trust Administration Litigation/LEAL DAIRY/LEAL TRUST PARTNERSHIP FINANCIALS/Taxes 2021/Steve Marla,1cOLZqZORHNEoyEHWiobfad6aMRB8kHB4,application/vnd.google-apps.folder,2026-08-18,
Leal Trust Administration Litigation/LEAL DAIRY/LEAL TRUST PARTNERSHIP FINANCIALS/Taxes 2021/Steve Marla/Brokerage Account-xxx1569-Consolidated Form 1099-2021(4).pdf,1JnxlEE-Qws2qdwwU7V8TzZhY-KWA2Mft,application/pdf,2022-08-04,71692
Leal Trust Administration Litigation/LEAL DAIRY/LEAL TRUST PARTNERSHIP FINANCIALS/Taxes 2021/Steve Marla/CamScanner 08-05-2022 11.38.12.pdf,1oYaFL8H8cwS3KacwYowzKdD0RkPKUxwX,application/pdf,2022-08-05,4921309
Leal Trust Administration Litigation/LEAL DAIRY/LEAL TRUST PARTNERSHIP FINANCIALS/Taxes 2021/Steve Marla/CamScanner 08-05-2022 11.38.40.pdf,1gobU8s5u60IJyVoopw39h85boq2HP-3j,application/pdf,2022-08-05,3906568
Leal Trust Administration Litigation/LEAL DAIRY/LEAL TRUST PARTNERSHIP FINANCIALS/Taxes 2021/Steve Marla/K1 Steve Marla.pdf,1pt5mwXYx3EAUO94VyumX7hx8La2Drjwk,application/pdf,2022-08-05,2127929
Leal Trust Administration Litigation/LEAL DAIRY/LEAL TRUST PARTNERSHIP FINANCIALS/Taxes 2021/Steve Marla/TY 2021-1099+Consolidated-1477(1).pdf,1DhubfFbqR9K2wV6p3guA6SU0AHUFE6bh,application/pdf,2022-08-04,45460
Leal Trust Administration Litigation/LEAL DAIRY/LEAL TRUST PARTNERSHIP FINANCIALS/Taxes 2022,1smcNFkpn2_wat4GjDq8WX7xTDN4m-Ifm,application/vnd.google-apps.folder,2026-08-18,
Leal Trust Administration Litigation/LEAL DAIRY/LEAL TRUST PARTNERSHIP FINANCIALS/Taxes 2022/2022 donations.pdf,19KanJWF9SHiK5GOUHw-c7Wi0LbZPjh4V,application/pdf,2023-06-05,2478461
Leal Trust Administration Litigation/LEAL DAIRY/LEAL TRUST PARTNERSHIP FINANCIALS/Taxes 2022/Bankston Cash Flow Dairy 2022.pdf,1NRBOn6WeZ-RfO_1u3hIxzGuXIp65Dl2p,application/pdf,2023-03-10,699384
Leal Trust Administration Litigation/LEAL DAIRY/LEAL TRUST PARTNERSHIP FINANCIALS/Taxes 2022/cash_flow-20230310 (3).pdf,1GbUBUMh9AXerZeUH2cu5oEjTsPlgKqFt,application/pdf,2023-06-05,64284
Leal Trust Administration Litigation/LEAL DAIRY/LEAL TRUST PARTNERSHIP FINANCIALS/Taxes 2022/cash_flow-20230310 (4).pdf,1JIYHaMSxMkR_PNvVCyRo4SYKnuV110qh,application/pdf,2023-06-05,64799
Leal Trust Administration Litigation/LEAL DAIRY/LEAL TRUST PARTNERSHIP FINANCIALS/Taxes 2022/FCW 2022 taxes.pdf,1dSYjfygDYgXj5tMadL_plfWSvytlqZv3,application/pdf,2023-03-10,7065287
Leal Trust Administration Litigation/LEAL DAIRY/LEAL TRUST PARTNERSHIP FINANCIALS/Taxes 2022/FCW patr 2022.pdf,1-SDx0bcSzQKIZY8h-OnR0Zi2KwiPxZ1H,application/pdf,2023-03-10,782589
Leal Trust Administration Litigation/LEAL DAIRY/LEAL TRUST PARTNERSHIP FINANCIALS/Taxes 2022/Herd Summary Frazer.xlsx,1wzAcIhJX7OiwCltTzZq0D-lMq6fUdaqA,application/vnd.openxmlformats-officedocument.spreadsheetml.sheet,2026-01-21,11360
Leal Trust Administration Litigation/LEAL DAIRY/LEAL TRUST PARTNERSHIP FINANCIALS/Taxes 2022/LOL 2022 taxes.pdf,1KbES81K5lZrs5DvARNhRuQ8l73QmpKF6,application/pdf,2023-03-10,5600661
Leal Trust Administration Litigation/LEAL DAIRY/LEAL TRUST PARTNERSHIP FINANCIALS/Taxes 2022/LOL DPAD 2021.pdf,1LOd_sAsqN9vzaXYYIgNGK1xC6nQFmX0t,application/pdf,2022-09-12,651176
Leal Trust Administration Litigation/LEAL DAIRY/LEAL TRUST PARTNERSHIP FINANCIALS/Taxes 2022/Tax forms steve.marla.pdf,1zwVObMfEbldKoyknJ0VEfbJzXy9pRdq3,application/pdf,2023-06-05,16540189
Leal Trust Administration Litigation/LEAL DAIRY/LEAL TRUST PARTNERSHIP FINANCIALS/Taxes 2022/TY 2022-1099+CONSOLIDATED-1477(1).pdf,18ToQ6EzWnJJUazo5TYlWDaDNspDTsug2,application/pdf,2023-06-05,46310
Leal Trust Administration Litigation/LEAL DAIRY/LEAL TRUST PARTNERSHIP FINANCIALS/Taxes 2022/USDA taxes 2022.pdf,1jhzRSDnbfV9uWulcnBL-8TwQ-OU5PaLb,application/pdf,2023-03-10,2403018
Leal Trust Administration Litigation/LEAL DAIRY/LEAL TRUST PARTNERSHIP FINANCIALS/Taxes 2022/Vanguard 1099 2022.pdf,1Q0wYc8As1ycblCTpI2ooiLOS4jA2C813,application/pdf,2023-06-07,74234
Leal Trust Administration Litigation/LEAL DAIRY/LEAL TRUST PARTNERSHIP FINANCIALS/Taxes 2023,1epnx7rMHWF-W6W5GKdagLW9MYKCDHg7Z,application/vnd.google-apps.folder,2026-08-18,
Leal Trust Administration Litigation/LEAL DAIRY/LEAL TRUST PARTNERSHIP FINANCIALS/Taxes 2023/2023 1099s etc.pdf,1_nhNvFgS3Kpgok0cids2kyMRD6jt6sBs,application/pdf,2024-02-01,4204048
Leal Trust Administration Litigation/LEAL DAIRY/LEAL TRUST PARTNERSHIP FINANCIALS/Taxes 2023/Etrade Steve MS_2023_1099-CONS_MSSB_LLC_0033_20240205.pdf,1mSdh3ryGeQkLHOQtbS_HJx6Ts0Ud69GR,application/pdf,2024-04-04,342886
Leal Trust Administration Litigation/LEAL DAIRY/LEAL TRUST PARTNERSHIP FINANCIALS/Taxes 2023/Etrade Steve TY 2023-1099+CONSOLIDATED-0033.pdf,1i5mZn51t5TBl2CLaxpdoKATYr71icG7R,application/pdf,2024-04-04,36384
Leal Trust Administration Litigation/LEAL DAIRY/LEAL TRUST PARTNERSHIP FINANCIALS/Taxes 2023/For Trigs Four K1.pdf,1C1bEiOCdC5eUvPXvvMob4gaClVDqlcq-,application/pdf,2024-04-04,4326459
Leal Trust Administration Litigation/LEAL DAIRY/LEAL TRUST PARTNERSHIP FINANCIALS/Taxes 2023/Manuel C. Leal & Son Dairy 2023.pdf,1-EK-asI5CrkcoKkC8o6skBMl_3CWlV5f,application/pdf,2024-02-01,66478
Leal Trust Administration Litigation/LEAL DAIRY/LEAL TRUST PARTNERSHIP FINANCIALS/Taxes 2023/Scan2024-04-04_120845.pdf,1o-rBivzfsqIDe7E6ikWnPAQPnKJxxOzE,application/pdf,2024-04-04,564760
Leal Trust Administration Litigation/LEAL DAIRY/LEAL TRUST PARTNERSHIP FINANCIALS/Taxes 2023/Steve & Marla Leal 2023.pdf,1ltsQIKm4rPxaynzQvhkoI38LcWzGTfYx,application/pdf,2024-02-01,66133
Leal Trust Administration Litigation/LEAL DAIRY/LEAL TRUST PARTNERSHIP FINANCIALS/Taxes 2023/Steve Plains American K1 2023.pdf,1cUCDCqjXqNsK6pIKVLu_iHmq37tdgOoo,application/pdf,2024-04-04,717609
Leal Trust Administration Litigation/LEAL DAIRY/LEAL TRUST PARTNERSHIP FINANCIALS/Taxes 2023/Vanguard Steve 2023.pdf,1mMU1bVvVIBJSTSGUQCsZ-QSSKCJmp6f3,application/pdf,2024-04-04,80027
Leal Trust Administration Litigation/LEAL DAIRY/LEAL TRUST PARTNERSHIP FINANCIALS/Taxes 2024,1G6_da84blwsABKiDde9T1iDJyc2JEEqf,application/vnd.google-apps.folder,2026-08-18,
Leal Trust Administration Litigation/LEAL DAIRY/LEAL TRUST PARTNERSHIP FINANCIALS/Taxes 2024/(PAA) 2024 Tax Package 1810 STEVE M LEAL 04-15-2025 10-52-37 AM.pdf,1ZOLl1P1YmMvT_wJpLjHlt6VuspQbod9-,application/pdf,2025-04-15,585602
Leal Trust Administration Litigation/LEAL DAIRY/LEAL TRUST PARTNERSHIP FINANCIALS/Taxes 2024/agwest year end.pdf,1KwELD9-rg10bQNSZYzKLwmbK2YR7e3Xc,application/pdf,2025-02-03,729889
Leal Trust Administration Litigation/LEAL DAIRY/LEAL TRUST PARTNERSHIP FINANCIALS/Taxes 2024/LOL 1099-patr.pdf,1jcAdzrI4vmOJ6hVC1GQxVqNQSeoGqwom,application/pdf,2025-02-03,413597
Leal Trust Administration Litigation/LEAL DAIRY/LEAL TRUST PARTNERSHIP FINANCIALS/Taxes 2024/Manuel C. Leal & Son Dairy 2024.pdf,1_ySh-FoDX0Dm_1i-F-lo1wvu1CtGeIYs,application/pdf,2025-02-14,64780
Leal Trust Administration Litigation/LEAL DAIRY/LEAL TRUST PARTNERSHIP FINANCIALS/Taxes 2024/Steve & Marla 2024 Bankston.pdf,1E4Y6vHcRC1JBKm7MwLx9_Gk_lfMRAAG9,application/pdf,2025-04-15,64369
Leal Trust Administration Litigation/LEAL DAIRY/LEAL TRUST PARTNERSHIP FINANCIALS/Taxes 2024/Steve & Marla Bankston 2024.pdf,1oAJwnqEns7Wj8PF2MSUDqjCiaKpBBq_O,application/pdf,2025-02-14,64369
Leal Trust Administration Litigation/LEAL DAIRY/LEAL TRUST PARTNERSHIP FINANCIALS/Taxes 2024/Steve Etrade 1099 2024.pdf,19UpluFWVCgIwa-v_WgltPZkn-OmXXDSJ,application/pdf,2025-04-15,342583
Leal Trust Administration Litigation/LEAL DAIRY/LEAL TRUST PARTNERSHIP FINANCIALS/Taxes 2024/Steve Marla 1099s.pdf,1EtQ8L1HnjcfRPj6fVLivPn4eZ8czGCby,application/pdf,2025-04-15,1279241
Leal Trust Administration Litigation/LEAL DAIRY/LEAL TRUST PARTNERSHIP FINANCIALS/Taxes 2024/Steve Marla donations 2024.pdf,1oKePDllPEfc4MFauABHUGReJrnsQgj0Q,application/pdf,2025-04-15,2146610
Leal Trust Administration Litigation/LEAL DAIRY/LEAL TRUST PARTNERSHIP FINANCIALS/Taxes 2024/Steve Marla For Trigs Six.pdf,18UWAsSXUC4akIF1XxCupAJHEdY7Cfqyr,application/pdf,2025-04-15,15124097
Leal Trust Administration Litigation/LEAL DAIRY/LEAL TRUST PARTNERSHIP FINANCIALS/Taxes 2024/Steve Vanguard 1099 2024.pdf,11c7lYzSgvwy_Lyu-ezTjmZCZHjQoYJ3h,application/pdf,2025-04-15,80304
Leal Trust Administration Litigation/LEAL DAIRY/LEAL TRUST PARTNERSHIP FINANCIALS/Taxes 2024/Tax Forms 1099s.pdf,1gmsurE8N2mSqhZ4IBmxfRsQJWxSMjmTk,application/pdf,2025-01-29,2439266
Leal Trust Administration Litigation/LEAL DAIRY/LEAL TRUST PARTNERSHIP FINANCIALS/Taxes 2024/Tax Returns,1NXt00s-KNI9XoQ7gDj4-NKD6ytNT9190,application/vnd.google-apps.folder,2026-08-18,
Leal Trust Administration Litigation/LEAL DAIRY/LEAL TRUST PARTNERSHIP FINANCIALS/Taxes 2024/Tax Returns/2024 Tax Returns - Manuel Leal & Son Dairy.pdf,1RBwG-glOUctVuX3yrJWoklha74A1W3f2,application/pdf,2025-09-09,587777
Leal Trust Administration Litigation/LEAL DAIRY/LEAL TRUST PARTNERSHIP FINANCIALS/Taxes 2024/Tax Returns/2024 Tax Returns - Steve & Marla Leal.pdf,182vRYijbxevuxpXnFvy_aBOnBXAWxdAg,application/pdf,2025-09-09,737377
Leal Trust Administration Litigation/LEAL DAIRY/LEAL TRUST PARTNERSHIP FINANCIALS/Taxes 2025,1V4MsQa1ctMPz8Z7PpElxCyGm-wiFeZNU,application/vnd.google-apps.folder,2026-08-18,
Leal Trust Administration Litigation/LEAL DAIRY/LEAL TRUST PARTNERSHIP FINANCIALS/Taxes 2025/2021_RAM_2500_Transactions_2023-08-01_2026-07-14.csv,1GZSN8n7Y7qaNOjVF88QL8934-Eh8fxjt,text/csv,2026-07-14,6783
Leal Trust Administration Litigation/LEAL DAIRY/LEAL TRUST PARTNERSHIP FINANCIALS/Taxes 2025/2021_RAM_2500_Transactions_2023-08-01_2026-07-14.ofx,1CCqD_2EAbFePPQyesM9Nb5_xTFHfxK4I,application/octet-stream,2026-07-14,11490
Leal Trust Administration Litigation/LEAL DAIRY/LEAL TRUST PARTNERSHIP FINANCIALS/Taxes 2025/Manuel C. Leal & Son Dairy Bankston 2025.pdf,11xYC25TmjQdgf-U0we7IISWCZophbtPd,application/pdf,2026-07-14,65365
Leal Trust Administration Litigation/LEAL DAIRY/LEAL TRUST PARTNERSHIP FINANCIALS/Taxes 2025/Steve etrade 1099 2025.pdf,1nfzpEdEzpib_Avcy2rZfjjidunPqu2OJ,application/pdf,2026-02-19,355154
Leal Trust Administration Litigation/LEAL DAIRY/LEAL TRUST PARTNERSHIP FINANCIALS/Taxes 2025/steve marla TCFCU 1099-INT 2025.pdf,1wwC6KQJJKhcvWaOxtNB6cycD7PoWlqpi,application/pdf,2026-07-14,39414
Leal Trust Administration Litigation/LEAL DAIRY/LEAL TRUST PARTNERSHIP FINANCIALS/Taxes 2025/Steve or Marla Leal Bankston 2025.pdf,1fzH9jo_GXBtvd_zKGEsgv9FSgco2AHsP,application/pdf,2026-07-14,67546
Leal Trust Administration Litigation/LEAL DAIRY/LEAL TRUST PARTNERSHIP FINANCIALS/Taxes 2025/steve vanguard 1099 2025.pdf,1lREELgPagt2E2ks3xUEP21dZAL7zXILk,application/pdf,2026-02-19,76411
Leal Trust Administration Litigation/LEAL DAIRY/LEAL TRUST PARTNERSHIP FINANCIALS/Trust Administration,1X1MAl_L6O03AjZZFIWlDGpgFQXQwaHKL,application/vnd.google-apps.folder,2026-08-18,
Leal Trust Administration Litigation/LEAL DAIRY/LEAL TRUST PARTNERSHIP FINANCIALS/Trust Administration/2016.04.14 ltr to Hazel and Steve Leal with Tony Cardoza's appraisal(1).pdf,12hi8ttY4LubmgI_dzBMW0jBSLrIyyB5r,application/pdf,2016-04-26T01:22:34Z,7114958
Leal Trust Administration Litigation/LEAL DAIRY/LEAL TRUST PARTNERSHIP FINANCIALS/Trust Administration/2016.06.15 ltr to Kaylene Edwards CPA with original certified death certificate.(1).pdf,13hVwb0OINXaD07EH6kGB68AZd8u-4CuG,application/pdf,2016-11-26T22:29:20Z,1674312
Leal Trust Administration Litigation/LEAL DAIRY/LEAL TRUST PARTNERSHIP FINANCIALS/Trust Administration/2017.05.31 Ltr from T. Thompson re pending issues - documents (1).pdf,1YMlSxuP1SS_j8EwgTezZADJrv1JoVeg_,application/pdf,2017-06-30T21:57:08Z,4805268
Leal Trust Administration Litigation/LEAL DAIRY/LEAL TRUST PARTNERSHIP FINANCIALS/Trust Administration/2017.08.08 Ltr to R. Esraelian with recorded Correction Grant Deed (1).pdf,17_eLbKpddGfPOCylCicpzxJX51HUF9Js,application/pdf,2018-05-25T16:21:20Z,4303055
Leal Trust Administration Litigation/LEAL DAIRY/LEAL TRUST PARTNERSHIP FINANCIALS/Trust Administration/2017.10.06 Hazel Leal Mediation Brief.PDF,1x65O9FinsFh_YlcTgdJKk59v8IxPfoZE,application/pdf,2017-10-07T17:54:15Z,6590175
Leal Trust Administration Litigation/LEAL DAIRY/LEAL TRUST PARTNERSHIP FINANCIALS/Trust Administration/Business Valuation Report.Reddington.M. Leal Trust.05.26.16.pdf,1fY1XFHxujNSLs0142r3ZAp_HnGNuQEtc,application/pdf,2016-07-19T16:24:25Z,7094735
Leal Trust Administration Litigation/LEAL DAIRY/LEAL TRUST PARTNERSHIP FINANCIALS/Trust Administration/Bypass Trust Tax Returns,1Kto1FUDvtCtPpM8Pb-YTsSu8LH0sGLrO,application/vnd.google-apps.folder,2026-08-18,
Leal Trust Administration Litigation/LEAL DAIRY/LEAL TRUST PARTNERSHIP FINANCIALS/Trust Administration/Bypass Trust Tax Returns/Manuel Leal Bypass Trust 2015 TAX.PDF,1zyDTco-p7_GKRavbn3Z_TF3RH8ZbjyjM,application/pdf,2020-10-19T21:24:27Z,546033
Leal Trust Administration Litigation/LEAL DAIRY/LEAL TRUST PARTNERSHIP FINANCIALS/Trust Administration/Bypass Trust Tax Returns/Manuel Leal Bypass Trust 2016 TAX.PDF,1I8h0zSoUYCUgSvRk8k-sxLQGKWE1iqFQ,application/pdf,2020-10-19T21:24:27Z,522490
Leal Trust Administration Litigation/LEAL DAIRY/LEAL TRUST PARTNERSHIP FINANCIALS/Trust Administration/Bypass Trust Tax Returns/Manuel Leal Bypass Trust 2017 TAX.PDF,1AyQMx8AJTEqRebHB9c5JoY_T44tkxUxt,application/pdf,2020-10-19T21:24:27Z,586439
Leal Trust Administration Litigation/LEAL DAIRY/LEAL TRUST PARTNERSHIP FINANCIALS/Trust Administration/Bypass Trust Tax Returns/Manuel Leal Bypass Trust 2018 TAX.PDF,1AiwG_Xjbmokl3gNcR5umbh0SMm_VFrLI,application/pdf,2020-10-19T21:24:27Z,546544
Leal Trust Administration Litigation/LEAL DAIRY/LEAL TRUST PARTNERSHIP FINANCIALS/Trust Administration/Bypass Trust Tax Returns/Manuel Leal Bypass Trust 2019 TAX.PDF,1qk2O4xFukj9jfkw0YliDaf1zWfaVf4C9,application/pdf,2020-10-19T21:24:27Z,620885
Leal Trust Administration Litigation/LEAL DAIRY/LEAL TRUST PARTNERSHIP FINANCIALS/Trust Administration/Certification of Trust MC Leal Bypass Trust.pdf,1fNtAEqkkz-U0eIp4TQ0BZlWMSGrFWZXn,application/pdf,2022-03-11T21:56:38Z,8441569
Leal Trust Administration Litigation/LEAL DAIRY/LEAL TRUST PARTNERSHIP FINANCIALS/Trust Administration/closing statements steve.pdf,1FDRH7odAPUtUepi3-fioRr-_3MqCC9ia,application/pdf,2017-07-24T21:00:48Z,806463
Leal Trust Administration Litigation/LEAL DAIRY/LEAL TRUST PARTNERSHIP FINANCIALS/Trust Administration/Correia Xavier,1Q3VazuXWACOyU2nI53ENeXURjLKkErV5,application/vnd.google-apps.folder,2026-08-18,
Leal Trust Administration Litigation/LEAL DAIRY/LEAL TRUST PARTNERSHIP FINANCIALS/Trust Administration/Correia Xavier/2023 APNs Crops Report.xlsx,12WxVREXQE2bS54npHXSP6SzodbW5wcdJ,application/vnd.openxmlformats-officedocument.spreadsheetml.sheet,2023-06-05T21:34:26Z,14037
Leal Trust Administration Litigation/LEAL DAIRY/LEAL TRUST PARTNERSHIP FINANCIALS/Trust Administration/Correia Xavier/AIR BOARD PERMIT LEAL.pdf,1ZVjCBYIejaT700Z015buSPxthxDfzTki,application/pdf,2016-03-11T23:10:45Z,1917176
Leal Trust Administration Litigation/LEAL DAIRY/LEAL TRUST PARTNERSHIP FINANCIALS/Trust Administration/Correia Xavier/annualreport2013.pdf,1qCdvKwANbTWnkrG5xgHs058AiHaOjfnb,application/pdf,2016-03-11T22:38:30Z,173375
Leal Trust Administration Litigation/LEAL DAIRY/LEAL TRUST PARTNERSHIP FINANCIALS/Trust Administration/Correia Xavier/appraisal inventory.xlsx,1ReOcTAPwF1039f_RTY3M-57zLU2bCfDd,application/vnd.openxmlformats-officedocument.spreadsheetml.sheet,2023-05-30T18:41:48Z,15868
Leal Trust Administration Litigation/LEAL DAIRY/LEAL TRUST PARTNERSHIP FINANCIALS/Trust Administration/Correia Xavier/Appraisal Summary.xlsx,1Zn_QT-f_3xt5llXUUiJhgYG6bXBbKQLf,application/vnd.openxmlformats-officedocument.spreadsheetml.sheet,2023-05-30T19:08:27Z,14624
Leal Trust Administration Litigation/LEAL DAIRY/LEAL TRUST PARTNERSHIP FINANCIALS/Trust Administration/Correia Xavier/County Permit0001.pdf,1BccFPqIqpBEshItX9dXu9zatAB3zbErX,application/pdf,2013-06-17T19:11:44Z,2706184
Leal Trust Administration Litigation/LEAL DAIRY/LEAL TRUST PARTNERSHIP FINANCIALS/Trust Administration/Correia Xavier/dairy facility.png,1Jva1WsundLxbnYTxs-ATgkksoUB4bz5Y,image/png,2016-03-07T23:24:56Z,1911661
Leal Trust Administration Litigation/LEAL DAIRY/LEAL TRUST PARTNERSHIP FINANCIALS/Trust Administration/Correia Xavier/Docs - Signed - Initial - UPDATED.PDF,1wOVJwcqN1yg9OgxX46jjzvFROcEy9jbo,application/pdf,2023-06-05T21:02:41Z,886333
Leal Trust Administration Litigation/LEAL DAIRY/LEAL TRUST PARTNERSHIP FINANCIALS/Trust Administration/Correia Xavier/Fields Report ACREVALUE.pdf,1iP53hUqYjtmJ-j8VzWOlZNoEKNgBMMa5,application/pdf,2016-03-07T22:51:41Z,8831963
Leal Trust Administration Litigation/LEAL DAIRY/LEAL TRUST PARTNERSHIP FINANCIALS/Trust Administration/Correia Xavier/Heifer Ranch.jpg,1V9ZxOrDYfk4ztrIjxmiqZbfPWkZaZyuh,image/jpeg,2011-06-30T00:11:41Z,138990
Leal Trust Administration Litigation/LEAL DAIRY/LEAL TRUST PARTNERSHIP FINANCIALS/Trust Administration/Correia Xavier/heifer ranch.png,1thrYjU9eB9xOBTTk0CXta1Fcg9gz9XU-,image/png,2016-03-07T23:28:24Z,1319709
Leal Trust Administration Litigation/LEAL DAIRY/LEAL TRUST PARTNERSHIP FINANCIALS/Trust Administration/Correia Xavier/LEAL APN MAP.png,1wUIfQRlBTRipT5R7cdisbM6wikE0do99,image/png,2016-03-11T23:06:24Z,1028390
Leal Trust Administration Litigation/LEAL DAIRY/LEAL TRUST PARTNERSHIP FINANCIALS/Trust Administration/Correia Xavier/PROP TAX BILLS 2015.pdf,1SUSA1KsLWRFLTI3IODsAJs0ClcePOvyg,application/pdf,2016-03-07T23:35:48Z,47042793
Leal Trust Administration Litigation/LEAL DAIRY/LEAL TRUST PARTNERSHIP FINANCIALS/Trust Administration/Correia Xavier/TID ASSESS BILL 2015.pdf,1U1qmFLQd-jwRUi4dvM15Ip_t-2czQXPe,application/pdf,2016-03-07T23:17:03Z,4132388
Leal Trust Administration Litigation/LEAL DAIRY/LEAL TRUST PARTNERSHIP FINANCIALS/Trust Administration/equity 1992-1993.pdf,14n7lAyVilbJLjO8CudRafCwNTWonvPcd,application/pdf,2017-06-28T18:34:32Z,820931
Leal Trust Administration Litigation/LEAL DAIRY/LEAL TRUST PARTNERSHIP FINANCIALS/Trust Administration/Equity Accounts 1997-2015.pdf,15kpevSbDHhY2tSRmhkswCHK7ghcTaHuJ,application/pdf,2026-08-18T11:46:08.241Z,6917149
Leal Trust Administration Litigation/LEAL DAIRY/LEAL TRUST PARTNERSHIP FINANCIALS/Trust Administration/equity accounts.pdf,1GxvWvn9P1Is5seF-jIeinl1kXHa5iE9P,application/pdf,2017-02-14T19:58:40Z,6725205
Leal Trust Administration Litigation/LEAL DAIRY/LEAL TRUST PARTNERSHIP FINANCIALS/Trust Administration/ESRAELIAN LETTER OF 2-22-17 (2).pdf,16MZDpIOOB_yvc90wweHXb2K4UvLE9z8M,application/pdf,2017-03-22T21:44:31Z,629163
Leal Trust Administration Litigation/LEAL DAIRY/LEAL TRUST PARTNERSHIP FINANCIALS/Trust Administration/Frazer invoice 170777.pdf,1aG7mkdqFrJ2MskzeefZUiAzeMoDabdaA,application/pdf,2021-02-25T16:46:38Z,239527
Leal Trust Administration Litigation/LEAL DAIRY/LEAL TRUST PARTNERSHIP FINANCIALS/Trust Administration/Hazel Trust Admin,12fywjD_L13oa6Qb1RTcABBdOU321oVHJ,application/vnd.google-apps.folder,2026-08-18,
Leal Trust Administration Litigation/LEAL DAIRY/LEAL TRUST PARTNERSHIP FINANCIALS/Trust Administration/Hazel Trust Admin/2025-03-03 BMO Atty Esraelian Ltr (1).pdf,1ZjR_PqMiJ1Zz77MtrSIOoXJ_N4y-_Syt,application/pdf,2025-06-26T11:59:20Z,640494
Leal Trust Administration Litigation/LEAL DAIRY/LEAL TRUST PARTNERSHIP FINANCIALS/Trust Administration/Hazel Trust Admin/2025-05-23 BMO Atty Esrealian Ltr.pdf,1UuQQ2ieX9VwMQkQI32mbpnaGMceoEisV,application/pdf,2025-06-26T11:59:28Z,148426
Leal Trust Administration Litigation/LEAL DAIRY/LEAL TRUST PARTNERSHIP FINANCIALS/Trust Administration/Hazel Trust Admin/2025-06-19 Atty Esraelian Ltr.pdf,1quyelea66eWX1nCSSQ45T7jBdEukLkif,application/pdf,2025-06-26T11:56:55Z,326119
Leal Trust Administration Litigation/LEAL DAIRY/LEAL TRUST PARTNERSHIP FINANCIALS/Trust Administration/Hazel Trust Admin/2026.01.21 Garabedian -Leal Mediation Brief_a8a08f67c05d.pdf,1bvHGW1rVIIMZ5MEzKLKuDl6277-W3Ap8,application/pdf,2026-01-28T03:18:52Z,5688734
Leal Trust Administration Litigation/LEAL DAIRY/LEAL TRUST PARTNERSHIP FINANCIALS/Trust Administration/Hazel Trust Admin/__MACOSX,1r9lZU0owtqTZBZAMeFG9Yy-knyhV7HTb,application/vnd.google-apps.folder,2026-08-18,
Leal Trust Administration Litigation/LEAL DAIRY/LEAL TRUST PARTNERSHIP FINANCIALS/Trust Administration/Hazel Trust Admin/__MACOSX/Leal Dairy & Feedlot Appraisal_Valuation Reports_2022,1vN14Rmq7nH-8GpsqG_sv47ah_Hm7K25Q,application/vnd.google-apps.folder,2026-06-17,
Leal Trust Administration Litigation/LEAL DAIRY/LEAL TRUST PARTNERSHIP FINANCIALS/Trust Administration/Hazel Trust Admin/Appraisal Summary 1.22.25.xlsx,1JoAnL_a_meE28aCUryFGcmrraiItO9EQ,application/vnd.openxmlformats-officedocument.spreadsheetml.sheet,2025-02-06T00:20:24Z,117765
Leal Trust Administration Litigation/LEAL DAIRY/LEAL TRUST PARTNERSHIP FINANCIALS/Trust Administration/Hazel Trust Admin/Appraisal Summary 2.13.25 (1).xlsx,1l-cujx5rFTgKvQkvFHOEaVnLQYechUQ8,application/vnd.openxmlformats-officedocument.spreadsheetml.sheet,2026-01-28T13:52:41Z,119398
Leal Trust Administration Litigation/LEAL DAIRY/LEAL TRUST PARTNERSHIP FINANCIALS/Trust Administration/Hazel Trust Admin/Appraisal_Valuation_Summary_2022.pdf,1gscROJ3mpEXploE3RDzFYTHnQ8tURx3K,application/pdf,2025-06-26T11:59:10Z,180781
Leal Trust Administration Litigation/LEAL DAIRY/LEAL TRUST PARTNERSHIP FINANCIALS/Trust Administration/Hazel Trust Admin/Copy of 2.5.2025 4.20 PM - Appraisal Summary 1.22.25.xlsx,1q2LAcXsVhIRpbt8G1bFrzZx97rqegdd2,application/vnd.openxmlformats-officedocument.spreadsheetml.sheet,2025-02-14T01:13:52Z,115175
Leal Trust Administration Litigation/LEAL DAIRY/LEAL TRUST PARTNERSHIP FINANCIALS/Trust Administration/Hazel Trust Admin/CPA Rebuttal_ Response to Accounting Inquiries.docx,1es0vqG5m8UTenVKViRUxrFGh4G5VH4bo,application/vnd.openxmlformats-officedocument.wordprocessingml.document,2026-05-01T23:25:23Z,1803847
Leal Trust Administration Litigation/LEAL DAIRY/LEAL TRUST PARTNERSHIP FINANCIALS/Trust Administration/Hazel Trust Admin/Dustin Snyder Email.png,1ZMp_kVVhrCcsKEj6qs_BiEwQOeXwPoBZ,image/png,2025-02-05T23:22:47Z,102398
Leal Trust Administration Litigation/LEAL DAIRY/LEAL TRUST PARTNERSHIP FINANCIALS/Trust Administration/Hazel Trust Admin/Executive Summary_ Final Settlement Proposal for Co-Trustees.docx,17Stjv17SNPatqKlYslPwoikTEQ3OY1tE,application/vnd.openxmlformats-officedocument.wordprocessingml.document,2026-05-01T23:22:01Z,1803425
Leal Trust Administration Litigation/LEAL DAIRY/LEAL TRUST PARTNERSHIP FINANCIALS/Trust Administration/Hazel Trust Admin/Financial Statement Capital thru Hazel's DOD revised 2-13-2025.pdf,1NTKDNbrv6pbcsNtp7yvR-9s0StvESndK,application/pdf,2025-02-14T01:01:14Z,71047
Leal Trust Administration Litigation/LEAL DAIRY/LEAL TRUST PARTNERSHIP FINANCIALS/Trust Administration/Hazel Trust Admin/Hazel Draws 9.22.22-1.31.25.xlsx,1HMjBSPjcexZxjwoyXSBKkOALzWY4UkH1,application/vnd.openxmlformats-officedocument.spreadsheetml.sheet,2025-01-31T17:17:51Z,52142
Leal Trust Administration Litigation/LEAL DAIRY/LEAL TRUST PARTNERSHIP FINANCIALS/Trust Administration/Hazel Trust Admin/Hazel Leal Trust.pdf,1seMlPbdU_VfERxNiyhDJ5ag4HEIsg7Aq,application/pdf,2023-09-28T20:36:41Z,19132311
Leal Trust Administration Litigation/LEAL DAIRY/LEAL TRUST PARTNERSHIP FINANCIALS/Trust Administration/Hazel Trust Admin/Hazel Personal Expenses Summary.xlsx,1SPoDoMVI7Dn6f9wT-AmKRVDvTOaFUIad,application/vnd.openxmlformats-officedocument.spreadsheetml.sheet,2026-07-10T17:44:05Z,53945
Leal Trust Administration Litigation/LEAL DAIRY/LEAL TRUST PARTNERSHIP FINANCIALS/Trust Administration/Hazel Trust Admin/Hazel's draws 1-15-25 thru 5-7-26.pdf,1bBIP8sSpjtbTXcDlD-6BDpjNUEccc2bT,application/pdf,2026-05-07T23:10:00Z,155675
Leal Trust Administration Litigation/LEAL DAIRY/LEAL TRUST PARTNERSHIP FINANCIALS/Trust Administration/Hazel Trust Admin/Herd Inventory 9.30.22.xlsx,1ZMA3XuNnIlEedQNrTYaKQutz2wbrty6W,application/vnd.openxmlformats-officedocument.spreadsheetml.sheet,2023-08-29T17:48:33Z,10220
Leal Trust Administration Litigation/LEAL DAIRY/LEAL TRUST PARTNERSHIP FINANCIALS/Trust Administration/Hazel Trust Admin/Leal Dairy & Feedlot Appraisal_Valuation Reports_2022,1kD3NraaIB4FCMFpvUNQo8GgynAP06dIb,application/vnd.google-apps.folder,2026-08-18,
Leal Trust Administration Litigation/LEAL DAIRY/LEAL TRUST PARTNERSHIP FINANCIALS/Trust Administration/Hazel Trust Admin/Leal Dairy & Feedlot Appraisal_Valuation Reports_2022/Appraisal_Valuation_Summary_2022.pdf,1AWxBPW3oUhegze0rv-dsWxoKFJQL-9fb,application/pdf,2025-01-27T22:08:06Z,177084
Leal Trust Administration Litigation/LEAL DAIRY/LEAL TRUST PARTNERSHIP FINANCIALS/Trust Administration/Hazel Trust Admin/Leal Dairy & Feedlot Appraisal_Valuation Reports_2022/Appraisal_Valuation_Summary_Cover Letter_2022.pdf,1AX2PSc8v70PvZ6MfpTIJSxIpHgNI889B,application/pdf,2025-01-27T22:08:06Z,76049
Leal Trust Administration Litigation/LEAL DAIRY/LEAL TRUST PARTNERSHIP FINANCIALS/Trust Administration/Hazel Trust Admin/Leal Dairy & Feedlot Appraisal_Valuation Reports_2022/Business Valuation_MA_Sept 2022_FINAL.pdf,16gD5N0NOGCKoc-eNrpRVQxTLoN8cjndS,application/pdf,2025-01-27T22:08:06Z,3722786
Leal Trust Administration Litigation/LEAL DAIRY/LEAL TRUST PARTNERSHIP FINANCIALS/Trust Administration/Hazel Trust Admin/Leal Dairy & Feedlot Appraisal_Valuation Reports_2022/Personal Property Appraisal_EL&T_Sept 2022_FINAL.pdf,1MQmQv3IsdT4l3PsOyhjiPuxwt6vun6z8,application/pdf,2025-01-27T22:08:06Z,4622857
Leal Trust Administration Litigation/LEAL DAIRY/LEAL TRUST PARTNERSHIP FINANCIALS/Trust Administration/Hazel Trust Admin/Leal Dairy & Feedlot Appraisal_Valuation Reports_2022/Real Property Appraisal Review_MA_Sept 2022_FINAL.pdf,1_4OvhxD_6PBnOOEhGSpbV9JfI15NYrf6,application/pdf,2025-01-27T22:08:06Z,904520
Leal Trust Administration Litigation/LEAL DAIRY/LEAL TRUST PARTNERSHIP FINANCIALS/Trust Administration/Hazel Trust Admin/Leal Dairy & Feedlot Appraisal_Valuation Reports_2022/Real Property Appraisal_CX_Sept 2022 FINAL.pdf,1GmTRnvC095zVlyZKHoAGKh0OvxS4q9Ch,application/pdf,2025-01-27T22:08:06Z,14648977
Leal Trust Administration Litigation/LEAL DAIRY/LEAL TRUST PARTNERSHIP FINANCIALS/Trust Administration/Hazel Trust Admin/Leal Dairy & Feedlot Appraisal_Valuation Reports_2022/Real Property Appraisal_JHA_Sept 2022 FINAL.pdf,1K55e3k5eKDQHu5Ho3Jlu-F--sFxTx_nu,application/pdf,2025-01-27T22:08:06Z,5486896
Leal Trust Administration Litigation/LEAL DAIRY/LEAL TRUST PARTNERSHIP FINANCIALS/Trust Administration/Hazel Trust Admin/Leal Dairy & Feedlot Appraisal_Valuation Reports_2022/Real Property Appraisal_JHA_Sept 2022_Prorata Allocation_FINAL.pdf,1iBkWXDH3jrHKidxSoLpBtTTytA8V0ns6,application/pdf,2025-01-27T22:08:06Z,45320
Leal Trust Administration Litigation/LEAL DAIRY/LEAL TRUST PARTNERSHIP FINANCIALS/Trust Administration/Hazel Trust Admin/Leal Dairy Equipment Sheet.xlsx,1SrVBGg-XMNZFzsCSBdNQkvoj75IAk7Ma,application/vnd.openxmlformats-officedocument.spreadsheetml.sheet,2024-08-28T16:50:19Z,11507
Leal Trust Administration Litigation/LEAL DAIRY/LEAL TRUST PARTNERSHIP FINANCIALS/Trust Administration/Hazel Trust Admin/Leal Dairy Org Chart.docx,1soI-ZT_i6VbKjul8wD0OSf-EPF8cwCjA,application/vnd.openxmlformats-officedocument.wordprocessingml.document,2024-08-23T17:15:51Z,28155
Leal Trust Administration Litigation/LEAL DAIRY/LEAL TRUST PARTNERSHIP FINANCIALS/Trust Administration/Hazel Trust Admin/Leal Summary - Prime Cattle.xlsx,1VGBML2d_FlOVNkmXhi8Q6pHaWCk2R-Gm,application/vnd.openxmlformats-officedocument.spreadsheetml.sheet,2026-05-07T23:12:18Z,36695
Leal Trust Administration Litigation/LEAL DAIRY/LEAL TRUST PARTNERSHIP FINANCIALS/Trust Administration/Hazel Trust Admin/Manuel Leal Dairy FS 9.30.22 and 9.30.21.xlsx,1Zjlp2GO2pU9XgB1_sblob5UIg_MVb3zw,application/vnd.openxmlformats-officedocument.spreadsheetml.sheet,2024-08-23T16:40:19Z,68454
Leal Trust Administration Litigation/LEAL DAIRY/LEAL TRUST PARTNERSHIP FINANCIALS/Trust Administration/Hazel Trust Admin/ME analysis of appraisals 7-2-2025.xlsx,1k2SeetrgtLpNwoYv_JM4Omy-C2TVApmV,application/vnd.openxmlformats-officedocument.spreadsheetml.sheet,2026-05-01T22:40:46Z,21568
Leal Trust Administration Litigation/LEAL DAIRY/LEAL TRUST PARTNERSHIP FINANCIALS/Trust Administration/Hazel Trust Admin/Mediation Brief.pdf,1MSwLpP9jITJAepNpYIx7QsV0mU88XABK,application/pdf,2026-01-30T13:51:45Z,282879
Leal Trust Administration Litigation/LEAL DAIRY/LEAL TRUST PARTNERSHIP FINANCIALS/Trust Administration/Hazel Trust Admin/Moss Adams Adjustment Calcs.pdf,1ITKU82XFGMvnxzLpi0IOGvq70fgUnLMV,application/pdf,2025-02-14T01:03:15Z,735365
Leal Trust Administration Litigation/LEAL DAIRY/LEAL TRUST PARTNERSHIP FINANCIALS/Trust Administration/Hazel Trust Admin/Mutual Release and Settlement Agreement - Leal Dairy Buyout.docx,1YoN1SYMC-sGH07FwCx3xc02HyLRWkF59,application/vnd.openxmlformats-officedocument.wordprocessingml.document,2026-05-04T15:30:24Z,1803043
Leal Trust Administration Litigation/LEAL DAIRY/LEAL TRUST PARTNERSHIP FINANCIALS/Trust Administration/Hazel Trust Admin/prime cattle QB summary.pdf,1p55Kg4HpZsyBeSmcc8oQ9Eg3egF2hIML,application/pdf,2026-05-07T23:15:23Z,40118
Leal Trust Administration Litigation/LEAL DAIRY/LEAL TRUST PARTNERSHIP FINANCIALS/Trust Administration/Hazel Trust Admin/Request 3.docx,1m55oRGmrPf8y2lfDVof9Vc1UzLKF85-n,application/vnd.openxmlformats-officedocument.wordprocessingml.document,2026-03-06T22:20:54Z,16752
Leal Trust Administration Litigation/LEAL DAIRY/LEAL TRUST PARTNERSHIP FINANCIALS/Trust Administration/Hazel Trust Admin/Section 998 Offer to Compromise - $4.7M Buyout Proposal.docx,17CdnVBcG9JLbFu3QARscbDuixwPL_H7S,application/vnd.openxmlformats-officedocument.wordprocessingml.document,2026-05-04T15:31:26Z,1804718
Leal Trust Administration Litigation/LEAL DAIRY/LEAL TRUST PARTNERSHIP FINANCIALS/Trust Administration/Hazel Trust Admin/Valuation Questions 10.03.2024.docx,1l0Z6J3pe1aNhBWq1FxHXlgjECb9MlMgs,application/vnd.openxmlformats-officedocument.wordprocessingml.document,2024-10-08T23:06:07Z,17582
Leal Trust Administration Litigation/LEAL DAIRY/LEAL TRUST PARTNERSHIP FINANCIALS/Trust Administration/Invoices 11.15.17,16bPEG41gxns8ham6foC8H6fG91b2RErl,application/vnd.google-apps.folder,2026-08-18,
Leal Trust Administration Litigation/LEAL DAIRY/LEAL TRUST PARTNERSHIP FINANCIALS/Trust Administration/Invoices 11.15.17/a&m livestock invoice ck# 29086.pdf,1I2VjSmE560P9ewGrU21j3m_HtEH5PBwX,application/pdf,2017-11-10T16:56:59Z,1461238
Leal Trust Administration Litigation/LEAL DAIRY/LEAL TRUST PARTNERSHIP FINANCIALS/Trust Administration/Invoices 11.15.17/farnsworth invoice ck# 28991.pdf,14o4VAzDqLjdBbVvDUr7TdD_Y9G8CNYUc,application/pdf,2017-11-13T18:49:44Z,402942
Leal Trust Administration Litigation/LEAL DAIRY/LEAL TRUST PARTNERSHIP FINANCIALS/Trust Administration/Invoices 11.15.17/mbf invoice ck#29145.pdf,19O6Gqq2l-BQrfPX9cUQQ-MI3YZEOC91P,application/pdf,2017-11-10T16:45:45Z,183688
Leal Trust Administration Litigation/LEAL DAIRY/LEAL TRUST PARTNERSHIP FINANCIALS/Trust Administration/Invoices 11.15.17/neil moon invoice ck#28743.pdf,1QUW4Q3udEFDGGlmjIMCDKctG5B9hZa0t,application/pdf,2017-11-13T18:49:53Z,254068
Leal Trust Administration Litigation/LEAL DAIRY/LEAL TRUST PARTNERSHIP FINANCIALS/Trust Administration/Invoices 11.15.17/Sierra Gold Nurseries 11-10-17 ck#28097.pdf,1af8objJW2DLB1CVy2xqtEF1asP_xvTdc,application/pdf,2017-11-13T18:45:46Z,102615
Leal Trust Administration Litigation/LEAL DAIRY/LEAL TRUST PARTNERSHIP FINANCIALS/Trust Administration/Invoices 11.15.17/Sparlin sept oct.pdf,14bQmSaK-wzFjGW9BGIvqVxKNkswMzJNp,application/pdf,2017-11-10T17:08:49Z,828070
Leal Trust Administration Litigation/LEAL DAIRY/LEAL TRUST PARTNERSHIP FINANCIALS/Trust Administration/Invoices 11.15.17/WM July 2017 ck#28845.pdf,1a2fUD09oCQISn1pnLqOKCW_spEziTig-,application/pdf,2017-11-10T16:55:30Z,118832
Leal Trust Administration Litigation/LEAL DAIRY/LEAL TRUST PARTNERSHIP FINANCIALS/Trust Administration/Leal age retirement payouts (1).pdf,1BlzIgVpgGZbYS_wWdmz6qnxTqZbssh4v,application/pdf,2017-09-26T22:31:59Z,536708
Leal Trust Administration Litigation/LEAL DAIRY/LEAL TRUST PARTNERSHIP FINANCIALS/Trust Administration/Leal3.doc,16cDdSLQ-8-8LvZLHs58DboQ7xStdBe1j,application/msword,2018-05-25T15:40:25Z,42496
Leal Trust Administration Litigation/LEAL DAIRY/LEAL TRUST PARTNERSHIP FINANCIALS/Trust Administration/LEALMANUELDAIRY-ESRAELIANROBIN2017F23LTR (2).pdf,1XFkaCpAmnv1_TY3aFWQrXjmx1wpwvGK3,application/pdf,2017-09-28T22:21:31Z,1780628
Leal Trust Administration Litigation/LEAL DAIRY/LEAL TRUST PARTNERSHIP FINANCIALS/Trust Administration/MANUEL ESTATE 2016,1lMB181WQTCcAXtgYH1-LO7fHVopYPycl,application/vnd.google-apps.folder,2026-08-18,
Leal Trust Administration Litigation/LEAL DAIRY/LEAL TRUST PARTNERSHIP FINANCIALS/Trust Administration/MANUEL ESTATE 2016/706 Manuel C. Leal Draft.pdf,1Ix0zO2f4_3ingqkv6T03pDSJZ9jV1ayE,application/pdf,2016-07-19T16:19:41Z,375066
Leal Trust Administration Litigation/LEAL DAIRY/LEAL TRUST PARTNERSHIP FINANCIALS/Trust Administration/MANUEL ESTATE 2016/Appraisal Report.Leal Trust.Cardoza Equipment Appraisal.04.05.16.pdf,1ORR8WxqTVez1oy3Hawy5nbup1SpYYA4T,application/pdf,2017-01-28T20:18:44Z,2784416
Leal Trust Administration Litigation/LEAL DAIRY/LEAL TRUST PARTNERSHIP FINANCIALS/Trust Administration/MANUEL ESTATE 2016/Business Valuation Report.Reddington.M. Leal Trust.05.26.16.pdf,1A6S1-wrGkEm425DWYVYwvPk3vm7dUJ-w,application/pdf,2017-12-08T13:13:44Z,7071062
Leal Trust Administration Litigation/LEAL DAIRY/LEAL TRUST PARTNERSHIP FINANCIALS/Trust Administration/MANUEL ESTATE 2016/Esraelian Response 1,1CCeHdmtIsYwBcGgtOpzz8AncvmhGeqYu,application/vnd.google-apps.folder,2026-08-18,
Leal Trust Administration Litigation/LEAL DAIRY/LEAL TRUST PARTNERSHIP FINANCIALS/Trust Administration/MANUEL ESTATE 2016/Esraelian Response 1/20651 rental.pdf,1ERWljcRdIk-s-FfGGw7JxxsIpjx3EtDk,application/pdf,2016-11-23T17:05:43Z,5152842
Leal Trust Administration Litigation/LEAL DAIRY/LEAL TRUST PARTNERSHIP FINANCIALS/Trust Administration/MANUEL ESTATE 2016/Esraelian Response 1/6907 rental.pdf,1-JwRyR5o-ZMZhdj9hhVrweVYGxX3xwri,application/pdf,2016-11-23T17:05:35Z,6032869
Leal Trust Administration Litigation/LEAL DAIRY/LEAL TRUST PARTNERSHIP FINANCIALS/Trust Administration/MANUEL ESTATE 2016/Esraelian Response 1/6935 rental.pdf,1FZJ8Jq_1hJAe1JC-pDZPdOEnTjIuuDWY,application/pdf,2016-11-23T17:05:41Z,4793589
Leal Trust Administration Litigation/LEAL DAIRY/LEAL TRUST PARTNERSHIP FINANCIALS/Trust Administration/MANUEL ESTATE 2016/Esraelian Response 1/Cash Flow 2016.pdf,1FnIl97HiX74PvPaX9x-jcKCtQj_ACZ3V,application/pdf,2016-11-23T00:50:28Z,36448
Leal Trust Administration Litigation/LEAL DAIRY/LEAL TRUST PARTNERSHIP FINANCIALS/Trust Administration/MANUEL ESTATE 2016/Esraelian Response 1/checking 2016.pdf,1rlmikJ5Kao6D2y6yGLCzeaI86mKY13Lp,application/pdf,2016-03-28T17:28:41Z,112295
Leal Trust Administration Litigation/LEAL DAIRY/LEAL TRUST PARTNERSHIP FINANCIALS/Trust Administration/MANUEL ESTATE 2016/Esraelian Response 1/Farm Credit Annuals,1314v_gpP0iLpxaE2gULykJq71ZgeBayZ,application/vnd.google-apps.folder,2026-08-18,
Leal Trust Administration Litigation/LEAL DAIRY/LEAL TRUST PARTNERSHIP FINANCIALS/Trust Administration/MANUEL ESTATE 2016/Esraelian Response 1/Farm Credit Annuals/231464E611-4695-2A0A-0A0A-0A0A0A0A0A0A_2012_AnnualTranSummary (1).pdf,1hHMHze9me4yHfVySO0y2vkhZ8jJLXEnD,application/pdf,2016-11-22T18:11:42Z,31343
Leal Trust Administration Litigation/LEAL DAIRY/LEAL TRUST PARTNERSHIP FINANCIALS/Trust Administration/MANUEL ESTATE 2016/Esraelian Response 1/Farm Credit Annuals/231464E611-4695-2A0A-0A0A-0A0A0A0A0A0A_2013_AnnualTranSummary.pdf,1IOAMgNr9NwlseCq9emoL6QGuNHPfsOqg,application/pdf,2016-11-22T18:11:40Z,38995
Leal Trust Administration Litigation/LEAL DAIRY/LEAL TRUST PARTNERSHIP FINANCIALS/Trust Administration/MANUEL ESTATE 2016/Esraelian Response 1/Farm Credit Annuals/231464E611-4695-2A0A-0A0A-0A0A0A0A0A0A_2014_AnnualTranSummary.pdf,14sZWDOMZTr5s1IHnzD-M9jQ3V-CCXRkS,application/pdf,2016-11-22T18:11:38Z,34087
Leal Trust Administration Litigation/LEAL DAIRY/LEAL TRUST PARTNERSHIP FINANCIALS/Trust Administration/MANUEL ESTATE 2016/Esraelian Response 1/Farm Credit Annuals/231464E611-4695-2A0A-0A0A-0A0A0A0A0A0A_2015_AnnualTranSummary.pdf,1Gf2TFxyszNZTqtJiqINsz0GB0vMQ6-Am,application/pdf,2016-11-22T18:11:35Z,31127
Leal Trust Administration Litigation/LEAL DAIRY/LEAL TRUST PARTNERSHIP FINANCIALS/Trust Administration/MANUEL ESTATE 2016/Esraelian Response 1/Farm Credit Annuals/FCW 2016 Q1.pdf,1hS62P2r0FkE0NUhHIu2eHgg96NbG1Jpf,application/pdf,2016-11-22T18:12:58Z,16781
Leal Trust Administration Litigation/LEAL DAIRY/LEAL TRUST PARTNERSHIP FINANCIALS/Trust Administration/MANUEL ESTATE 2016/Esraelian Response 1/Farm Credit Annuals/FCW 2016 Q2.pdf,1PWIPv_7Rxsqklt_7FtiK5JXcVuJE63C-,application/pdf,2016-11-22T18:13:00Z,14510
Leal Trust Administration Litigation/LEAL DAIRY/LEAL TRUST PARTNERSHIP FINANCIALS/Trust Administration/MANUEL ESTATE 2016/Esraelian Response 1/Farm Credit Annuals/FCW 2016 Q3.pdf,1QAwj9ttuqbEZg2H2UJlMNO8FwNRvEs6v,application/pdf,2016-11-22T18:13:01Z,22063
Leal Trust Administration Litigation/LEAL DAIRY/LEAL TRUST PARTNERSHIP FINANCIALS/Trust Administration/MANUEL ESTATE 2016/Esraelian Response 1/hay 2015.pdf,1rhpFhCF0QFE98niLLVIN8TanAC7hh37l,application/pdf,2016-11-22T18:25:00Z,51888
Leal Trust Administration Litigation/LEAL DAIRY/LEAL TRUST PARTNERSHIP FINANCIALS/Trust Administration/MANUEL ESTATE 2016/Esraelian Response 1/hay 2016.pdf,15s-6cw3S3NrPi5rVRFNi_UpHmf-5XCzQ,application/pdf,2016-11-22T18:25:42Z,47654
Leal Trust Administration Litigation/LEAL DAIRY/LEAL TRUST PARTNERSHIP FINANCIALS/Trust Administration/MANUEL ESTATE 2016/Esraelian Response 1/hay bought 2015.pdf,1JcDX4QWdOJgIl3zgU9w78OTiVUX_yG5g,application/pdf,2016-11-22T18:37:10Z,57107
Leal Trust Administration Litigation/LEAL DAIRY/LEAL TRUST PARTNERSHIP FINANCIALS/Trust Administration/MANUEL ESTATE 2016/Esraelian Response 1/hay bought 2016.pdf,1jzZQRRbhdf1HKcJoQgXzhEtamnuSeLNt,application/pdf,2016-11-22T18:36:58Z,59864
Leal Trust Administration Litigation/LEAL DAIRY/LEAL TRUST PARTNERSHIP FINANCIALS/Trust Administration/MANUEL ESTATE 2016/Esraelian Response 1/Hazel letter 1.30.17.docx,1WSI1g9p26hIlCOjt1LYR5dVLWKxU-N5T,application/vnd.openxmlformats-officedocument.wordprocessingml.document,2024-01-12T14:01:30Z,13745
"Leal Trust Administration Litigation/LEAL DAIRY/LEAL TRUST PARTNERSHIP FINANCIALS/Trust Administration/MANUEL ESTATE 2016/Esraelian Response 1/Leal,Hazel.Gin.2.doc",1s_iDB7L7M-hyIrwND6OHAEiyDWpjrrZ6,application/msword,2016-11-23T01:25:56Z,62464
"Leal Trust Administration Litigation/LEAL DAIRY/LEAL TRUST PARTNERSHIP FINANCIALS/Trust Administration/MANUEL ESTATE 2016/Esraelian Response 1/Leal,Hazel.Gin.response.docx",1M3r5km6I9EZre_Hx-CImCpC9ejOQeErh,application/vnd.openxmlformats-officedocument.wordprocessingml.document,2016-11-26T19:14:50Z,34055
Leal Trust Administration Litigation/LEAL DAIRY/LEAL TRUST PARTNERSHIP FINANCIALS/Trust Administration/MANUEL ESTATE 2016/Esraelian Response 1/P&L 2016.pdf,1zVGpjtS8bvqii3vF2xcoSDgtIIFdjsg7,application/pdf,2016-11-23T00:50:12Z,40286
Leal Trust Administration Litigation/LEAL DAIRY/LEAL TRUST PARTNERSHIP FINANCIALS/Trust Administration/MANUEL ESTATE 2016/Esraelian Response 1/personal hazel.pdf,1ezdgLilXP-ODv7DbFfqxZvQwRp53xh7Y,application/pdf,2016-11-22T18:15:10Z,79151
Leal Trust Administration Litigation/LEAL DAIRY/LEAL TRUST PARTNERSHIP FINANCIALS/Trust Administration/MANUEL ESTATE 2016/Esraelian Response 1/personal steve.pdf,1QAXfcDyMje5e__Kvhr9KoVZ0i-q6oyW_,application/pdf,2016-11-23T17:12:54Z,69453
Leal Trust Administration Litigation/LEAL DAIRY/LEAL TRUST PARTNERSHIP FINANCIALS/Trust Administration/MANUEL ESTATE 2016/Esraelian Response 1/Phone,1FwoGs2d_YH2FBfzRkiZAHOSLI-13KhZG,application/vnd.google-apps.folder,2026-08-18,
Leal Trust Administration Litigation/LEAL DAIRY/LEAL TRUST PARTNERSHIP FINANCIALS/Trust Administration/MANUEL ESTATE 2016/Esraelian Response 1/Phone/UnbilledUsage NOV16. one call from tom.xlsx,1IhbnHEoBLevdEN6AxNi2GYvvNkXspGsJ,application/vnd.openxmlformats-officedocument.spreadsheetml.sheet,2016-11-26T19:06:02Z,16823
Leal Trust Administration Litigation/LEAL DAIRY/LEAL TRUST PARTNERSHIP FINANCIALS/Trust Administration/MANUEL ESTATE 2016/Esraelian Response 1/Phone/VoiceBilledUsageDetails_april16.xlsx,1bmdzbme3YAoKbvqvWha9N7QiR5c4oqwQ,application/vnd.openxmlformats-officedocument.spreadsheetml.sheet,2016-11-26T18:13:54Z,33424
Leal Trust Administration Litigation/LEAL DAIRY/LEAL TRUST PARTNERSHIP FINANCIALS/Trust Administration/MANUEL ESTATE 2016/Esraelian Response 1/Phone/VoiceBilledUsageDetails_august16.xlsx,1yhizgQUZlJsy8oOrVjTZeYFp-IM0Scii,application/vnd.openxmlformats-officedocument.spreadsheetml.sheet,2016-11-26T18:21:02Z,46703
Leal Trust Administration Litigation/LEAL DAIRY/LEAL TRUST PARTNERSHIP FINANCIALS/Trust Administration/MANUEL ESTATE 2016/Esraelian Response 1/Phone/VoiceBilledUsageDetails_july16.xlsx,1azrwClqc6cXVTAABNX7pH0POyFI0YznH,application/vnd.openxmlformats-officedocument.spreadsheetml.sheet,2016-11-26T18:18:46Z,51057
Leal Trust Administration Litigation/LEAL DAIRY/LEAL TRUST PARTNERSHIP FINANCIALS/Trust Administration/MANUEL ESTATE 2016/Esraelian Response 1/Phone/VoiceBilledUsageDetails_june16.xlsx,1ZS4TO2PC78FzQKZV4zUCeFi78JLV8XQJ,application/vnd.openxmlformats-officedocument.spreadsheetml.sheet,2016-11-26T18:16:26Z,51749
Leal Trust Administration Litigation/LEAL DAIRY/LEAL TRUST PARTNERSHIP FINANCIALS/Trust Administration/MANUEL ESTATE 2016/Esraelian Response 1/Phone/VoiceBilledUsageDetails_may16. one unanswered call.xlsx,1u22IoF_at3FFGm9J5qNC02fx0H05rmuA,application/vnd.openxmlformats-officedocument.spreadsheetml.sheet,2016-11-26T19:06:41Z,43506
Leal Trust Administration Litigation/LEAL DAIRY/LEAL TRUST PARTNERSHIP FINANCIALS/Trust Administration/MANUEL ESTATE 2016/Esraelian Response 1/Phone/VoiceBilledUsageDetails_may16.xlsx,1o5DtWxHxAvjqLSlk3WTWcNJalWz7s5gp,application/vnd.openxmlformats-officedocument.spreadsheetml.sheet,2016-11-26T18:14:00Z,43508
Leal Trust Administration Litigation/LEAL DAIRY/LEAL TRUST PARTNERSHIP FINANCIALS/Trust Administration/MANUEL ESTATE 2016/Esraelian Response 1/Phone/VoiceBilledUsageDetails_oct16.xlsx,16n9BcbkUcS-CLNRYuKF8JHTQBhYOmc3g,application/vnd.openxmlformats-officedocument.spreadsheetml.sheet,2016-11-26T18:37:38Z,45431
Leal Trust Administration Litigation/LEAL DAIRY/LEAL TRUST PARTNERSHIP FINANCIALS/Trust Administration/MANUEL ESTATE 2016/Esraelian Response 1/Phone/VoiceBilledUsageDetails_sept16.xlsx,1shB-qLl6X2a0vlOgiQdGPArfz263KLMk,application/vnd.openxmlformats-officedocument.spreadsheetml.sheet,2016-11-26T18:23:24Z,50312
Leal Trust Administration Litigation/LEAL DAIRY/LEAL TRUST PARTNERSHIP FINANCIALS/Trust Administration/MANUEL ESTATE 2016/Esraelian Response 1/trust admin expense.pdf,1EkZf76hOKGb0rtvm4tWNLIANZmDS4yH6,application/pdf,2016-11-23T17:35:58Z,50893
Leal Trust Administration Litigation/LEAL DAIRY/LEAL TRUST PARTNERSHIP FINANCIALS/Trust Administration/MANUEL ESTATE 2016/Estate of Manuel Leal.pdf,1_pYE7BAuHe4nBZiuFMtFGP_OuAel_ntR,application/pdf,2016-07-19T16:19:57Z,79557
Leal Trust Administration Litigation/LEAL DAIRY/LEAL TRUST PARTNERSHIP FINANCIALS/Trust Administration/MANUEL ESTATE 2016/Land Adjustment.pdf,1Lh5rpYB_vsqsb4iVwicBD80IgoYw6w3d,application/pdf,2016-07-19T16:23:24Z,3992703
"Leal Trust Administration Litigation/LEAL DAIRY/LEAL TRUST PARTNERSHIP FINANCIALS/Trust Administration/MANUEL ESTATE 2016/Leal,Hazel.Gin-2.doc",194xPW7zcYKAq0g1460UGOj6KeM1VQU14,application/msword,2016-07-19T16:16:52Z,36864
Leal Trust Administration Litigation/LEAL DAIRY/LEAL TRUST PARTNERSHIP FINANCIALS/Trust Administration/MANUEL ESTATE 2016/Manuel Leal & Son Dairy Capital Analysis 8-3-2017.pdf,1HO0qqBRhILkV8He2Gkpgb5B3rmM21NGb,application/pdf,2017-12-08T12:29:27Z,89328
Leal Trust Administration Litigation/LEAL DAIRY/LEAL TRUST PARTNERSHIP FINANCIALS/Trust Administration/MANUEL ESTATE 2016/Steve Hazel Adjustment,1muwUjp6CNR2GILmgsKUfnF5GDmlgaPbI,application/vnd.google-apps.folder,2026-08-18,
Leal Trust Administration Litigation/LEAL DAIRY/LEAL TRUST PARTNERSHIP FINANCIALS/Trust Administration/MANUEL ESTATE 2016/Steve Hazel Adjustment/Farm Credit 2014.pdf,1xUrgYnBHRbjvGKIGHoT_wZKYu57keWed,application/pdf,2017-02-17T20:23:52Z,34087
Leal Trust Administration Litigation/LEAL DAIRY/LEAL TRUST PARTNERSHIP FINANCIALS/Trust Administration/MANUEL ESTATE 2016/Steve Hazel Adjustment/Reddington Current Value.pdf,1WrvxPxkIN7BqL1JWQ4Z8Fkr-5H23bXBv,application/pdf,2017-03-02T01:30:22Z,442064
Leal Trust Administration Litigation/LEAL DAIRY/LEAL TRUST PARTNERSHIP FINANCIALS/Trust Administration/MANUEL ESTATE 2016/Steve Hazel Adjustment/Steve.Hazel adjust letter to aaron.docx,15fldJpaUAcQbmgrIEQNDVjzR6ZZT28XP,application/vnd.openxmlformats-officedocument.wordprocessingml.document,2024-01-12T13:56:29Z,15108
Leal Trust Administration Litigation/LEAL DAIRY/LEAL TRUST PARTNERSHIP FINANCIALS/Trust Administration/MANUEL ESTATE 2016/Steve Hazel Adjustment/Steve.Hazel adjust letter.docx,1OrL_l-_fmXHsO8hPkDuSmzYAYXJosYaq,application/vnd.openxmlformats-officedocument.wordprocessingml.document,2024-01-12T13:56:36Z,14860
Leal Trust Administration Litigation/LEAL DAIRY/LEAL TRUST PARTNERSHIP FINANCIALS/Trust Administration/MANUEL ESTATE 2016/trust admin invoices.pdf,1_oe5ecQAPk1PqvXQ5dv71U2lzBUsFcvG,application/pdf,2018-05-31T16:20:39Z,3893719
Leal Trust Administration Litigation/LEAL DAIRY/LEAL TRUST PARTNERSHIP FINANCIALS/Trust Administration/Manuel Leal & Son Dairy Capital Analysis 8-3-2017.pdf,11bhp9KCirv9uhq5TRdqdNJz95qoTrTVR,application/pdf,2017-12-06T18:36:57Z,101702
Leal Trust Administration Litigation/LEAL DAIRY/LEAL TRUST PARTNERSHIP FINANCIALS/Trust Administration/Morgan Stanley Cash Account.pdf,1raKdndUmOhWE7WKOGbwG3wbp7F3DshXI,application/pdf,2019-03-18T17:12:21Z,253206
Leal Trust Administration Litigation/LEAL DAIRY/LEAL TRUST PARTNERSHIP FINANCIALS/Trust Administration/Morgan Stanley Statements,1Lyr43mJZhMPFdrBVZsBebHk0yrf1BBxJ,application/vnd.google-apps.folder,2026-08-18,
Leal Trust Administration Litigation/LEAL DAIRY/LEAL TRUST PARTNERSHIP FINANCIALS/Trust Administration/Morgan Stanley Statements/2015 1099.pdf,1xKFjeVPKGLMdrNT_B-ep0_6RyLmTpzqh,application/pdf,2019-05-20T16:25:43Z,356114
Leal Trust Administration Litigation/LEAL DAIRY/LEAL TRUST PARTNERSHIP FINANCIALS/Trust Administration/Morgan Stanley Statements/2015 Statements.pdf,1kEWNKrPAixKbEpywM2rHBxR4E4rObdjG,application/pdf,2019-05-20T16:19:59Z,824193
Leal Trust Administration Litigation/LEAL DAIRY/LEAL TRUST PARTNERSHIP FINANCIALS/Trust Administration/Morgan Stanley Statements/2016 1099.pdf,1wXcAJap8Iz9cRrpFsmM0EXWSobxlE7L8,application/pdf,2019-05-20T16:26:04Z,337049
Leal Trust Administration Litigation/LEAL DAIRY/LEAL TRUST PARTNERSHIP FINANCIALS/Trust Administration/Morgan Stanley Statements/2016 Statements.pdf,1sejhH06ekzVSUhRwMIkKa__wGa6IJfX1,application/pdf,2019-05-20T16:21:11Z,916030
Leal Trust Administration Litigation/LEAL DAIRY/LEAL TRUST PARTNERSHIP FINANCIALS/Trust Administration/Morgan Stanley Statements/2017 1099.pdf,1CI2q7UcJoopcOmutCSBjkHK1mE626lDx,application/pdf,2019-05-20T16:26:29Z,456937
Leal Trust Administration Litigation/LEAL DAIRY/LEAL TRUST PARTNERSHIP FINANCIALS/Trust Administration/Morgan Stanley Statements/2017 Statements.pdf,1C6imVLWZ3nkBVusZeCyIC4DMvYjjljwi,application/pdf,2019-05-20T16:21:57Z,910423
Leal Trust Administration Litigation/LEAL DAIRY/LEAL TRUST PARTNERSHIP FINANCIALS/Trust Administration/Morgan Stanley Statements/2018 1099.pdf,1bFu_ShZwUNvulH0kiTJCobI-Twes0_mL,application/pdf,2019-05-20T16:26:51Z,464584
Leal Trust Administration Litigation/LEAL DAIRY/LEAL TRUST PARTNERSHIP FINANCIALS/Trust Administration/Morgan Stanley Statements/2018 Statements.pdf,1KpxpJXVyGnT4xOf9tjTdKXRC5Rs_vY5P,application/pdf,2019-05-20T16:22:40Z,909320
Leal Trust Administration Litigation/LEAL DAIRY/LEAL TRUST PARTNERSHIP FINANCIALS/Trust Administration/Morgan Stanley Statements/2019 1099.pdf,1Tp7__ArOQsRPwESJ8Jw4_cwKGLxhv5gX,application/pdf,2020-10-27T16:41:27Z,321578
Leal Trust Administration Litigation/LEAL DAIRY/LEAL TRUST PARTNERSHIP FINANCIALS/Trust Administration/Morgan Stanley Statements/2019 Q1 Statements.pdf,1EOR5oiJT-5BQHnDfUdhUFLERSZ4qsV7R,application/pdf,2019-05-20T16:23:19Z,303952
Leal Trust Administration Litigation/LEAL DAIRY/LEAL TRUST PARTNERSHIP FINANCIALS/Trust Administration/Morgan Stanley Statements/Cash account 9.30.20.pdf,1qoJ7DACnaXsQO0OLwtDC5H63IwNucSMk,application/pdf,2020-10-19T21:06:09Z,72757
Leal Trust Administration Litigation/LEAL DAIRY/LEAL TRUST PARTNERSHIP FINANCIALS/Trust Administration/Morgan Stanley Statements/MS 3.30.15 statement.pdf,1XKoekd4-Beu7Hkk3Hll9bowqRqekNS0o,application/pdf,2020-10-19T21:07:17Z,90158
Leal Trust Administration Litigation/LEAL DAIRY/LEAL TRUST PARTNERSHIP FINANCIALS/Trust Administration/Morgan Stanley Statements/MS 9.30.20 statement.pdf,1L09hs41G_DCh0ItD2BZ5exSADsSB9RvN,application/pdf,2020-10-19T21:08:16Z,86695
Leal Trust Administration Litigation/LEAL DAIRY/LEAL TRUST PARTNERSHIP FINANCIALS/Trust Administration/MS 10.31.20.pdf,1JtDrOuqFltfAaybK6xkuR0L8xD8sCx6Y,application/pdf,2020-11-06T16:16:20Z,86432
Leal Trust Administration Litigation/LEAL DAIRY/LEAL TRUST PARTNERSHIP FINANCIALS/Trust Administration/Partnership note letter.docx,1VOsQO6NhHM3oQ6RDmFjhj2KfloYP1gUh,application/vnd.openxmlformats-officedocument.wordprocessingml.document,2017-07-24T21:12:12Z,14052
Leal Trust Administration Litigation/LEAL DAIRY/LEAL TRUST PARTNERSHIP FINANCIALS/Trust Administration/Reddington,1dl1YwneRuVkKIXdCoD5tjWvHQmPtSRti,application/vnd.google-apps.folder,2026-08-18,
Leal Trust Administration Litigation/LEAL DAIRY/LEAL TRUST PARTNERSHIP FINANCIALS/Trust Administration/Reddington/Dairy Appraisal july 2013.pdf,1siNJC-tKZBqMYHky5O4vUw4915A-fGXz,application/pdf,2016-03-11T23:28:21Z,5043739
Leal Trust Administration Litigation/LEAL DAIRY/LEAL TRUST PARTNERSHIP FINANCIALS/Trust Administration/Reddington/Dairy_Position_Summary_Report_1084_03_14_2016.pdf,11aNTYcOb7sq15F-R2xz6Pr0EQig5zTAn,application/pdf,2016-03-17T17:47:07Z,113685
Leal Trust Administration Litigation/LEAL DAIRY/LEAL TRUST PARTNERSHIP FINANCIALS/Trust Administration/Reddington/Draft- Manuel Leal & Son Dairy 3.7.16.pdf,1Qj1RkCwTZp3Vq9SNvbtCRyu7ZQNhYWyK,application/pdf,2016-03-11T23:35:39Z,1167787
Leal Trust Administration Litigation/LEAL DAIRY/LEAL TRUST PARTNERSHIP FINANCIALS/Trust Administration/Reddington/Fixed Asset Schedule.pdf,1VCIGW9HizFsSTaR6YBCH6be62aO5UOSb,application/pdf,2016-03-11T23:33:27Z,56650
Leal Trust Administration Litigation/LEAL DAIRY/LEAL TRUST PARTNERSHIP FINANCIALS/Trust Administration/Reddington/Manuel Leal & Son Dairy 2010 FS.pdf,141gYvP1nWVE_pSN0BLsc8v2MuWuCq9Rh,application/pdf,2012-02-17T18:57:58Z,834218
Leal Trust Administration Litigation/LEAL DAIRY/LEAL TRUST PARTNERSHIP FINANCIALS/Trust Administration/Reddington/Manuel Leal & Son Dairy 2011 FS.pdf,1IPHLsqwGtbWlCYfWdZQaWkLS_4aa_h7O,application/pdf,2012-09-18T13:03:12Z,4291017
Leal Trust Administration Litigation/LEAL DAIRY/LEAL TRUST PARTNERSHIP FINANCIALS/Trust Administration/Reddington/Manuel Leal & Son Dairy 2012 FS.pdf,17RWFoUQU-ke8tz_cf9viru6Q86ReNUWl,application/pdf,2013-06-18T19:11:50Z,1069325
Leal Trust Administration Litigation/LEAL DAIRY/LEAL TRUST PARTNERSHIP FINANCIALS/Trust Administration/Reddington/Manuel Leal & Son Dairy 2013 FS.pdf,1rtou0L4wJ-BlEIpkP7f94nKeb7hn8UE4,application/pdf,2016-03-11T23:33:55Z,974168
Leal Trust Administration Litigation/LEAL DAIRY/LEAL TRUST PARTNERSHIP FINANCIALS/Trust Administration/Reddington/Manuel Leal & Son Dairy 2014 FS.pdf,1VwyigMLMVT_Q8L9QWN8YkrZ8Sojw8D65,application/pdf,2016-03-11T23:33:57Z,1031607
Leal Trust Administration Litigation/LEAL DAIRY/LEAL TRUST PARTNERSHIP FINANCIALS/Trust Administration/Reddington/Partnership_Agreement.pdf,1IIBXMwdZSI1dCApzTR9L_6THkhyuBPqC,application/pdf,2010-05-27T19:59:14Z,712094
Leal Trust Administration Litigation/LEAL DAIRY/LEAL TRUST PARTNERSHIP FINANCIALS/Trust Administration/request 11.28.17.pdf,1jxvH6kWltyWV9SgqIIIoH8aXmQqfrxRm,application/pdf,2017-11-29T19:01:13Z,242180
Leal Trust Administration Litigation/LEAL DAIRY/LEAL TRUST PARTNERSHIP FINANCIALS/Trust Administration/Response 11.9.17.docx,1--NBmBDOT7CgW02vsECpqAdzJjm3bZN2,application/vnd.openxmlformats-officedocument.wordprocessingml.document,2017-11-10T18:27:25Z,14711
Leal Trust Administration Litigation/LEAL DAIRY/LEAL TRUST PARTNERSHIP FINANCIALS/Trust Administration/STEVE.HAZEL PERSONAL EXPENSES.xlsx,1LIEbZ8VGT3IxNej5r1gs0IDGbuDSZvZO,application/vnd.openxmlformats-officedocument.spreadsheetml.sheet,2023-09-28T18:50:09Z,20225
Leal Trust Administration Litigation/LEAL DAIRY/LEAL TRUST PARTNERSHIP FINANCIALS/Trust Administration/The Manuel C. Leal Living Trust and the Manuel C. Leal Bypass Trust uta dtd 2.14.05 as amended (2).pdf,1UmjbV5dELI479kwG2K3C1UIGr9uJ7JpC,application/pdf,2022-10-27T17:19:42Z,1386623
Leal Trust Administration Litigation/LEAL DAIRY/LEAL TRUST PARTNERSHIP FINANCIALS/Trust Administration/Trust.Partnership,1Yx_dKquK8ZbGHXDqRRZEyzCkgypPVahX,application/vnd.google-apps.folder,2026-08-18,
Leal Trust Administration Litigation/LEAL DAIRY/LEAL TRUST PARTNERSHIP FINANCIALS/Trust Administration/Trust.Partnership/2016.09.29  Partnership Agreement of Manuel C. Leal & Son Dairy with amendment.pdf,1hBAX9kOlgNmd33Vr_dN_QUGcOuEj3cYk,application/pdf,2017-07-24T22:35:49Z,6753527
Leal Trust Administration Litigation/LEAL DAIRY/LEAL TRUST PARTNERSHIP FINANCIALS/Trust Administration/Trust.Partnership/2016.09.29 executed Assignment of Partnership interest 30% to Manuel Stephen Leal.pdf,1DRJNvBGYuDPgKYBEojprATxgKHyT5iQ6,application/pdf,2017-07-24T22:35:49Z,524663
Leal Trust Administration Litigation/LEAL DAIRY/LEAL TRUST PARTNERSHIP FINANCIALS/Trust Administration/Trust.Partnership/2016.09.29 executed Assignment of Partnership interest 7.5% to Manuel C. Leal Bypass Trust.pdf,1JEE6I1YnQ3XgZeFlRc3ms6DkXc3tP4AE,application/pdf,2017-07-24T22:35:40Z,559198
Leal Trust Administration Litigation/LEAL DAIRY/LEAL TRUST PARTNERSHIP FINANCIALS/Trust Administration/Trust.Partnership/2017.04.04 ltr from R. Esraelian re outstanding issues Manual C. Leal Living Trust (1).pdf,1OXBs3NfqOLm0n7y2hnTRqX-n7tIKP3Ji,application/pdf,2017-06-30T21:56:50Z,104464
Leal Trust Administration Litigation/LEAL DAIRY/LEAL TRUST PARTNERSHIP FINANCIALS/Trust Administration/Trust.Partnership/2017.05.31 Ltr from T. Thompson re pending issues - documents (1).pdf,16ptTreWlmxzaQXbqM1QomsRA6arGrLlF,application/pdf,2017-06-30T21:57:19Z,4805265
Leal Trust Administration Litigation/LEAL DAIRY/LEAL TRUST PARTNERSHIP FINANCIALS/Trust Administration/Trust.Partnership/2017.08.04 ltr to T. Thompson re Confidential Settlement Communication.docx,1urAiw8mzJLmp47PlyH5Jpq7Ttxe9BJs7,application/vnd.openxmlformats-officedocument.wordprocessingml.document,2017-08-04T23:19:03Z,77634
Leal Trust Administration Litigation/LEAL DAIRY/LEAL TRUST PARTNERSHIP FINANCIALS/Trust Administration/Trust.Partnership/2018.07.19 Deed of Trust and Assignment of Rents (signed by Jace).pdf,1sFk-DEzttd7inFhEUCqB0MpF6GDvicmV,application/pdf,2021-02-09T20:57:18Z,3334943
Leal Trust Administration Litigation/LEAL DAIRY/LEAL TRUST PARTNERSHIP FINANCIALS/Trust Administration/Trust.Partnership/2018.07.19 Promissory Note (signed by Jace).pdf,1b1b_PFzblEnyiMrv6ecKh3RXPCfTVOsP,application/pdf,2021-02-09T20:57:18Z,1522301
Leal Trust Administration Litigation/LEAL DAIRY/LEAL TRUST PARTNERSHIP FINANCIALS/Trust Administration/Trust.Partnership/770 29681_Manuel C Leal and Son Dairy_Partnership.doc,1vKeiScgWbH4pHDeXBjMzrxz8qWtQxeH2,application/msword,2010-06-04T20:13:09Z,34816
Leal Trust Administration Litigation/LEAL DAIRY/LEAL TRUST PARTNERSHIP FINANCIALS/Trust Administration/Trust.Partnership/Fixed Asset Schedule.pdf,1zpqaFoJ3zLuRvSJiDH6J8UmwAKAs_ey0,application/pdf,2016-03-11T23:33:27Z,56650
Leal Trust Administration Litigation/LEAL DAIRY/LEAL TRUST PARTNERSHIP FINANCIALS/Trust Administration/Trust.Partnership/Leal 2009.05.13 Claim for Reassessment.pdf,1lAElUf5yKjEfWQma_bh-u9N4HeFvSg1t,application/pdf,2019-02-27T21:26:20Z,1827015
Leal Trust Administration Litigation/LEAL DAIRY/LEAL TRUST PARTNERSHIP FINANCIALS/Trust Administration/Trust.Partnership/Leal 2017.07.17 Correction Grant Deed.pdf,1Br2hheyPgRo9yND0fG8t-FujxZ2cE7si,application/pdf,2019-02-27T21:26:24Z,2641765
Leal Trust Administration Litigation/LEAL DAIRY/LEAL TRUST PARTNERSHIP FINANCIALS/Trust Administration/Trust.Partnership/Leal 2017.12.07 Settlement Agmt.pdf,1XyW7LqeH2j3t93ESBFRco2GFmfW4XHoE,application/pdf,2019-02-27T21:26:20Z,2690445
Leal Trust Administration Litigation/LEAL DAIRY/LEAL TRUST PARTNERSHIP FINANCIALS/Trust Administration/Trust.Partnership/Leal 2018.06.01 Tenants in Common Agmt.pdf,1m88PUeUj1PPR5DGwAV8K3oQEF56J9C0-,application/pdf,2019-02-27T21:26:21Z,5217000
Leal Trust Administration Litigation/LEAL DAIRY/LEAL TRUST PARTNERSHIP FINANCIALS/Trust Administration/Trust.Partnership/Leal 2018.06.22 Tenants In Common Agmt.pdf,1oHIHZ0yY3_xja-oH-WTUe2m92V_G3N2o,application/pdf,2019-02-27T21:26:19Z,1672544
Leal Trust Administration Litigation/LEAL DAIRY/LEAL TRUST PARTNERSHIP FINANCIALS/Trust Administration/Trust.Partnership/Leal 2018.07.24 Amended and Restated Partnership Agmt.pdf,14gtepTK9rtCjDHXjvmLok69Lzm9AeE_E,application/pdf,2019-02-27T21:26:21Z,3534322
Leal Trust Administration Litigation/LEAL DAIRY/LEAL TRUST PARTNERSHIP FINANCIALS/Trust Administration/Trust.Partnership/Leal 2018.07.24 Claim for Reassessment APN 158.160.004.pdf,19v2P3qcIHQMvRNt2Vko09q4-03kufbf6,application/pdf,2019-02-27T21:26:19Z,638047
Leal Trust Administration Litigation/LEAL DAIRY/LEAL TRUST PARTNERSHIP FINANCIALS/Trust Administration/Trust.Partnership/Leal 2018.07.24 Claim for Reassessment re Manuel.pdf,1ZjXyYBUVaCKtBq2d9qLPpzHseGxfXigJ,application/pdf,2019-02-27T21:26:18Z,658882
Leal Trust Administration Litigation/LEAL DAIRY/LEAL TRUST PARTNERSHIP FINANCIALS/Trust Administration/Trust.Partnership/Leal 2018.07.24 Grant Deed APN 158.160.006.pdf,1WXtP0Adp14sDl3hKSFUVSWip-lLqIw3V,application/pdf,2019-02-27T21:26:18Z,782002
Leal Trust Administration Litigation/LEAL DAIRY/LEAL TRUST PARTNERSHIP FINANCIALS/Trust Administration/Trust.Partnership/Leal 2018.07.24 Grant Deed(1).pdf,1qFfENG-i7xVsWXsqDxGZBHcqSRBvTYRb,application/pdf,2019-02-27T21:26:17Z,564919
Leal Trust Administration Litigation/LEAL DAIRY/LEAL TRUST PARTNERSHIP FINANCIALS/Trust Administration/Trust.Partnership/Leal 2018.07.24 Grant Deed.pdf,1OdjXbbwtVU-wuih-j_1XqOmI1xxePflW,application/pdf,2019-02-27T21:26:18Z,765109
Leal Trust Administration Litigation/LEAL DAIRY/LEAL TRUST PARTNERSHIP FINANCIALS/Trust Administration/Trust.Partnership/Leal 2018.07.24 PCOR re Hazel.pdf,1iV3cBD2zclCg4hUPYcDm85UP60wlAWEz,application/pdf,2019-02-27T21:26:17Z,769259
Leal Trust Administration Litigation/LEAL DAIRY/LEAL TRUST PARTNERSHIP FINANCIALS/Trust Administration/Trust.Partnership/Leal 2018.07.24 PCOR re Manuel.pdf,1kwgF4MMnNNAZCjmCFvddO1g2gsNz3ZcO,application/pdf,2019-02-27T21:26:18Z,1897239
Leal Trust Administration Litigation/LEAL DAIRY/LEAL TRUST PARTNERSHIP FINANCIALS/Trust Administration/Trust.Partnership/Leal 2018.07.24 PCOR re Steve.pdf,1YyiA5IpidcJlRNTsaLEWPO3juTHCUZ1F,application/pdf,2019-02-27T21:26:19Z,733918
Leal Trust Administration Litigation/LEAL DAIRY/LEAL TRUST PARTNERSHIP FINANCIALS/Trust Administration/Trust.Partnership/Leal 2018.07.26 Exhibit A Proposed Parcels.pdf,1DvfqKQp53sTXZl2VZ4nb0pDgJAnf4QZL,application/pdf,2019-02-27T21:26:16Z,176887
Leal Trust Administration Litigation/LEAL DAIRY/LEAL TRUST PARTNERSHIP FINANCIALS/Trust Administration/Trust.Partnership/Leal 2018.07.26 Ltr from Robyn Esraelian.pdf,1jKDQZFS1KIGD9jz-m7vIwNbLzlU8lbZF,application/pdf,2019-02-27T21:26:16Z,231877
Leal Trust Administration Litigation/LEAL DAIRY/LEAL TRUST PARTNERSHIP FINANCIALS/Trust Administration/Trust.Partnership/Leal 2018.07.26 PCOR Steve.pdf,1eC0WFDs7jtUx-IHkRMWJfo66aJmWahTZ,application/pdf,2019-02-27T21:26:17Z,734023
Leal Trust Administration Litigation/LEAL DAIRY/LEAL TRUST PARTNERSHIP FINANCIALS/Trust Administration/Trust.Partnership/leal 2018.07.26 Tulare Co Planning Application.pdf,1jWq7Ayz5O-SPasJJ9dWuvF02DmaJMB6f,application/pdf,2019-02-27T21:26:23Z,6218378
Leal Trust Administration Litigation/LEAL DAIRY/LEAL TRUST PARTNERSHIP FINANCIALS/Trust Administration/Trust.Partnership/LEALMANUELC EXHIBIT A OF TRUST.pdf,1hBTtMU6Qzees2iv1qBwsP1DW7syY6l6b,application/pdf,2012-10-16T21:35:25Z,187220
Leal Trust Administration Litigation/LEAL DAIRY/LEAL TRUST PARTNERSHIP FINANCIALS/Trust Administration/Trust.Partnership/LEALMANUELTRUST.pdf,1tr5-Hoqr1-AJvwV8sUBN-z5D_hPq0BVg,application/pdf,2012-10-16T21:35:44Z,359860
Leal Trust Administration Litigation/LEAL DAIRY/LEAL TRUST PARTNERSHIP FINANCIALS/Trust Administration/Trust.Partnership/LEALSTEVE_TRUST.pdf,1pG2dhwyI1QGJtmVo1lEpuX0p5oDavFUh,application/pdf,2012-02-17T18:50:46Z,953311
Leal Trust Administration Litigation/LEAL DAIRY/LEAL TRUST PARTNERSHIP FINANCIALS/Trust Administration/Trust.Partnership/partnership note.pdf,1vtKDU7NJbOckl9YDPSTdMfheb0yTqjPe,application/pdf,2017-02-28T23:51:26Z,450953
Leal Trust Administration Litigation/LEAL DAIRY/LEAL TRUST PARTNERSHIP FINANCIALS/Trust Administration/Trust.Partnership/Partnership_Agreement.pdf,1xQuvhjx6-R4eNIc7Yo-g7-cB2xJLn2el,application/pdf,2010-05-27T19:59:14Z,712094
Leal Trust Administration Litigation/LEAL DAIRY/LEAL TRUST PARTNERSHIP FINANCIALS/Trust Administration/Trust.Partnership/Statement of Partnership LEAL DAIRY.pdf,1QEpnn1A-9youPZDlBym17J0pY1H6xaSy,application/pdf,2016-03-02T15:52:24Z,1973582
Leal Trust Administration Litigation/LEAL DAIRY/LEAL TRUST PARTNERSHIP FINANCIALS/Trust Administration/Trust.Partnership/trust 2018 Settlement Docs,1TGT4pB7B20vTE7-FbIhXpoi0YLGPZpcW,application/vnd.google-apps.folder,2026-08-18,
Leal Trust Administration Litigation/LEAL DAIRY/LEAL TRUST PARTNERSHIP FINANCIALS/Trust Administration/Trust.Partnership/trust 2018 Settlement Docs/Leal 2017.12.07 Settlement Agmt.pdf,1d3nkyYl5z6cv5OARdYfeAdcRTTmpKyh5,application/pdf,2018-08-04T19:58:46Z,2688053
Leal Trust Administration Litigation/LEAL DAIRY/LEAL TRUST PARTNERSHIP FINANCIALS/Trust Administration/Trust.Partnership/trust 2018 Settlement Docs/Leal 2018.07.24 Amended and Restated Partnership Agmt.pdf,19JjWIBZlqnDS4C8osm52ny9At1nejbz8,application/pdf,2018-08-04T19:58:39Z,3534329
Leal Trust Administration Litigation/LEAL DAIRY/LEAL TRUST PARTNERSHIP FINANCIALS/Trust Administration/Trust.Partnership/Trustee's Certification of Trust - HAZEL.pdf,1JIsPTTNrmmbZF33US0L9amXenoqp2g5D,application/pdf,2012-10-16T21:35:04Z,1914271
Leal Trust Administration Litigation/LEAL DAIRY/Manuel Leal - SCE Accts.xlsx,1yAEo2Bq63l2F_pzv-1N0Ars8JYFlAN-T,application/vnd.openxmlformats-officedocument.spreadsheetml.sheet,2012-08-30T17:35:23Z,12768
Leal Trust Administration Litigation/LEAL DAIRY/maternity table.xls,15SR-Nuw2R3138jZeq3TnvDIF_ja1-UWR,application/vnd.ms-excel,2010-11-24T21:30:02Z,26624
Leal Trust Administration Litigation/LEAL DAIRY/Pump Hours.xls,1CnRrrQNPSHtVCSnKhGtCIt1lWk7hIvNg,application/vnd.ms-excel,2024-09-03T21:16:15Z,17920
Leal Trust Administration Litigation/LEAL DAIRY/Rio Blanco Base Transfer.pdf,12iPmuxDuRxQ0yz0O4VdiIVmIeUaqtNDP,application/pdf,2023-08-09T19:02:20Z,621575
Leal Trust Administration Litigation/LEAL DAIRY/Rio blanco statement.xlsx,1I-AwD6PPKwJk7p4_xF9Gr1G-eZxzIfHg,application/vnd.openxmlformats-officedocument.spreadsheetml.sheet,2013-01-31T18:06:16Z,52652
Leal Trust Administration Litigation/LEAL DAIRY/rodriguez.xlsx,17cyu4G5fJo48LPXsvl4mL1dSBiaG0o2Z,application/vnd.openxmlformats-officedocument.spreadsheetml.sheet,2018-09-06T16:22:19Z,11916
Leal Trust Administration Litigation/LEAL DAIRY/rodriguez2.xlsx,10TSKl9POXEKdQpcxTDVvyEY3Hjj6pJNR,application/vnd.openxmlformats-officedocument.spreadsheetml.sheet,2011-03-11T21:05:46Z,12033
Leal Trust Administration Litigation/LEAL DAIRY/SCC BONUS 2018.xlsx,1M5m3PjEoA5YKbW099kxWOw1QL_LS6LHQ,application/vnd.openxmlformats-officedocument.spreadsheetml.sheet,2018-01-19T12:58:22Z,20800
Leal Trust Administration Litigation/LEAL DAIRY/SCC BONUS MEMO.docx,1pH6E2V-QffajkjkjUk49Y1MS77_DcwRi,application/vnd.openxmlformats-officedocument.wordprocessingml.document,2013-12-16T20:02:05Z,12176
Leal Trust Administration Litigation/LEAL DAIRY/SCC BONUS.xlsx,1L_Cuu9OdD4ULXu4r1_crFf-iQm_agGge,application/vnd.openxmlformats-officedocument.spreadsheetml.sheet,2026-07-30T19:32:25Z,23607
Leal Trust Administration Litigation/LEAL DAIRY/silage moisture.xlsx,1Rin44ZD-z-Hr_Yxhmku3NqRlbfnBwfvw,application/vnd.openxmlformats-officedocument.spreadsheetml.sheet,2010-09-08T14:25:53Z,11563
Leal Trust Administration Litigation/LEAL DAIRY/silage to bushels.xlsx,1mj7bNUP6M_2j9do-rCssfkx_xQBLKS4t,application/vnd.openxmlformats-officedocument.spreadsheetml.sheet,2010-12-20T21:53:36Z,11687
Leal Trust Administration Litigation/LEAL DAIRY/Solar cost benefit 2017-2018.xlsx,1GXYzru2Y8XG_9Q1mDFaEZFBSOokIDWPN,application/vnd.openxmlformats-officedocument.spreadsheetml.sheet,2018-08-23T16:30:16Z,11419
Leal Trust Administration Litigation/LEAL DAIRY/SP101CAMilkPricing.pdf,1dMYdU5PJRz-_QUnUDnJmYXXj7VfrLwvI,application/pdf,2009-08-18T19:53:29Z,72950
Leal Trust Administration Litigation/LEAL DAIRY/Steps_for_calc_minprices.pdf,15eCNk-Gv8mJJsNetPrFndD5ft4mYDuwk,application/pdf,2011-03-26T00:09:56Z,56513
Leal Trust Administration Litigation/LEAL DAIRY/STEVE.HAZEL ADJUSTMENT complete.xlsx,1-tG7zJopWs3lOheM8ca_s4mNul3bFxw8,application/vnd.openxmlformats-officedocument.spreadsheetml.sheet,2017-07-31T21:45:44Z,20135
Leal Trust Administration Litigation/LEAL DAIRY/STEVE.HAZEL ADJUSTMENT.xlsx,17dqXDh-FX-zdm1QIXBovMhD5t_mcyv5c,application/vnd.openxmlformats-officedocument.spreadsheetml.sheet,2017-06-27T19:12:03Z,17577
Leal Trust Administration Litigation/LEAL DAIRY/The Future of Dairy Should Not Rely on the Government.docx,1kho37QZHC-wpj7V3FcVQ6SVr7ZGZDGuQ,application/vnd.openxmlformats-officedocument.wordprocessingml.document,2011-09-24T00:21:37Z,19855
Leal Trust Administration Litigation/LEAL DAIRY/TIME CARD.xlsx,1JrrtGru4XtFOYFXJ-sm5ersPfS_wM9GJ,application/vnd.openxmlformats-officedocument.spreadsheetml.sheet,2024-10-24T17:13:00Z,19213
Leal Trust Administration Litigation/LEAL DAIRY/VACATION TRACKER.xlsx,1eJ2sWHmnhomdqj5fOJCmMXU39dXGKWGi,application/vnd.openxmlformats-officedocument.spreadsheetml.sheet,2019-09-19T16:14:32Z,12682
Leal Trust Administration Litigation/LEAL DAIRY/Water Quality Control Board.doc,1QTSKAinBzDRlwJS59ZZOib7uCm1GkQEw,application/msword,2009-08-10T19:03:09Z,20992
Leal Trust Administration Litigation/LEAL DAIRY/well nitrate tests.xlsx,1hpeCvnvp0l6qA_IRgVbGU5M3n1_tkwGX,application/vnd.openxmlformats-officedocument.spreadsheetml.sheet,2013-04-16T21:34:06Z,1534803
Leal Trust Administration Litigation/LEAL DAIRY/Wells to Fields. DATA.xlsx,1r-QU8XAcokAaE1de_Yai8jf_36Jq8Sxm,application/vnd.openxmlformats-officedocument.spreadsheetml.sheet,2026-08-07T13:27:12Z,47136
Leal Trust Administration Litigation/Leal Trust/Partnership,1cggIfIJeCJTj3YY7WTXxQOxXoVfWBYF8,application/vnd.google-apps.folder,2026-06-17T03:04:16.101Z,
Leal Trust Administration Litigation/Leal Trust/Partnership/Buyout Proposal with Interest,1ehpVsCe8U4_gI_zWlBGegRah86qFiLWW679QOrifwd8,application/vnd.google-apps.document,2026-02-02T12:38:36.157Z,3631
Leal Trust Administration Litigation/Leal Trust/Partnership/Buyout Proposal With Interest Calculation,1uip8uoKi4kOQukr2PWTirECN6LsVw49S6QT8XmWt5lM,application/vnd.google-apps.document,2026-01-31T19:45:33.469Z,3360
Leal Trust Administration Litigation/Leal Trust/Partnership/Buyout Proposal without interest,1THq4gb9tJLKpSUA11bGOQvtl4g3CAIawZKTqQ_8tiYA,application/vnd.google-apps.document,2026-02-02T17:28:02.556Z,3765
Leal Trust Administration Litigation/Leal Trust/Partnership/Copy of Section 998 Offer to Compromise - $5M Buyout Proposal,1R5wk2yjwPmyD6TUG68jusmbl4s7IcuDn2yOBOEqr5vU,application/vnd.google-apps.document,2026-05-01T23:35:00.789Z,3492
Leal Trust Administration Litigation/Leal Trust/Partnership/Executive Summary for Co-Trustees - Leal Dairy Buyout,1EHsP2sRiZBBzBCiX8Ng_fEO-X2v_fu7CxIMLP-E75TE,application/vnd.google-apps.document,2026-05-04T15:15:46.995Z,1780
Leal Trust Administration Litigation/Leal Trust/Partnership/Executive Summary: Final Settlement Proposal for Co-Trustees,1FXyrr9zv7CiryoKwHZjw2MTaS5PQRUuywSS_NAG2IjE,application/vnd.google-apps.document,2026-05-01T23:10:25.468Z,3137
Leal Trust Administration Litigation/Leal Trust/Partnership/Formal CCP 998 Cover Letter - Manuel C. Leal & Son Dairy Partnership Buyout,12jDIxClD7gT793NZp0hFH8Prsa2oWW8UnxZUNNew1uM,application/vnd.google-apps.document,2026-05-18T16:12:46.482Z,4773
Leal Trust Administration Litigation/Leal Trust/Partnership/Formal Cover Letter - CCP Section 998 Offer to Compromise,12LYdTj8ChqW6Crds-_vPpCveUGvJiJID6wqQoZ5nnz0,application/vnd.google-apps.document,2026-05-18T16:13:11.358Z,4976
Leal Trust Administration Litigation/Leal Trust/Partnership/Formal Cover Letter - CCP Section 998 Offer to Compromise (Updated),1_PVcJQTx2bC53F4LklER7tN83_k7lSovwJk5AoHXevA,application/vnd.google-apps.document,2026-05-18T20:17:27.611Z,5803
Leal Trust Administration Litigation/Leal Trust/Partnership/Formal Cover Letter - CCP Section 998 Offer to Compromise.docx,10ymulgEcqUhE5AsjKl2KelrmCqcdq4tZ,application/vnd.openxmlformats-officedocument.wordprocessingml.document,2026-05-18T16:15:23.773Z,10862
Leal Trust Administration Litigation/Leal Trust/Partnership/Makes sense but the 6 million is actually instead ...,12pchHdQGaN_7pZ-XfOqAqQyw2OF-2X9ZROkIOiON5AU,application/vnd.google-apps.document,2026-01-29T04:45:06.567Z,4176
Leal Trust Administration Litigation/Leal Trust/Partnership/Mutual Release and Settlement Agreement - Leal Dairy Buyout,1X5KQKhd4vLaWtKPjeZxt86mAPqMfLr3x6boEINcNmL0,application/vnd.google-apps.document,2026-05-04T15:15:46.668Z,2313
Leal Trust Administration Litigation/Leal Trust/Partnership/Mutual Release and Settlement Agreement - Leal Dairy Buyout (older),1HYclpyPQxdW2ErjIMfjOJ7y2GVpLsv0P94KNu8sTCUg,application/vnd.google-apps.document,2026-05-01T23:00:42.162Z,3055
Leal Trust Administration Litigation/Leal Trust/Partnership/Mutual Release and Settlement Agreement - Leal Dairy Buyout (V2),1T9TOfTPMrahpDoE0BGJ3_l9KH66r97dO9AcfTybSlJ4,application/vnd.google-apps.document,2026-05-04T15:25:37.482Z,3026
Leal Trust Administration Litigation/Leal Trust/Partnership/Release of Financial Claims Draft,1XlEryPpASIPlWYVKyqaoFkTIWCfTA8v3Cb5ggfRC5ns,application/vnd.google-apps.document,2026-01-31T20:29:21.240Z,3538
Leal Trust Administration Litigation/Leal Trust/Partnership/Section 998 Offer to Compromise - $4.7M Buyout Proposal,1YUwM6sPiZBJWvEGFuTb1WLnSc_45ayUwbiyS9qapa14,application/vnd.google-apps.document,2026-05-01T23:00:41.923Z,3730
Leal Trust Administration Litigation/Leal Trust/Partnership/Section 998 Offer to Compromise - $4.7M Buyout Proposal (V6),1S7pUAj-5nEE4iJC4tLUlOIv9amNJFPP4gCAFtTzP0U8,application/vnd.google-apps.document,2026-05-01T23:09:22.408Z,3720
Leal Trust Administration Litigation/Leal Trust/Partnership/Section 998 Offer to Compromise - $5M Buyout Proposal,1lffmFYfi1wfX0oLZbSas4chRam2utYPt770OcKsh2WY,application/vnd.google-apps.document,2026-05-01T12:38:20.511Z,3492
Leal Trust Administration Litigation/Leal Trust/Partnership/Section 998 Offer to Compromise - Leal Dairy Buyout,1NofG5NUf-YXMWcSVZpSpsdnWYLv_KmhDJHrQe4updZg,application/vnd.google-apps.document,2026-05-04T15:15:46.346Z,2920
Leal Trust Administration Litigation/Leal Trust/Partnership/Settlement Demand and Closing Statement,1pUFanYnBk9PFIpm7m8sZK-wfXIm3bCZiq3PhPxbpqTk,application/vnd.google-apps.document,2026-02-02T12:37:16.897Z,4775
Leal Trust Administration Litigation/Leal Trust/Partnership/Settlement Letter to Counsel - Leal Dairy Buyout,19XTs3gLhQXAuAY3AC4XAq2QN4srroBpdOLPO4eQabvA,application/vnd.google-apps.document,2026-05-04T15:27:10.694Z,2870
Leal Trust Administration Litigation/Leal Trust/Partnership/Timeline of Delay and Negotiation Chronology - Leal Dairy Buyout,1OhvcQo1tsyond_oN1mphsDo0NyVpu7U-i-8DueQ0zCA,application/vnd.google-apps.document,2026-05-01T23:13:20.682Z,3576
Leal Trust Administration Litigation/Leal Trust/Partnership/Trust Profits Discussion,1dhS9pVPP42JXvwn3FmXSzhMWcH4_McRtvgj1u8owGz8,application/vnd.google-apps.document,2026-02-02T12:36:02.601Z,3944
Leal Trust Administration Litigation/milk statements,1y-xw9HRGCmHwvsCQSyWk8te6sXsBBlsQ,application/vnd.google-apps.folder,2026-06-17T03:04:08.404Z,
Leal Trust Administration Litigation/milk statements/260507_105925_12209.pdf,1UZpFaplzJB9VYFYyB5zfc_BA_4n5KpB-,application/pdf,2026-05-07T16:09:34.211Z,73831
Leal Trust Administration Litigation/milk statements/260507_105950_24612.pdf,1P2d4DbBfystiKmsm3ED4dVpd6ZQ2BubQ,application/pdf,2026-05-07T16:09:25.008Z,73981
Leal Trust Administration Litigation/milk statements/260507_110017_20292.pdf,1xhi4Z4t5Mi2kHTOGsuKp2jqO1SP5V50O,application/pdf,2026-05-07T16:09:16.212Z,73949
Leal Trust Administration Litigation/milk statements/260507_110043_12653.pdf,18EpB28_KQjFaMJGRXH1-ySHVVtSwEm1s,application/pdf,2026-05-07T16:09:07.048Z,74063
Leal Trust Administration Litigation/milk statements/260507_110108_10631.pdf,1c9UqsN-lv4MlT_mSVvaBPuyqfawyiKJo,application/pdf,2026-05-07T16:08:59.176Z,74156
Leal Trust Administration Litigation/milk statements/260507_110134_7663.pdf,1ynIrLw-TMJ-UGrs8vPLDDr-CY4QFvfqh,application/pdf,2026-05-07T16:08:51.627Z,74192
Leal Trust Administration Litigation/milk statements/260507_110159_16709.pdf,1_QKhLweMIg_SV68ee7Mjjkd59aAYjiSe,application/pdf,2026-05-07T16:08:42.724Z,74113
Leal Trust Administration Litigation/milk statements/260507_110225_20871.pdf,1sRYOcGEjzCVkSGHaNtrJFdsapVfGAnJZ,application/pdf,2026-05-07T16:08:34.971Z,74191
Leal Trust Administration Litigation/milk statements/260507_110251_32288.pdf,1AViciyesphXozocj3bDEfZSpOizbGh5V,application/pdf,2026-05-07T16:08:26.641Z,73849
Leal Trust Administration Litigation/milk statements/260507_110316_15268.pdf,1plntc0jCuNztqMkz5NcktDFq9EN2Tmec,application/pdf,2026-05-07T16:08:17.769Z,74087
Leal Trust Administration Litigation/milk statements/260507_110342_26330.pdf,1_9a8Cs1QrpW4MuEM7TkQ7RuMQALnlTag,application/pdf,2026-05-07T16:08:00.094Z,73739
Leal Trust Administration Litigation/milk statements/260507_110407_28901.pdf,1j4IpWEGWMI0V4y4BQ9bC3pqF8A2X0qBV,application/pdf,2026-05-07T16:07:50.061Z,73854
Leal Trust Administration Litigation/Trust Administration,17dgZhyfw2JmHsgD41Fq7MeZ_yGOzgnx_,application/vnd.google-apps.folder,2026-08-02T19:44:41.868Z,
Leal Trust Administration Litigation/Trust Administration/2026-7-2 BMO Atty Cunningham Ltr.pdf,1nnHz4PJtMz7wv-6b1GGwpV-0CT7Xq4we,application/pdf,2026-07-02T22:51:01.520Z,234503
Leal Trust Administration Litigation/Trust Administration/998 offer FINAL.pdf,11VQh2jHIMvTnhVQr2bcIVZjoXcwrudYB,application/pdf,2026-07-02T22:50:45.524Z,120177
Leal Trust Administration Litigation/Trust Administration/LEAL TRUST PARTNERSHIP FINANCIALS,1RVc6B5TU59G0Yfhf-T9-QsZ1KmQ73ZtE,application/vnd.google-apps.folder,2026-07-31T00:35:18.192Z,
Leal Trust Administration Litigation/Trust Administration/LEAL TRUST PARTNERSHIP FINANCIALS/1Citizens Statements 10623,1mwawNN6X3gsW9OwO45qlqC5dyC0Bk217,application/vnd.google-apps.folder,2026-07-31,
Leal Trust Administration Litigation/Trust Administration/LEAL TRUST PARTNERSHIP FINANCIALS/1Citizens Statements 10623/2017,18B05i06iJLSw0UZMDcbziVCXwF6aGUuX,application/vnd.google-apps.folder,2026-07-31,
Leal Trust Administration Litigation/Trust Administration/LEAL TRUST PARTNERSHIP FINANCIALS/1Citizens Statements 10623/2017/2017 10.31.pdf,1VQv8DTu7uDso-9RCa8LEAWZ7TcG8ZN0J,application/pdf,2017-11-02,250560
Leal Trust Administration Litigation/Trust Administration/LEAL TRUST PARTNERSHIP FINANCIALS/1Citizens Statements 10623/2017/2017 11.30.pdf,1siQALQPEuZw5PMoUYyGTUFT5fB47fPbA,application/pdf,2017-12-04,259233
Leal Trust Administration Litigation/Trust Administration/LEAL TRUST PARTNERSHIP FINANCIALS/1Citizens Statements 10623/2017/2017 12.31.pdf,1E9hP7u0c7WRlSSVqGEEjf_D4VBwGIST6,application/pdf,2018-01-07,229348
Leal Trust Administration Litigation/Trust Administration/LEAL TRUST PARTNERSHIP FINANCIALS/1Citizens Statements 10623/2017/2017 3.31.pdf,1reC7YKqaX9-t7LEnHzchRMILX23xrsgE,application/pdf,2017-06-19,245671
Leal Trust Administration Litigation/Trust Administration/LEAL TRUST PARTNERSHIP FINANCIALS/1Citizens Statements 10623/2017/2017 4.30.pdf,1EC7pdwq04ZYe-w9oKkXEolw3xPSCVxj5,application/pdf,2017-06-19,221587
Leal Trust Administration Litigation/Trust Administration/LEAL TRUST PARTNERSHIP FINANCIALS/1Citizens Statements 10623/2017/2017 5.31.pdf,1RSAqLzIrUhP-e5Y_QqMSh17h0pZCW_ae,application/pdf,2017-06-19,245383
Leal Trust Administration Litigation/Trust Administration/LEAL TRUST PARTNERSHIP FINANCIALS/1Citizens Statements 10623/2017/2017 6.30.pdf,1CU1OE1L0ySGtdGQtGZGJrdGq9ln5850X,application/pdf,2017-07-03,224241
Leal Trust Administration Litigation/Trust Administration/LEAL TRUST PARTNERSHIP FINANCIALS/1Citizens Statements 10623/2017/2017 7.31.pdf,1w-RlZC7_jFG6exjCW4bKu0o_hb60pWVl,application/pdf,2017-08-04,214180
Leal Trust Administration Litigation/Trust Administration/LEAL TRUST PARTNERSHIP FINANCIALS/1Citizens Statements 10623/2017/2017 8.31.pdf,1N9x4zzYRQSJA5zeRTiR2Z_vdqfO9SCdd,application/pdf,2017-09-06,312237
Leal Trust Administration Litigation/Trust Administration/LEAL TRUST PARTNERSHIP FINANCIALS/1Citizens Statements 10623/2017/2017 9.30.pdf,1P2y7B1nEIotsoMORAkO7pJLtguUyW6mQ,application/pdf,2017-10-06,251562
Leal Trust Administration Litigation/Trust Administration/LEAL TRUST PARTNERSHIP FINANCIALS/1Citizens Statements 10623/2017/reconcile 10.31.17.pdf,1SIXNoDw7IGsvOSK1OfGPhfJQcIa1-1LK,application/pdf,2017-11-02,33175
Leal Trust Administration Litigation/Trust Administration/LEAL TRUST PARTNERSHIP FINANCIALS/1Citizens Statements 10623/2017/reconcile 11.30.17.pdf,1wl1O0Y2SRZGP3wPxlhX3Om1KkMW61L8m,application/pdf,2017-12-04,79080
Leal Trust Administration Litigation/Trust Administration/LEAL TRUST PARTNERSHIP FINANCIALS/1Citizens Statements 10623/2017/reconcile 12.31.17.pdf,1d5coZu-KlT82YMrVRgI_Ca7wKJlCg5rp,application/pdf,2018-01-07,77795
Leal Trust Administration Litigation/Trust Administration/LEAL TRUST PARTNERSHIP FINANCIALS/1Citizens Statements 10623/2017/reconcile 6.30.17.pdf,1GzryI7J6ab9XoYJo7giQL1drVILwp3T1,application/pdf,2017-07-03,73293
Leal Trust Administration Litigation/Trust Administration/LEAL TRUST PARTNERSHIP FINANCIALS/1Citizens Statements 10623/2017/reconcile 7.31.17.pdf,1HaDUVQQqhigqdL-XrRcvxmVzOIRifVK7,application/pdf,2017-08-04,80245
Leal Trust Administration Litigation/Trust Administration/LEAL TRUST PARTNERSHIP FINANCIALS/1Citizens Statements 10623/2017/reconcile 8.31.17.pdf,1Hr4UEWzFCJRcvqDkmBYnsTvEESSP8vi-,application/pdf,2017-09-06,82788
Leal Trust Administration Litigation/Trust Administration/LEAL TRUST PARTNERSHIP FINANCIALS/1Citizens Statements 10623/2017/reconcile 9.30.17.pdf,1CxCeMK2RBuutNeSBpfcxAAI5YGHZ969j,application/pdf,2017-10-06,32975
Leal Trust Administration Litigation/Trust Administration/LEAL TRUST PARTNERSHIP FINANCIALS/1Citizens Statements 10623/2017/reconciliation 10.31.17.pdf,1Ff0DalkSx5_VmPhIl9aGtG4aMzIBLrxY,application/pdf,2017-11-02,78167
Leal Trust Administration Litigation/Trust Administration/LEAL TRUST PARTNERSHIP FINANCIALS/1Citizens Statements 10623/2017/reconciliation 11.30.17.pdf,174zI9B_16ryqP0G3N7Xd_e2AjRRAjIw6,application/pdf,2017-12-04,33214
Leal Trust Administration Litigation/Trust Administration/LEAL TRUST PARTNERSHIP FINANCIALS/1Citizens Statements 10623/2017/reconciliation 12.31.17.pdf,1lqVHS2UUnadRrg2ZjqE4nBLDnKvvUFll,application/pdf,2018-01-07,32666
Leal Trust Administration Litigation/Trust Administration/LEAL TRUST PARTNERSHIP FINANCIALS/1Citizens Statements 10623/2017/reconciliation 5.31.17.pdf,1AKCGk3NkVvweZ3THQytx2A8lpku-2FXQ,application/pdf,2017-06-19,32675
Leal Trust Administration Litigation/Trust Administration/LEAL TRUST PARTNERSHIP FINANCIALS/1Citizens Statements 10623/2017/reconciliation 6.30.17.pdf,1msmQ2_b7RKY8yUfzHPnsR7DAa8jgAyV7,application/pdf,2017-07-03,31871
Leal Trust Administration Litigation/Trust Administration/LEAL TRUST PARTNERSHIP FINANCIALS/1Citizens Statements 10623/2017/reconciliation 9.30.17.pdf,1r2Ay7xcUQW_1cAwW0Poap5lrwegYtV-3,application/pdf,2017-10-06,80333
Leal Trust Administration Litigation/Trust Administration/LEAL TRUST PARTNERSHIP FINANCIALS/1Citizens Statements 10623/2018,1TEN09G6ABJ7tVL5eUjVoyDGPiF-o46f3,application/vnd.google-apps.folder,2026-07-31,
Leal Trust Administration Litigation/Trust Administration/LEAL TRUST PARTNERSHIP FINANCIALS/1Citizens Statements 10623/2018/2018 1.31 reconcile.pdf,1tKEV5-Wht2Du_qGD_1VARWPLkAC_NBrD,application/pdf,2018-02-08,32927
Leal Trust Administration Litigation/Trust Administration/LEAL TRUST PARTNERSHIP FINANCIALS/1Citizens Statements 10623/2018/2018 1.31 reconciliation.pdf,1K3ahO3HwNEiBmB5ffA_3OFY9gPohiUpu,application/pdf,2018-02-08,79460
Leal Trust Administration Litigation/Trust Administration/LEAL TRUST PARTNERSHIP FINANCIALS/1Citizens Statements 10623/2018/2018 1.31.pdf,1cvR-fF_o3zekfiSk6-MvCKUNJ7jy7xUf,application/pdf,2018-02-08,252002
Leal Trust Administration Litigation/Trust Administration/LEAL TRUST PARTNERSHIP FINANCIALS/1Citizens Statements 10623/2018/2018 10.31 reconciliation detail.pdf,1m-CDvGs3VdHX1jQJwbORHzTTW3KAq-OF,application/pdf,2018-11-15,82400
Leal Trust Administration Litigation/Trust Administration/LEAL TRUST PARTNERSHIP FINANCIALS/1Citizens Statements 10623/2018/2018 10.31 reconciliation summary.pdf,1c5fwkGHJP_4jNtI8Qtp9FFv0__dlgFGF,application/pdf,2018-11-15,33019
Leal Trust Administration Litigation/Trust Administration/LEAL TRUST PARTNERSHIP FINANCIALS/1Citizens Statements 10623/2018/2018 10.31.pdf,1_HBZ5JQHL6ksw9bPuUnoHF3P7ps1JQb8,application/pdf,2018-11-14,327952
Leal Trust Administration Litigation/Trust Administration/LEAL TRUST PARTNERSHIP FINANCIALS/1Citizens Statements 10623/2018/2018 11.30 reconciliation detail.pdf,1omXcGvkGOJGRr7wBsox5qmBf8t6INOwP,application/pdf,2018-12-10,77492
Leal Trust Administration Litigation/Trust Administration/LEAL TRUST PARTNERSHIP FINANCIALS/1Citizens Statements 10623/2018/2018 11.30 reconciliation summary.pdf,1wDyJNtNgQMkUDlS6fNI0zk_5o5gw2PPD,application/pdf,2018-12-10,33197
Leal Trust Administration Litigation/Trust Administration/LEAL TRUST PARTNERSHIP FINANCIALS/1Citizens Statements 10623/2018/2018 11.30.pdf,1cPA2d2RsUYj8upHo4AXRvAWT7MduruXj,application/pdf,2018-12-10,264690
Leal Trust Administration Litigation/Trust Administration/LEAL TRUST PARTNERSHIP FINANCIALS/1Citizens Statements 10623/2018/2018 12.31 reconciliation detail.pdf,1TB0eN8kgk_ExHk39J_XjvP_o4-K7yiL2,application/pdf,2019-01-14,78311
Leal Trust Administration Litigation/Trust Administration/LEAL TRUST PARTNERSHIP FINANCIALS/1Citizens Statements 10623/2018/2018 12.31 reconciliation summary.pdf,1ZIMfZJBhPS3QUwRYhH-0UThYi5Z43aEl,application/pdf,2019-01-14,32669
Leal Trust Administration Litigation/Trust Administration/LEAL TRUST PARTNERSHIP FINANCIALS/1Citizens Statements 10623/2018/2018 12.31.pdf,1sqwl8es2eJV3oav6Gw_FwdpumcFd1RdL,application/pdf,2019-01-14,248472
Leal Trust Administration Litigation/Trust Administration/LEAL TRUST PARTNERSHIP FINANCIALS/1Citizens Statements 10623/2018/2018 2.28 reconcile.pdf,1ZMgxlAPD8xztxCXBf9Sf5vNRaRk3v0UD,application/pdf,2018-03-07,76332
Leal Trust Administration Litigation/Trust Administration/LEAL TRUST PARTNERSHIP FINANCIALS/1Citizens Statements 10623/2018/2018 2.28 reconciliation.pdf,1BE0J-0-G55f-KUXgnNOIsY8OYXQ9N48p,application/pdf,2018-03-07,32943
Leal Trust Administration Litigation/Trust Administration/LEAL TRUST PARTNERSHIP FINANCIALS/1Citizens Statements 10623/2018/2018 2.28.pdf,1vPEUka-uUtShUN_CWrSzR2-0niGryO5g,application/pdf,2018-03-07,219389
Leal Trust Administration Litigation/Trust Administration/LEAL TRUST PARTNERSHIP FINANCIALS/1Citizens Statements 10623/2018/2018 3.30 reconcile.pdf,1kLYX5enBETcOwNT0yGzQfMMzWWESckM6,application/pdf,2018-04-10,81920
Leal Trust Administration Litigation/Trust Administration/LEAL TRUST PARTNERSHIP FINANCIALS/1Citizens Statements 10623/2018/2018 3.30 reconciliation.pdf,1GKAh2xmuEJwgZ_WuvUM8GRVPv_KvGBTn,application/pdf,2018-04-10,32996
Leal Trust Administration Litigation/Trust Administration/LEAL TRUST PARTNERSHIP FINANCIALS/1Citizens Statements 10623/2018/2018 3.30.pdf,1ytnEx336eSn7xaFYfb_qr49wiHqZQuAJ,application/pdf,2018-04-10,287575
Leal Trust Administration Litigation/Trust Administration/LEAL TRUST PARTNERSHIP FINANCIALS/1Citizens Statements 10623/2018/2018 4.30 reconcile.pdf,1KA9NVcCRyP4TlsEZSB94Zg00m4Zb1x8j,application/pdf,2018-05-10,78364
Leal Trust Administration Litigation/Trust Administration/LEAL TRUST PARTNERSHIP FINANCIALS/1Citizens Statements 10623/2018/2018 4.30 reconciliation summary.pdf,1gy-4_XbJxktnHpmof4d_3JhZZHwZo7d2,application/pdf,2018-05-10,32735
Leal Trust Administration Litigation/Trust Administration/LEAL TRUST PARTNERSHIP FINANCIALS/1Citizens Statements 10623/2018/2018 4.30.pdf,19RYZc7ZoRZX7jg0lzmcQrIT5D14EPzWH,application/pdf,2018-05-10,272888
Leal Trust Administration Litigation/Trust Administration/LEAL TRUST PARTNERSHIP FINANCIALS/1Citizens Statements 10623/2018/2018 5.31 reconcile.pdf,1q7L1cWYvUoHt8gqpC2cdaSudZJgfwHFA,application/pdf,2018-06-07,74762
Leal Trust Administration Litigation/Trust Administration/LEAL TRUST PARTNERSHIP FINANCIALS/1Citizens Statements 10623/2018/2018 5.31 reconciliation summary.pdf,1P2Y9tJKpnr4DIQruIA-vkBO4_FxaxTzS,application/pdf,2018-06-07,32950
Leal Trust Administration Litigation/Trust Administration/LEAL TRUST PARTNERSHIP FINANCIALS/1Citizens Statements 10623/2018/2018 5.31.pdf,1Jtgsdv3ePAsAxcnDuNq5yEwmJCNgNqzO,application/pdf,2018-06-07,267734
Leal Trust Administration Litigation/Trust Administration/LEAL TRUST PARTNERSHIP FINANCIALS/1Citizens Statements 10623/2018/2018 6.30 reconciliation summary.pdf,1VEDJky9_XYPUwfZDNmT2t6UsEZjuI3YI,application/pdf,2018-07-06,33081
Leal Trust Administration Litigation/Trust Administration/LEAL TRUST PARTNERSHIP FINANCIALS/1Citizens Statements 10623/2018/2018 6.30.pdf,1K5zqxk9Z-a3TGNUizC6jIgDqvwu6ZHkN,application/pdf,2018-07-06,269466
Leal Trust Administration Litigation/Trust Administration/LEAL TRUST PARTNERSHIP FINANCIALS/1Citizens Statements 10623/2018/2018 7.31 reconciliation detail.pdf,1i4XyG8s20nRW1fJaoMBUd7pIVvW34a3R,application/pdf,2018-08-04,76071
Leal Trust Administration Litigation/Trust Administration/LEAL TRUST PARTNERSHIP FINANCIALS/1Citizens Statements 10623/2018/2018 7.31 reconciliation summary.pdf,1nAgVH_2DdZfgXPAblB_-012gzcD2OiRA,application/pdf,2018-08-04,32593
Leal Trust Administration Litigation/Trust Administration/LEAL TRUST PARTNERSHIP FINANCIALS/1Citizens Statements 10623/2018/2018 7.31.pdf,10vbocEojhnScH4MO5XItKclWwMdNpqPt,application/pdf,2018-08-03,269028
Leal Trust Administration Litigation/Trust Administration/LEAL TRUST PARTNERSHIP FINANCIALS/1Citizens Statements 10623/2018/2018 8.31 reconciliation detail.pdf,1fK7cd9BzIYE0x0Dcwut4lBglZb4vwyLh,application/pdf,2018-09-10,80139
Leal Trust Administration Litigation/Trust Administration/LEAL TRUST PARTNERSHIP FINANCIALS/1Citizens Statements 10623/2018/2018 8.31 reconciliation summary.pdf,1PwnIIUfHsfOdlQrMmiAItu_i8Qi_P3iB,application/pdf,2018-09-10,32951
Leal Trust Administration Litigation/Trust Administration/LEAL TRUST PARTNERSHIP FINANCIALS/1Citizens Statements 10623/2018/2018 8.31.pdf,1dG-Lb7xJhuuUgVaYYTVbp7CdVkltWW9j,application/pdf,2018-09-06,300009
Leal Trust Administration Litigation/Trust Administration/LEAL TRUST PARTNERSHIP FINANCIALS/1Citizens Statements 10623/2018/2018 9.28 reconciliation detail.pdf,16rHfpALvYZLoUr56r8Z097RFPxpEWCw5,application/pdf,2018-10-02,74611
Leal Trust Administration Litigation/Trust Administration/LEAL TRUST PARTNERSHIP FINANCIALS/1Citizens Statements 10623/2018/2018 9.28 reconciliation summary.pdf,1dbB6A9jzwrMJswgP140ct4qtWGTj2xdU,application/pdf,2018-10-02,32667
Leal Trust Administration Litigation/Trust Administration/LEAL TRUST PARTNERSHIP FINANCIALS/1Citizens Statements 10623/2018/2018 9.28.pdf,1iTqjB-ikCZVbJS4GfvtwbBOPWMn_maLf,application/pdf,2018-10-02,260893
Leal Trust Administration Litigation/Trust Administration/LEAL TRUST PARTNERSHIP FINANCIALS/1Citizens Statements 10623/2019,1Oe8yL4GVP2LdWvPGPZdhDEfcgPKzVxvG,application/vnd.google-apps.folder,2026-07-31,
Leal Trust Administration Litigation/Trust Administration/LEAL TRUST PARTNERSHIP FINANCIALS/1Citizens Statements 10623/2019/2019 1.31 reconciliation detail.pdf,1R3ASGIIiBXb1P8_fh98gth_WIGry1a3R,application/pdf,2019-02-04,76754
Leal Trust Administration Litigation/Trust Administration/LEAL TRUST PARTNERSHIP FINANCIALS/1Citizens Statements 10623/2019/2019 1.31 reconciliation summary.pdf,1ypFThAvtVq4ACOC7WfV9DU-RswWZ0Afx,application/pdf,2019-02-04,32806
Leal Trust Administration Litigation/Trust Administration/LEAL TRUST PARTNERSHIP FINANCIALS/1Citizens Statements 10623/2019/2019 1.31.pdf,19x7LMGYr_k4agfdi3_re10T9BjXZ7-DE,application/pdf,2019-02-04,291498
Leal Trust Administration Litigation/Trust Administration/LEAL TRUST PARTNERSHIP FINANCIALS/1Citizens Statements 10623/2019/2019 10.31 reconciliation detail.pdf,1QDC7CynrMa3SR58xdyW48D0nAI_fiZlx,application/pdf,2019-11-07,75256
Leal Trust Administration Litigation/Trust Administration/LEAL TRUST PARTNERSHIP FINANCIALS/1Citizens Statements 10623/2019/2019 10.31 reconciliation summary.pdf,1a_oV9cjH5ma_7XHYKDSCjQKoD8evlkDx,application/pdf,2019-11-07,32869
Leal Trust Administration Litigation/Trust Administration/LEAL TRUST PARTNERSHIP FINANCIALS/1Citizens Statements 10623/2019/2019 10.31.pdf,1tMCN5glNpAabGXnWpOHZaexxHUhFPfkf,application/pdf,2019-11-07,268402
Leal Trust Administration Litigation/Trust Administration/LEAL TRUST PARTNERSHIP FINANCIALS/1Citizens Statements 10623/2019/2019 11.30 Citizens.pdf,1g9C7i7zey8ZYJCTkwnt-JBWX0xWRgsI3,application/pdf,2019-12-11,238832
Leal Trust Administration Litigation/Trust Administration/LEAL TRUST PARTNERSHIP FINANCIALS/1Citizens Statements 10623/2019/2019 11.30 reconciliation detail.pdf,1b0h0gLGBWgw8xS2PddcwqhrwWbWBX7_5,application/pdf,2019-12-12,76359
Leal Trust Administration Litigation/Trust Administration/LEAL TRUST PARTNERSHIP FINANCIALS/1Citizens Statements 10623/2019/2019 11.30 reconciliation summary.pdf,1kI6_meRx32eZ8ahhmiriC08zpQDSPSjX,application/pdf,2019-12-12,33221
Leal Trust Administration Litigation/Trust Administration/LEAL TRUST PARTNERSHIP FINANCIALS/1Citizens Statements 10623/2019/2019 12.31 Citizens.pdf,1CRwiWAX0Oy2Yq5tc7hHNVSs79ubr1_iH,application/pdf,2020-01-14,291185
Leal Trust Administration Litigation/Trust Administration/LEAL TRUST PARTNERSHIP FINANCIALS/1Citizens Statements 10623/2019/2019 12.31 reconciliation detal.pdf,1IPJJn9-tnArcYhuzHQAYQAI-55B0CZzh,application/pdf,2020-01-11,84018
Leal Trust Administration Litigation/Trust Administration/LEAL TRUST PARTNERSHIP FINANCIALS/1Citizens Statements 10623/2019/2019 12.31 reconciliation summary.pdf,13tXHhaeJLppDLOYU2dvWGfZa3UGZfLX6,application/pdf,2020-01-11,32687
Leal Trust Administration Litigation/Trust Administration/LEAL TRUST PARTNERSHIP FINANCIALS/1Citizens Statements 10623/2019/2019 2.28  reconciliation detail.pdf,1eq-_i3VIB1rkvMbz-dIw8dJIk1biUvDa,application/pdf,2019-03-09,78660
Leal Trust Administration Litigation/Trust Administration/LEAL TRUST PARTNERSHIP FINANCIALS/1Citizens Statements 10623/2019/2019 2.28 reconciliation summary.pdf,1lZ-mBBdIr9f6Ki7F5l2I1SUg7hLfRmWO,application/pdf,2019-03-09,33269
Leal Trust Administration Litigation/Trust Administration/LEAL TRUST PARTNERSHIP FINANCIALS/1Citizens Statements 10623/2019/2019 2.28.pdf,1mi0xd2Eu1w4pGpC9nIa4Qg2tu2dXiLTR,application/pdf,2019-03-09,199018
Leal Trust Administration Litigation/Trust Administration/LEAL TRUST PARTNERSHIP FINANCIALS/1Citizens Statements 10623/2019/2019 3.29  reconciliation detail.pdf,1JJ6s3xY16LBtREbS2UqgELd5Ejhbrt3A,application/pdf,2019-04-04,78367
Leal Trust Administration Litigation/Trust Administration/LEAL TRUST PARTNERSHIP FINANCIALS/1Citizens Statements 10623/2019/2019 3.29 reconciliation summary.pdf,1Rp18yENkRbB5EXKHDm8Tco-kfWYcSPZj,application/pdf,2019-04-04,32710
Leal Trust Administration Litigation/Trust Administration/LEAL TRUST PARTNERSHIP FINANCIALS/1Citizens Statements 10623/2019/2019 3.30.pdf,10EYOj2sFUaO2k0Htf2Zi3rhfhzHRWByy,application/pdf,2019-04-04,270121
Leal Trust Administration Litigation/Trust Administration/LEAL TRUST PARTNERSHIP FINANCIALS/1Citizens Statements 10623/2019/2019 4.30 Citizens.pdf,1DyQZkOmTg6TxeyNW6Kh5ZhEaP54aGbmN,application/pdf,2019-05-10,271145
Leal Trust Administration Litigation/Trust Administration/LEAL TRUST PARTNERSHIP FINANCIALS/1Citizens Statements 10623/2019/2019 4.30 reconciliation detail corrected.pdf,1PEbOtJRGvRy8Vg8MEU-0Zfg9NfKryBeS,application/pdf,2019-06-11,92650
Leal Trust Administration Litigation/Trust Administration/LEAL TRUST PARTNERSHIP FINANCIALS/1Citizens Statements 10623/2019/2019 4.30 reconciliation detail.pdf,1jt8Or7B0Yvuwr2PjoMdGZdp5VZsr18uu,application/pdf,2019-05-10,82540
Leal Trust Administration Litigation/Trust Administration/LEAL TRUST PARTNERSHIP FINANCIALS/1Citizens Statements 10623/2019/2019 4.30 reconciliation summary corrected.pdf,1rxKD_xfZAY6L3xfwlAATsfHByINZVNwh,application/pdf,2019-06-11,32988
Leal Trust Administration Litigation/Trust Administration/LEAL TRUST PARTNERSHIP FINANCIALS/1Citizens Statements 10623/2019/2019 4.30 reconciliation summary.pdf,142MV9PtbsUMNDmVjYNVkqOIy8eE6hsKF,application/pdf,2019-05-10,32830
Leal Trust Administration Litigation/Trust Administration/LEAL TRUST PARTNERSHIP FINANCIALS/1Citizens Statements 10623/2019/2019 5.30 reconciliation detail.pdf,1NwQh0WWy1bKE1XRSUvj83-ceIcjR9-sX,application/pdf,2019-06-11,78747
Leal Trust Administration Litigation/Trust Administration/LEAL TRUST PARTNERSHIP FINANCIALS/1Citizens Statements 10623/2019/2019 5.30 reconciliation summary.pdf,1PscXtvdqQ-EVAb2Atdnh23m5ck6tIMEq,application/pdf,2019-06-11,32694
Leal Trust Administration Litigation/Trust Administration/LEAL TRUST PARTNERSHIP FINANCIALS/1Citizens Statements 10623/2019/2019 5.30.pdf,1XdU56dv2roLVo7xtc1xN_mRq5GxCwPdQ,application/pdf,2019-06-13,278909
Leal Trust Administration Litigation/Trust Administration/LEAL TRUST PARTNERSHIP FINANCIALS/1Citizens Statements 10623/2019/2019 6.30 reconciliation detail.pdf,1GyzpvuKttO-8AQGckm5QMtp8jhMeDbGm,application/pdf,2019-07-14,81818
Leal Trust Administration Litigation/Trust Administration/LEAL TRUST PARTNERSHIP FINANCIALS/1Citizens Statements 10623/2019/2019 6.30 reconciliation summary.pdf,1XV6FJqjISGIh_9HG2WMs8KK8OXxzO5Yq,application/pdf,2019-07-14,32853
Leal Trust Administration Litigation/Trust Administration/LEAL TRUST PARTNERSHIP FINANCIALS/1Citizens Statements 10623/2019/2019 6.30.pdf,1tPqV0Nd90z4YFkoI8uH_NUyY9CvoSdfP,application/pdf,2019-07-14,238456
Leal Trust Administration Litigation/Trust Administration/LEAL TRUST PARTNERSHIP FINANCIALS/1Citizens Statements 10623/2019/2019 7.31 reconciliation detail.pdf,1vb-VAQ7sxxX0Zt0M9WrVtVJAH3PDwlIM,application/pdf,2019-08-07,76839
Leal Trust Administration Litigation/Trust Administration/LEAL TRUST PARTNERSHIP FINANCIALS/1Citizens Statements 10623/2019/2019 7.31 reconciliation summary.pdf,1eu6Ex4FqVn8NZbm06En3lMUxK9fFS7AA,application/pdf,2019-08-07,33074
Leal Trust Administration Litigation/Trust Administration/LEAL TRUST PARTNERSHIP FINANCIALS/1Citizens Statements 10623/2019/2019 7.31.pdf,1NfZ-MQ1lfIJ0EFwKFtGzocsJYiAK6XTW,application/pdf,2019-08-07,274344
Leal Trust Administration Litigation/Trust Administration/LEAL TRUST PARTNERSHIP FINANCIALS/1Citizens Statements 10623/2019/2019 8.30 reconciliation detail.pdf,1PwDQtSYsmxvrsJSxcUhL8z0YasD-ufSs,application/pdf,2019-09-12,78513
Leal Trust Administration Litigation/Trust Administration/LEAL TRUST PARTNERSHIP FINANCIALS/1Citizens Statements 10623/2019/2019 8.30 reconciliation summary.pdf,1p6GeDWsYGtIY4w939m3oqZokaaqSYCmg,application/pdf,2019-09-12,32917
Leal Trust Administration Litigation/Trust Administration/LEAL TRUST PARTNERSHIP FINANCIALS/1Citizens Statements 10623/2019/2019 8.30.pdf,1D-Sl4y8m_yMW3OjGYsqCRhpKYn3MaVl7,application/pdf,2019-09-12,276352
Leal Trust Administration Litigation/Trust Administration/LEAL TRUST PARTNERSHIP FINANCIALS/1Citizens Statements 10623/2019/2019 9.30 reconciliation detail.pdf,10dOOltgvk3OifYIkR0fqxCCLGDdHEcyX,application/pdf,2019-10-09,79547
Leal Trust Administration Litigation/Trust Administration/LEAL TRUST PARTNERSHIP FINANCIALS/1Citizens Statements 10623/2019/2019 9.30 reconciliation summary.pdf,1NvwxK10RfUVO1BmhV1Il81xTuOLw3bth,application/pdf,2019-10-09,32638
Leal Trust Administration Litigation/Trust Administration/LEAL TRUST PARTNERSHIP FINANCIALS/1Citizens Statements 10623/2019/2019 9.30.pdf,1ivwI1QTv9WPJ7HrXasJjiw20nQEx3Qra,application/pdf,2019-10-08,280473
Leal Trust Administration Litigation/Trust Administration/LEAL TRUST PARTNERSHIP FINANCIALS/1Citizens Statements 10623/2019/amex 4.29.19 reconciliation detail.pdf,13mJVZ3vx4sfzpD7_ZIRQQUlSqU0nkq_Q,application/pdf,2019-04-29,172246
Leal Trust Administration Litigation/Trust Administration/LEAL TRUST PARTNERSHIP FINANCIALS/1Citizens Statements 10623/2019/amex 4.29.19 reconciliation summary.pdf,1CoNAC-9U7t5e2r6u-dJzDMd-ufPpayYQ,application/pdf,2019-04-29,30900
Leal Trust Administration Litigation/Trust Administration/LEAL TRUST PARTNERSHIP FINANCIALS/1Citizens Statements 10623/2020,1prZAg56oObHP4U9jaCoLraopTvGqV1fB,application/vnd.google-apps.folder,2026-07-31,
Leal Trust Administration Litigation/Trust Administration/LEAL TRUST PARTNERSHIP FINANCIALS/1Citizens Statements 10623/2020/2020 1.31 Citizens.pdf,1rS5nmWrEwc2kaHLnOqIDQ1TGiz1AhwJ1,application/pdf,2020-02-14,251538
Leal Trust Administration Litigation/Trust Administration/LEAL TRUST PARTNERSHIP FINANCIALS/1Citizens Statements 10623/2020/2020 1.31 Reconciliation Detail.pdf,1CLOL2UL8XN92YCV-Jev8VUWCu7un6hGM,application/pdf,2020-02-14,80389
Leal Trust Administration Litigation/Trust Administration/LEAL TRUST PARTNERSHIP FINANCIALS/1Citizens Statements 10623/2020/2020 1.31 Reconciliation Summary.pdf,1ErjOq_-d6f99Md9XYOdTpxKVXajCYwpH,application/pdf,2020-02-14,32807
Leal Trust Administration Litigation/Trust Administration/LEAL TRUST PARTNERSHIP FINANCIALS/1Citizens Statements 10623/2020/2020 10.31 Citizens.pdf,1ZuICm-IX9keTWX34KsXX5VMn5aUe3s_B,application/pdf,2020-11-09,704153
Leal Trust Administration Litigation/Trust Administration/LEAL TRUST PARTNERSHIP FINANCIALS/1Citizens Statements 10623/2020/2020 10.31 Reconciliation Detail.pdf,1hjrJke_6t-Gwx9ojPIWO131yFqtHRoEl,application/pdf,2020-11-09,74215
Leal Trust Administration Litigation/Trust Administration/LEAL TRUST PARTNERSHIP FINANCIALS/1Citizens Statements 10623/2020/2020 10.31 Reconciliation Summary.pdf,1aDn14J-0NKAsmThg7pEIskMNCacfv2ly,application/pdf,2020-11-09,33089
Leal Trust Administration Litigation/Trust Administration/LEAL TRUST PARTNERSHIP FINANCIALS/1Citizens Statements 10623/2020/2020 11.30 Citizens.pdf,1AQm4PYS1soqShxxF0vIZpLCbR8HyzXW2,application/pdf,2020-12-09,703351
Leal Trust Administration Litigation/Trust Administration/LEAL TRUST PARTNERSHIP FINANCIALS/1Citizens Statements 10623/2020/2020 11.30 Reconciliation Detail.pdf,1ITCGZKnpZ7bDdEkH7IPgP5MZwiLImApC,application/pdf,2020-12-09,71560
Leal Trust Administration Litigation/Trust Administration/LEAL TRUST PARTNERSHIP FINANCIALS/1Citizens Statements 10623/2020/2020 11.30 Reconciliation Summary.pdf,1CSrkkdvNIN31y3LFE6-tVSAqDPSpktzj,application/pdf,2020-12-09,32881
Leal Trust Administration Litigation/Trust Administration/LEAL TRUST PARTNERSHIP FINANCIALS/1Citizens Statements 10623/2020/2020 12.31 Citizens.pdf,1GJE7XC9XSTMl_iiToqZHYbIZo7DK0q6Z,application/pdf,2021-01-07,703512
Leal Trust Administration Litigation/Trust Administration/LEAL TRUST PARTNERSHIP FINANCIALS/1Citizens Statements 10623/2020/2020 12.31 Reconciliation Detail.pdf,1XflluRjd04izt_gNLGieuEBaBNkcOAwN,application/pdf,2021-01-16,79041
Leal Trust Administration Litigation/Trust Administration/LEAL TRUST PARTNERSHIP FINANCIALS/1Citizens Statements 10623/2020/2020 12.31 Reconciliation Summary.pdf,1_6Pp9XJIT_BUz13IR5jk_SX6P78PqhS0,application/pdf,2021-01-16,32303
Leal Trust Administration Litigation/Trust Administration/LEAL TRUST PARTNERSHIP FINANCIALS/1Citizens Statements 10623/2020/2020 2.28 Citizens.pdf,1Vj3bmnRIMCZSnRpt07kk4xTcD6d1QtAK,application/pdf,2020-03-04,305011
Leal Trust Administration Litigation/Trust Administration/LEAL TRUST PARTNERSHIP FINANCIALS/1Citizens Statements 10623/2020/2020 2.28 Reconciliation Detail.pdf,16Loupr4LJOgiZm-aYrHcxOO2X80AMdyE,application/pdf,2020-03-05,72643
Leal Trust Administration Litigation/Trust Administration/LEAL TRUST PARTNERSHIP FINANCIALS/1Citizens Statements 10623/2020/2020 2.28 Reconciliation Summary.pdf,1UWk03HiY9gH4PdGGxIq8BWsy4bsssrOj,application/pdf,2020-03-05,32919
Leal Trust Administration Litigation/Trust Administration/LEAL TRUST PARTNERSHIP FINANCIALS/1Citizens Statements 10623/2020/2020 3.31 Citizens.pdf,1_lNdzCqTSD6r0EXYrqldWHfsU7wLl7Oy,application/pdf,2020-04-09,702778
Leal Trust Administration Litigation/Trust Administration/LEAL TRUST PARTNERSHIP FINANCIALS/1Citizens Statements 10623/2020/2020 3.31 Reconciliation Detail.pdf,1D3cYZzeZevLIYaWEenimsUwE-0YkO0kh,application/pdf,2020-04-09,76976
Leal Trust Administration Litigation/Trust Administration/LEAL TRUST PARTNERSHIP FINANCIALS/1Citizens Statements 10623/2020/2020 3.31 Reconciliation Summary.pdf,1q4WNcv1HTolP6dikMTKo-oDAoD7rY77P,application/pdf,2020-04-09,32685
Leal Trust Administration Litigation/Trust Administration/LEAL TRUST PARTNERSHIP FINANCIALS/1Citizens Statements 10623/2020/2020 4.30 Citizens.pdf,1VGHiJMtnvzJcdFS2wxA4hXvbbNXnKMde,application/pdf,2020-05-14,704167
Leal Trust Administration Litigation/Trust Administration/LEAL TRUST PARTNERSHIP FINANCIALS/1Citizens Statements 10623/2020/2020 4.30 Reconciliation Detail.pdf,1OeT3aiizLimvuzDC29RapU9EB_6F59To,application/pdf,2020-05-14,81711
Leal Trust Administration Litigation/Trust Administration/LEAL TRUST PARTNERSHIP FINANCIALS/1Citizens Statements 10623/2020/2020 4.30 Reconciliation Summary.pdf,1igCxssvVrg7udjkARMGxJ5IMtP5iJ33n,application/pdf,2020-05-14,32950
Leal Trust Administration Litigation/Trust Administration/LEAL TRUST PARTNERSHIP FINANCIALS/1Citizens Statements 10623/2020/2020 5.30 Citizens.pdf,1XbcfhBkPPZON5f_ibEHLUDR_h_rtLgve,application/pdf,2020-06-03,701835
Leal Trust Administration Litigation/Trust Administration/LEAL TRUST PARTNERSHIP FINANCIALS/1Citizens Statements 10623/2020/2020 5.30 Reconciliation Detail.pdf,1Bg58dtLthwR11xUt7cERjTzqU777ToEY,application/pdf,2020-06-05,74042
Leal Trust Administration Litigation/Trust Administration/LEAL TRUST PARTNERSHIP FINANCIALS/1Citizens Statements 10623/2020/2020 5.30 Reconciliation Summary.pdf,1LWpPw84WKvYsuA9Xt1T_STIJz9lFuJSs,application/pdf,2020-06-05,32937
Leal Trust Administration Litigation/Trust Administration/LEAL TRUST PARTNERSHIP FINANCIALS/1Citizens Statements 10623/2020/2020 6.30 Citizens.pdf,1FGKPLnfBcGAKnsAweitcrTZU70MdEBMU,application/pdf,2021-01-07,704782
Leal Trust Administration Litigation/Trust Administration/LEAL TRUST PARTNERSHIP FINANCIALS/1Citizens Statements 10623/2020/2020 6.30 Reconciliation Detail.pdf,1n_FPs1K_u0heNpPMMd6RB_K5Yt8EAvOC,application/pdf,2020-07-14,82385
Leal Trust Administration Litigation/Trust Administration/LEAL TRUST PARTNERSHIP FINANCIALS/1Citizens Statements 10623/2020/2020 6.30 Reconciliation Summary.pdf,1D8XKHAC8T9UcRqTAWX2RQ1UsAT4N4Wmu,application/pdf,2020-07-14,32881
Leal Trust Administration Litigation/Trust Administration/LEAL TRUST PARTNERSHIP FINANCIALS/1Citizens Statements 10623/2020/2020 7.31 Citizens.pdf,1kiKWByXaczCJ2eoUuxY03Umgai_5-XPG,application/pdf,2020-08-04,828891
Leal Trust Administration Litigation/Trust Administration/LEAL TRUST PARTNERSHIP FINANCIALS/1Citizens Statements 10623/2020/2020 7.31 Reconciliation Detail.pdf,1PwjmBg1ApFAL8Coc7-Jjc_nXuYKZUDii,application/pdf,2020-08-04,75232
Leal Trust Administration Litigation/Trust Administration/LEAL TRUST PARTNERSHIP FINANCIALS/1Citizens Statements 10623/2020/2020 7.31 Reconciliation Summary.pdf,1fCND4Sxmr_IOwas2tc7qpJ8gvEPRN1Af,application/pdf,2020-08-04,32828
Leal Trust Administration Litigation/Trust Administration/LEAL TRUST PARTNERSHIP FINANCIALS/1Citizens Statements 10623/2020/2020 8.30 Citizens.pdf,1xcY-vdfauCSY6yAtFlNHPnwZPpAbFGuX,application/pdf,2020-09-03,704822
Leal Trust Administration Litigation/Trust Administration/LEAL TRUST PARTNERSHIP FINANCIALS/1Citizens Statements 10623/2020/2020 8.31 Reconciliation Detail.pdf,1_EvO4XzN9OflhVOxfOkAp6MF3QaSLk5w,application/pdf,2020-09-03,74281
Leal Trust Administration Litigation/Trust Administration/LEAL TRUST PARTNERSHIP FINANCIALS/1Citizens Statements 10623/2020/2020 8.31 Reconciliation Summary.pdf,1QqKiHyfMCPSx8Hy9yb5Fd_0wnj-CcDqF,application/pdf,2020-09-03,32789
Leal Trust Administration Litigation/Trust Administration/LEAL TRUST PARTNERSHIP FINANCIALS/1Citizens Statements 10623/2020/2020 9.30 Citizens.pdf,1RGAwy3HNCNqolcHZPjwg30Tf9W_sSFe_,application/pdf,2020-10-09,702203
Leal Trust Administration Litigation/Trust Administration/LEAL TRUST PARTNERSHIP FINANCIALS/1Citizens Statements 10623/2020/2020 9.30 Reconciliation Detail.pdf,1sxCob3jBEbvzqeKONHSfk-yzHrOW2eex,application/pdf,2020-10-09,76164
Leal Trust Administration Litigation/Trust Administration/LEAL TRUST PARTNERSHIP FINANCIALS/1Citizens Statements 10623/2020/2020 9.30 Reconciliation Summary.pdf,1CBBCXpKeKsMVqUEfO-KjlTW1HdvEcROL,application/pdf,2020-10-09,32921
Leal Trust Administration Litigation/Trust Administration/LEAL TRUST PARTNERSHIP FINANCIALS/1Citizens Statements 10623/2020/2020 cash flow statement.pdf,12Jgzf3MFbwwOqWc4jK1QNqOpp6JCEcpf,application/pdf,2021-01-07,37463
Leal Trust Administration Litigation/Trust Administration/LEAL TRUST PARTNERSHIP FINANCIALS/1Citizens Statements 10623/2021,10hcw21mVkQu14jGYHX-cW_mxfGXtk0GO,application/vnd.google-apps.folder,2026-07-31,
Leal Trust Administration Litigation/Trust Administration/LEAL TRUST PARTNERSHIP FINANCIALS/1Citizens Statements 10623/2021/10.31.21 - MANUEL C LEAL & SON DAIRY.pdf,1-sJzcY0kSi95JBm47Srk6U7A0RpUDOE8,application/pdf,2021-11-08,705527
Leal Trust Administration Litigation/Trust Administration/LEAL TRUST PARTNERSHIP FINANCIALS/1Citizens Statements 10623/2021/11.30.21 - MANUEL C LEAL & SON DAIRY.pdf,1QG2Ck-cJnZjPTkdfX5uGRr0FxGWmMdzg,application/pdf,2021-12-01,703288
Leal Trust Administration Litigation/Trust Administration/LEAL TRUST PARTNERSHIP FINANCIALS/1Citizens Statements 10623/2021/1_29_2021 - MANUEL C LEAL & SON DAIRY.pdf,1nbtbShK2vRk8XcQCpW_zCA-mKyQoXlJR,application/pdf,2021-02-16,704177
Leal Trust Administration Litigation/Trust Administration/LEAL TRUST PARTNERSHIP FINANCIALS/1Citizens Statements 10623/2021/2.26.21 Reconciliation Detail.pdf,1aKcT2l1pmQzVT_Xf8Ecm02PZAbMqlacK,application/pdf,2021-03-17,75468
Leal Trust Administration Litigation/Trust Administration/LEAL TRUST PARTNERSHIP FINANCIALS/1Citizens Statements 10623/2021/2.26.21 Reconciliation Summary.pdf,1I3XtWpTkzmAs4kQBWLmuW6O6l4sJU9z9,application/pdf,2021-03-17,33206
Leal Trust Administration Litigation/Trust Administration/LEAL TRUST PARTNERSHIP FINANCIALS/1Citizens Statements 10623/2021/2021 12_31_2021 Checking Statement-document.pdf,18lrHgUL-nY3AOakLg16f51ReyDYrhTQ6,application/pdf,2022-02-02,704244
Leal Trust Administration Litigation/Trust Administration/LEAL TRUST PARTNERSHIP FINANCIALS/1Citizens Statements 10623/2021/2_26_2021 - MANUEL C LEAL & SON DAIRY.pdf,1CxSSX5D3bEgdeTFwcgBM8YxsrYzNmRGK,application/pdf,2021-03-17,702672
Leal Trust Administration Litigation/Trust Administration/LEAL TRUST PARTNERSHIP FINANCIALS/1Citizens Statements 10623/2021/3_31_2021 - MANUEL C LEAL & SON DAIRY.pdf,1fa3LjJ-KtRCVP3lulanPa1cf6xAfCNtE,application/pdf,2021-04-15,702721
Leal Trust Administration Litigation/Trust Administration/LEAL TRUST PARTNERSHIP FINANCIALS/1Citizens Statements 10623/2021/4_30_2021 - MANUEL C LEAL & SON DAIRY.pdf,1wGl46fu9U_u3jXL_sNTfjesgZLg6wRmQ,application/pdf,2021-05-14,704032
Leal Trust Administration Litigation/Trust Administration/LEAL TRUST PARTNERSHIP FINANCIALS/1Citizens Statements 10623/2021/5_28_2021 - MANUEL C LEAL & SON DAIRY.pdf,1iLfGzIGPfs_BoPJtWbokHkWQnPf3lyiN,application/pdf,2021-06-09,704030
Leal Trust Administration Litigation/Trust Administration/LEAL TRUST PARTNERSHIP FINANCIALS/1Citizens Statements 10623/2021/6_30_2021 - MANUEL C LEAL & SON DAIRY.pdf,17pVYebVqW1F7Xu0PD1iT6KgZ_a9x9lDV,application/pdf,2021-07-06,705934
Leal Trust Administration Litigation/Trust Administration/LEAL TRUST PARTNERSHIP FINANCIALS/1Citizens Statements 10623/2021/7_30_2021 - MANUEL C LEAL & SON DAIRY.pdf,1Qv-ssf-WKU71ReijIUBMzvJ6zydO7rPA,application/pdf,2021-08-05,702393
Leal Trust Administration Litigation/Trust Administration/LEAL TRUST PARTNERSHIP FINANCIALS/1Citizens Statements 10623/2021/8_31_2021 - MANUEL C LEAL & SON DAIRY.pdf,1wWgdO9-muvUvGtUB_ehI0YwfoLQjGiqk,application/pdf,2021-09-15,1277560
Leal Trust Administration Litigation/Trust Administration/LEAL TRUST PARTNERSHIP FINANCIALS/1Citizens Statements 10623/2021/9.31.2021 Citizens statement.pdf,1xJND2uUs4Cbwc-c34FWwAOsveYXajwVm,application/pdf,2021-10-14,902487
Leal Trust Administration Litigation/Trust Administration/LEAL TRUST PARTNERSHIP FINANCIALS/1Citizens Statements 10623/2022,1BkbFnimXnBN8p7is-g0wHCU44Ja_y6l3,application/vnd.google-apps.folder,2026-07-31,
Leal Trust Administration Litigation/Trust Administration/LEAL TRUST PARTNERSHIP FINANCIALS/1Citizens Statements 10623/2022/2022 01_31_2022 Checking Statement-document.pdf,1zYHRCSNunMGn_H7ly5ny6lPvptCg7Bzq,application/pdf,2022-02-02,703730
Leal Trust Administration Litigation/Trust Administration/LEAL TRUST PARTNERSHIP FINANCIALS/1Citizens Statements 10623/2022/2022 02_28_2022 Checking Statement-document.pdf,1qq9heCuDn9pHE8ff1J1vtGWVH69kVXPj,application/pdf,2022-03-14,705949
Leal Trust Administration Litigation/Trust Administration/LEAL TRUST PARTNERSHIP FINANCIALS/1Citizens Statements 10623/2022/2022 03_31_2022 Checking Statement-document.pdf,1CdaJlUmUaGM7eBkHQsp9fb52f1kzcv_6,application/pdf,2022-04-07,706138
Leal Trust Administration Litigation/Trust Administration/LEAL TRUST PARTNERSHIP FINANCIALS/1Citizens Statements 10623/2022/2022 04_29_2022 Checking Statement-document.pdf,1chLL5K1FijLCi86IjAaP5umvUKfdr_gk,application/pdf,2022-06-09,707866
Leal Trust Administration Litigation/Trust Administration/LEAL TRUST PARTNERSHIP FINANCIALS/1Citizens Statements 10623/2022/2022 05_31_2022 Checking Statement-document.pdf,1Gfje5tgTnb1wyUIfGqszvObsoeiZoqET,application/pdf,2022-06-09,703878
Leal Trust Administration Litigation/Trust Administration/LEAL TRUST PARTNERSHIP FINANCIALS/1Citizens Statements 10623/2022/2022 06_30_2022 Checking Statement-document.pdf,1RHMfqzYXUqNe34hk-ZzFtJdDpRa8WBQ8,application/pdf,2022-08-02,705441
Leal Trust Administration Litigation/Trust Administration/LEAL TRUST PARTNERSHIP FINANCIALS/1Citizens Statements 10623/2022/2022 07_31_2022 Checking Statement-document.pdf,1fcomKPxPOar2GejLDe8USz6kJgI1ZjJC,application/pdf,2022-08-02,845285
Leal Trust Administration Litigation/Trust Administration/LEAL TRUST PARTNERSHIP FINANCIALS/1Citizens Statements 10623/2022/2022 08_31_2022 Checking Statement-document.pdf,19suLzf02nQhlvM1us-C-qVBFtmUArkBb,application/pdf,2022-09-01,845619
Leal Trust Administration Litigation/Trust Administration/LEAL TRUST PARTNERSHIP FINANCIALS/1Citizens Statements 10623/2022/2022 09_30_2022 Checking Statement-document.pdf,1QdSSW7td59eYw8hVIIQiKzDCiCrQGps9,application/pdf,2022-10-11,846654
Leal Trust Administration Litigation/Trust Administration/LEAL TRUST PARTNERSHIP FINANCIALS/1Citizens Statements 10623/2022/2022 10_31_2022 Checking Statement-document.pdf,179XvfpwcxHGUGajxe53kmtrHHJKEe3rm,application/pdf,2022-11-02,705403
Leal Trust Administration Litigation/Trust Administration/LEAL TRUST PARTNERSHIP FINANCIALS/1Citizens Statements 10623/2022/2022 11_30_2022 Checking Statement-document(1).pdf,117b8pp_79L_9FQvgea3iFt1FLkfOPhBh,application/pdf,2023-01-02,708822
Leal Trust Administration Litigation/Trust Administration/LEAL TRUST PARTNERSHIP FINANCIALS/1Citizens Statements 10623/2022/2022 12_30_2022 Checking Statement-document.pdf,17QVEZyGuHCCCuqIb6IwC-PGT4aYVx8NL,application/pdf,2023-01-02,706708
Leal Trust Administration Litigation/Trust Administration/LEAL TRUST PARTNERSHIP FINANCIALS/1Citizens Statements 10623/2023,1ttFwpJ52IshRZtGdrrxZRzilFLtuYev2,application/vnd.google-apps.folder,2026-07-31,
Leal Trust Administration Litigation/Trust Administration/LEAL TRUST PARTNERSHIP FINANCIALS/1Citizens Statements 10623/2023/2023 01_31_2023 Checking Statement-document.pdf,110_bW9GdyB7zpMNcfiDcCHhNs1GfdPSV,application/pdf,2023-02-02,706879
Leal Trust Administration Litigation/Trust Administration/LEAL TRUST PARTNERSHIP FINANCIALS/1Citizens Statements 10623/2023/2023 02_28_2023 Checking Statement-document.pdf,1BJn5uRAiscKRFrXlp2e0m7Xmpx8fsCG7,application/pdf,2023-03-14,701585
Leal Trust Administration Litigation/Trust Administration/LEAL TRUST PARTNERSHIP FINANCIALS/1Citizens Statements 10623/2023/2023 03_31_2023 Checking Statement-document.pdf,1fxncm5Rty_PFxwtBag2cXfOionWyYM73,application/pdf,2024-06-06,701610
Leal Trust Administration Litigation/Trust Administration/LEAL TRUST PARTNERSHIP FINANCIALS/1Citizens Statements 10623/2023/2023 04_28_2023 Checking Statement-document.pdf,185wNGE9IObXM-h3oAE4QMZj5Mzef_cyR,application/pdf,2023-05-02,702067
Leal Trust Administration Litigation/Trust Administration/LEAL TRUST PARTNERSHIP FINANCIALS/1Citizens Statements 10623/2023/2023 05_31_2023 Checking Statement-document.pdf,1Op4kcTgqywdw5wyqRITE8b_WWhWtNYvy,application/pdf,2024-06-06,701952
Leal Trust Administration Litigation/Trust Administration/LEAL TRUST PARTNERSHIP FINANCIALS/1Citizens Statements 10623/2023/2023 06_30_2023 Checking Statement-document.pdf,1gxJGL0bj4gWv-DTUo1WeuBqCqg1ECGpb,application/pdf,2024-06-06,707948
Leal Trust Administration Litigation/Trust Administration/LEAL TRUST PARTNERSHIP FINANCIALS/1Citizens Statements 10623/2023/2023 07_31_2023 Checking Statement-document.pdf,1BbdDdLXuKkcMVtkjOgCDJrOfh5u9iYcd,application/pdf,2023-08-03,864170
Leal Trust Administration Litigation/Trust Administration/LEAL TRUST PARTNERSHIP FINANCIALS/1Citizens Statements 10623/2023/2023 08_31_2023 Checking Statement-document.pdf,11whkjTPlKlKboK16fnzRLOlEXX6mmAbb,application/pdf,2023-09-14,710243
Leal Trust Administration Litigation/Trust Administration/LEAL TRUST PARTNERSHIP FINANCIALS/1Citizens Statements 10623/2023/2023 09_29_2023 Checking Statement-document.pdf,1zZVn9wXtfcvRKA-zNfZI_ywr9yeMcAvh,application/pdf,2024-06-06,708239
Leal Trust Administration Litigation/Trust Administration/LEAL TRUST PARTNERSHIP FINANCIALS/1Citizens Statements 10623/2023/2023 10_31_2023 Checking Statement-document.pdf,1GOlQVg5oOcqk-udVBK55mtM-5U9dPR2c,application/pdf,2024-06-06,709636
Leal Trust Administration Litigation/Trust Administration/LEAL TRUST PARTNERSHIP FINANCIALS/1Citizens Statements 10623/2023/2023 11_30_2023 Checking Statement-document.pdf,1OOVaDIuPwAg6tjhYZ_eO7IJGyoemSWoI,application/pdf,2023-12-05,709498
Leal Trust Administration Litigation/Trust Administration/LEAL TRUST PARTNERSHIP FINANCIALS/1Citizens Statements 10623/2023/2023 12_29_2023 Checking Statement-document (1).pdf,1DYXsdD6iTkNfTxo9ThpLpTmBgMLPMJKg,application/pdf,2024-01-23,708220
Leal Trust Administration Litigation/Trust Administration/LEAL TRUST PARTNERSHIP FINANCIALS/1Citizens Statements 10623/2024,1FvVLy488sD64mrZLay5bHjvzPwHh44px,application/vnd.google-apps.folder,2026-07-31,
Leal Trust Administration Litigation/Trust Administration/LEAL TRUST PARTNERSHIP FINANCIALS/1Citizens Statements 10623/2024/2024 01_31_2024 Checking Statement-document (1).pdf,1ccZW9z-49tAZr2O6TK0gnsEGiknp5ysz,application/pdf,2024-06-06,707472
Leal Trust Administration Litigation/Trust Administration/LEAL TRUST PARTNERSHIP FINANCIALS/1Citizens Statements 10623/2024/2024 02_29_2024 Checking Statement-document.pdf,1cD9G-pG1GLJ-ExDaZKvl6qrXaSVKQEW6,application/pdf,2024-06-06,707464
Leal Trust Administration Litigation/Trust Administration/LEAL TRUST PARTNERSHIP FINANCIALS/1Citizens Statements 10623/2024/2024 03_29_2024 Checking Statement-document (1).pdf,1L7T4MXPv7Z90I91-8n74mNQlO6u-c9Mo,application/pdf,2024-06-06,707091
Leal Trust Administration Litigation/Trust Administration/LEAL TRUST PARTNERSHIP FINANCIALS/1Citizens Statements 10623/2024/2024 04_30_2024 Checking Statement-document.pdf,1eSnpXKox8mziTgN5AthoVRBFm_W9bRw_,application/pdf,2024-06-06,707745
Leal Trust Administration Litigation/Trust Administration/LEAL TRUST PARTNERSHIP FINANCIALS/1Citizens Statements 10623/2024/2024 05_31_2024 Checking Statement-document.pdf,1bAZQgjV0B0FXHR5aFhiqvu8YAfbFVqVe,application/pdf,2024-06-06,707154
Leal Trust Administration Litigation/Trust Administration/LEAL TRUST PARTNERSHIP FINANCIALS/1Citizens Statements 10623/2024/2024 12 Checking Statement-document.pdf,1YaMkJdSyF_HWGydBtBNO88Dhzpg7hvIz,application/pdf,2025-01-29,723717
Leal Trust Administration Litigation/Trust Administration/LEAL TRUST PARTNERSHIP FINANCIALS/1Citizens Statements 10623/morgan stanley 2019 8.31.pdf,1CGIpsInr20fASyvZYFxOYjVCSz8DQlbh,application/pdf,2019-09-19,77858
Leal Trust Administration Litigation/Trust Administration/LEAL TRUST PARTNERSHIP FINANCIALS/1Citizens Statements 10623/PPP Forgiveness app.pdf,1uxy0EVWjCgtD6HCFO5PSdqGupZgzz8I3,application/pdf,2021-04-06,30648
Leal Trust Administration Litigation/Trust Administration/LEAL TRUST PARTNERSHIP FINANCIALS/1Citizens Statements 10623/PPP LOAN DOCS Manuel C Leal.pdf,1VbhghU-3G4AaiFM3yH7lCipC_x_jZdrS,application/pdf,2020-12-03,1724820
Leal Trust Administration Litigation/Trust Administration/LEAL TRUST PARTNERSHIP FINANCIALS/1Citizens Statements 10623/SBA EIDL Loan Docs.pdf,1XnyhV8eM2LBWOiEJQAw1F6GHJinKmHCb,application/pdf,2020-06-03,575011
Leal Trust Administration Litigation/Trust Administration/LEAL TRUST PARTNERSHIP FINANCIALS/1Citizens Statements 10623/Zoning Update Map.pdf,1u_xd7UExzXsW4HEr28k8bBSQQoP7MmkE,application/pdf,2020-03-05,4517487
Leal Trust Administration Litigation/Trust Administration/LEAL TRUST PARTNERSHIP FINANCIALS/1Farm Credit Statements,1EHkJcZGvzxPVbEbrtQgJq8kBvYI3QSfg,application/vnd.google-apps.folder,2026-07-31,
Leal Trust Administration Litigation/Trust Administration/LEAL TRUST PARTNERSHIP FINANCIALS/1Farm Credit Statements/2016,1tWf6tiO4ki8XcjE1wjKf_oYsmaUtR85v,application/vnd.google-apps.folder,2026-07-31,
Leal Trust Administration Litigation/Trust Administration/LEAL TRUST PARTNERSHIP FINANCIALS/1Farm Credit Statements/2016/12.31.2016 quarterly.pdf,1wJkrQXPqF7rjeW6BvAz3BgOudEU74V3h,application/pdf,2017-06-28,27374
Leal Trust Administration Litigation/Trust Administration/LEAL TRUST PARTNERSHIP FINANCIALS/1Farm Credit Statements/2016/2016 annual.pdf,1TE0ueAX-7MoW9vLtM2DO-UO6wBbMAE78,application/pdf,2017-06-28,43397
Leal Trust Administration Litigation/Trust Administration/LEAL TRUST PARTNERSHIP FINANCIALS/1Farm Credit Statements/2016/6.30.16 FCW quarterly.pdf,1XGY2dc6gQWhErG61BgnKI8ZhpX9GdrHB,application/pdf,2017-06-28,19710
Leal Trust Administration Litigation/Trust Administration/LEAL TRUST PARTNERSHIP FINANCIALS/1Farm Credit Statements/2016/9.30.16 2016 FCW quarterly.pdf,1pLPX5EWQHTwYihrb4lmJXBp4d6aWb44-,application/pdf,2017-06-28,27374
Leal Trust Administration Litigation/Trust Administration/LEAL TRUST PARTNERSHIP FINANCIALS/1Farm Credit Statements/2017,1R0g69QnMy2vJ2a-KlIiElfNn0bwkoOat,application/vnd.google-apps.folder,2026-07-31,
Leal Trust Administration Litigation/Trust Administration/LEAL TRUST PARTNERSHIP FINANCIALS/1Farm Credit Statements/2017/2017 1.31 FCW Billing.pdf,1TTLIsQlCN6f8KjKcaiYKZqELJIrrRihJ,application/pdf,2017-08-15,30883
Leal Trust Administration Litigation/Trust Administration/LEAL TRUST PARTNERSHIP FINANCIALS/1Farm Credit Statements/2017/2017 10.31 FCW Billing.pdf,15By062OvIqF_9yYF-PDIQN32awVJUJzC,application/pdf,2017-11-02,514600
Leal Trust Administration Litigation/Trust Administration/LEAL TRUST PARTNERSHIP FINANCIALS/1Farm Credit Statements/2017/2017 11.30 FCW Billing.pdf,1XRIvjSDvU97Hj1qDeBIpvSsxFdY56uim,application/pdf,2017-12-04,453742
Leal Trust Administration Litigation/Trust Administration/LEAL TRUST PARTNERSHIP FINANCIALS/1Farm Credit Statements/2017/2017 11.30 FCW Transactions.pdf,1wpRd5E72IxdWh5H85lymoxqrVh5RxIk2,application/pdf,2017-12-04,1617526
Leal Trust Administration Litigation/Trust Administration/LEAL TRUST PARTNERSHIP FINANCIALS/1Farm Credit Statements/2017/2017 12.31 FCW Billing.pdf,1K_TN9XAcVyli46m8DkRSDkr8tH_a2v5o,application/pdf,2018-01-07,499612
Leal Trust Administration Litigation/Trust Administration/LEAL TRUST PARTNERSHIP FINANCIALS/1Farm Credit Statements/2017/2017 12.31 FCW Quarterly Summary.pdf,1rDiQLeJcAsjU2bc-uH9SlCvenjT7uDGn,application/pdf,2018-01-07,233087
Leal Trust Administration Litigation/Trust Administration/LEAL TRUST PARTNERSHIP FINANCIALS/1Farm Credit Statements/2017/2017 2.28 FCW Billing.pdf,1nhwAEd-Ujq8hjre7JMDICoL_9r3sH1sc,application/pdf,2017-08-15,30683
Leal Trust Administration Litigation/Trust Administration/LEAL TRUST PARTNERSHIP FINANCIALS/1Farm Credit Statements/2017/2017 3.31 FCW quarterly.pdf,1jDxQz0Wxke-KcvzD3byLNAFhFf63m1Hx,application/pdf,2017-06-28,27937
Leal Trust Administration Litigation/Trust Administration/LEAL TRUST PARTNERSHIP FINANCIALS/1Farm Credit Statements/2017/2017 4.30 FCW Billing.pdf,1PevlxDkDRKjhpIrcah_GEtH3TkZfwh1Y,application/pdf,2017-08-15,30657
Leal Trust Administration Litigation/Trust Administration/LEAL TRUST PARTNERSHIP FINANCIALS/1Farm Credit Statements/2017/2017 5.30 FCW billing.pdf,1P5RoZ6eU4fWWupir2s_j2D-cbYInZnBg,application/pdf,2017-06-28,30679
Leal Trust Administration Litigation/Trust Administration/LEAL TRUST PARTNERSHIP FINANCIALS/1Farm Credit Statements/2017/2017 6.30 FCW billing.pdf,1OcmTZEJyZBtI5QAsOcfPs_dNHPf3C8h_,application/pdf,2017-06-28,30681
Leal Trust Administration Litigation/Trust Administration/LEAL TRUST PARTNERSHIP FINANCIALS/1Farm Credit Statements/2017/2017 6.30 FCW quarterly.pdf,1nN-olHv6_xcy8DD52KEqiZ-7eMzs7rPF,application/pdf,2017-08-15,27640
Leal Trust Administration Litigation/Trust Administration/LEAL TRUST PARTNERSHIP FINANCIALS/1Farm Credit Statements/2017/2017 7.31 FCW Billing.pdf,1AU9C4FxNbOamNuPY1wFBGq9hp3LeJ9CT,application/pdf,2017-08-15,30701
Leal Trust Administration Litigation/Trust Administration/LEAL TRUST PARTNERSHIP FINANCIALS/1Farm Credit Statements/2017/2017 8.31 FCW Billing.pdf,1g4qkCVoQ14j1_ADuit_JLbLZuLadUV6Q,application/pdf,2017-09-06,30681
Leal Trust Administration Litigation/Trust Administration/LEAL TRUST PARTNERSHIP FINANCIALS/1Farm Credit Statements/2017/2017 9.30 FCW Billing.pdf,1ycEQ07b3POVL1l88c4nYKmGmKm5mPtzc,application/pdf,2017-10-07,31259
Leal Trust Administration Litigation/Trust Administration/LEAL TRUST PARTNERSHIP FINANCIALS/1Farm Credit Statements/2017/2017 9.30 FCW Quarterly.pdf,1Ur-V07JJlgo1bFkCk0EPrjSXeoAzu7PI,application/pdf,2017-10-07,28019
Leal Trust Administration Litigation/Trust Administration/LEAL TRUST PARTNERSHIP FINANCIALS/1Farm Credit Statements/2017/BBR Inventory 12.31.17.xlsx,1-pLUyURpB9apzEalPBwXumaCijpGcAdO,application/vnd.openxmlformats-officedocument.spreadsheetml.sheet,2018-01-08,528896
Leal Trust Administration Litigation/Trust Administration/LEAL TRUST PARTNERSHIP FINANCIALS/1Farm Credit Statements/2018,1oAfMzWcd_yHdULWI-y2kPDh0OZp_Z2lY,application/vnd.google-apps.folder,2026-07-31,
Leal Trust Administration Litigation/Trust Administration/LEAL TRUST PARTNERSHIP FINANCIALS/1Farm Credit Statements/2018/2018 1.31 FCW Billing.pdf,1nCItDa4WSmXW8Vvn17dEuL-hOG3tEFpL,application/pdf,2018-02-08,274143
Leal Trust Administration Litigation/Trust Administration/LEAL TRUST PARTNERSHIP FINANCIALS/1Farm Credit Statements/2018/2018 10.17 FCW Billing.pdf,1CheZDbkYTPi0TACR0tG7Ua6d5G16cQq-,application/pdf,2018-11-15,1486103
Leal Trust Administration Litigation/Trust Administration/LEAL TRUST PARTNERSHIP FINANCIALS/1Farm Credit Statements/2018/2018 11.30 FCW Billing.pdf,1kXbPu_mXqt8gFDAWXfk86D4yYPy5O7ao,application/pdf,2018-12-10,434033
Leal Trust Administration Litigation/Trust Administration/LEAL TRUST PARTNERSHIP FINANCIALS/1Farm Credit Statements/2018/2018 12.10 FCW Billing.pdf,1RJDtCN3xvLaZSJgN8NwjGTrAu7RbFgi-,application/pdf,2019-01-14,706000
Leal Trust Administration Litigation/Trust Administration/LEAL TRUST PARTNERSHIP FINANCIALS/1Farm Credit Statements/2018/2018 12.31 FCW Quarterly.pdf,1oE0mfCeaZ1o1VyU3tNmqOVnL2dCQvxR_,application/pdf,2019-01-14,216526
Leal Trust Administration Litigation/Trust Administration/LEAL TRUST PARTNERSHIP FINANCIALS/1Farm Credit Statements/2018/2018 2.28 FCW Billing.pdf,1qSnBTIv_Z3ooKZrjnpweBfLenyNFkrVR,application/pdf,2018-03-07,487031
Leal Trust Administration Litigation/Trust Administration/LEAL TRUST PARTNERSHIP FINANCIALS/1Farm Credit Statements/2018/2018 3.31 FCW Billing.pdf,1gQHiZk8b1_sNmb6ZxmRRDOnZy1EKDSSC,application/pdf,2018-04-10,714536
Leal Trust Administration Litigation/Trust Administration/LEAL TRUST PARTNERSHIP FINANCIALS/1Farm Credit Statements/2018/2018 3.31 FCW Quarterly.pdf,1t2RnOkg_8-3UubEcMc81yqT7G5DpLST5,application/pdf,2018-04-10,219405
Leal Trust Administration Litigation/Trust Administration/LEAL TRUST PARTNERSHIP FINANCIALS/1Farm Credit Statements/2018/2018 4.30 FCW Billing.pdf,1XCblUEDhsgtJbx6u0nwsxXGiynyLq4uZ,application/pdf,2018-05-10,352657
Leal Trust Administration Litigation/Trust Administration/LEAL TRUST PARTNERSHIP FINANCIALS/1Farm Credit Statements/2018/2018 5.31 FCW Billing.pdf,1q4WlQDsF2FY9-Azqref5OjdnQ-XdR4LK,application/pdf,2018-06-07,295351
Leal Trust Administration Litigation/Trust Administration/LEAL TRUST PARTNERSHIP FINANCIALS/1Farm Credit Statements/2018/2018 6.30 FCW Billing.pdf,1VQS5uPVspnuG3ag2PPxCTGrAmYzt9img,application/pdf,2018-07-06,275027
Leal Trust Administration Litigation/Trust Administration/LEAL TRUST PARTNERSHIP FINANCIALS/1Farm Credit Statements/2018/2018 6.30 FCW Quarterly.pdf,1oIpH86nFzrW-mA8pa_5SQn6vqootkTSY,application/pdf,2018-07-06,216952
Leal Trust Administration Litigation/Trust Administration/LEAL TRUST PARTNERSHIP FINANCIALS/1Farm Credit Statements/2018/2018 7.31 FCW Billing.pdf,18OcUUWMy2CuUtzpOjDhKMcZHw_v9d7cZ,application/pdf,2018-09-06,434040
Leal Trust Administration Litigation/Trust Administration/LEAL TRUST PARTNERSHIP FINANCIALS/1Farm Credit Statements/2018/2018 8.31 FCW Billing.pdf,1dB2QDJDv2RXaOc0ReL33Ya_vj7H_qKIt,application/pdf,2018-09-06,2295737
Leal Trust Administration Litigation/Trust Administration/LEAL TRUST PARTNERSHIP FINANCIALS/1Farm Credit Statements/2018/2018 9.30 Quarterly.pdf,1rVoo7ytkYxg5xDSalsK-GHSvXJZkYcg4,application/pdf,2018-10-11,262376
Leal Trust Administration Litigation/Trust Administration/LEAL TRUST PARTNERSHIP FINANCIALS/1Farm Credit Statements/2018/2018 FCW Annual Summary.pdf,16ajAdlPwHuX7BZZ3NW_bOh5ASPn12mk4,application/pdf,2019-01-14,465711
Leal Trust Administration Litigation/Trust Administration/LEAL TRUST PARTNERSHIP FINANCIALS/1Farm Credit Statements/2018/Please_DocuSign_ASN1087_Loan_Pricing_Convers.pdf,1sV93fjKtBXRJkrFNDlPkzupv7BtESSlK,application/pdf,2018-01-11,101005
Leal Trust Administration Litigation/Trust Administration/LEAL TRUST PARTNERSHIP FINANCIALS/1Farm Credit Statements/2019 1.17 FCW Billing.pdf,1LdXhnbFJ7zAsCJp1O5s0hhjDoVNCd9CX,application/pdf,2019-01-23,513025
Leal Trust Administration Litigation/Trust Administration/LEAL TRUST PARTNERSHIP FINANCIALS/1Farm Credit Statements/2019 6.30 FCW Quarterly Statement.pdf,1Taus-J7p3Nt-eowBhZjaXu7ZxpT356jn,application/pdf,2019-07-14,199928
Leal Trust Administration Litigation/Trust Administration/LEAL TRUST PARTNERSHIP FINANCIALS/1Farm Credit Statements/2019 FCW Annual Statement.pdf,11gDOXavvIBgwywPVNYq_hl71hT3dc_x8,application/pdf,2020-01-14,447444
Leal Trust Administration Litigation/Trust Administration/LEAL TRUST PARTNERSHIP FINANCIALS/1Farm Credit Statements/2021 FCW Annual Statement.pdf,15I1sctPf-O8Ik5mdINeGwSmBiArdvWb1,application/pdf,2022-03-16,7033548
Leal Trust Administration Litigation/Trust Administration/LEAL TRUST PARTNERSHIP FINANCIALS/1Farm Credit Statements/3.31.20 Manuel C. Leal BBR.xlsx,1GcuMdwu-h59mu0W0OKx_ngMrTyMg_P05,application/vnd.openxmlformats-officedocument.spreadsheetml.sheet,2020-03-31,536576
Leal Trust Administration Litigation/Trust Administration/LEAL TRUST PARTNERSHIP FINANCIALS/1Farm Credit Statements/Dairy_Borrowing_Base 12.31.18.pdf,10h7A9eRb76UZoCxDyamB54W6ri3k8QG1,application/pdf,2019-02-04,573892
Leal Trust Administration Litigation/Trust Administration/LEAL TRUST PARTNERSHIP FINANCIALS/1Farm Credit Statements/DocuSign_FCW_-_Dairy_Borrowing_Base 9.30.22.pdf,1Sc9gB3MawE2CEf_LvMvhvomP5XMPshao,application/pdf,2022-10-26,599850
Leal Trust Administration Litigation/Trust Administration/LEAL TRUST PARTNERSHIP FINANCIALS/1Farm Credit Statements/FCW 2019 Annual Statement.pdf,1tG3_IHjiZbtPOmi9b5i7MqhbbsXOPwSf,application/pdf,2020-02-15,447444
Leal Trust Administration Litigation/Trust Administration/LEAL TRUST PARTNERSHIP FINANCIALS/1Farm Credit Statements/FCW Barn & Freestall 1.1-2.14.pdf,10cL3z1g8sBOo_Zq6AOWrGWkcFq1TGUvY,application/pdf,2019-02-14,5740
Leal Trust Administration Litigation/Trust Administration/LEAL TRUST PARTNERSHIP FINANCIALS/1Farm Credit Statements/FCW Cow Line 1.1-2.14.pdf,1sNKgCyrbrF8sLu2Eo-HYjUJXdN_sERnE,application/pdf,2019-02-14,7909
Leal Trust Administration Litigation/Trust Administration/LEAL TRUST PARTNERSHIP FINANCIALS/1Farm Credit Statements/FCW Feed Line 1.1-2.14.pdf,1q4liw9qDZo9RM0GPlCfggxDLfWyzSCWE,application/pdf,2019-02-14,8829
Leal Trust Administration Litigation/Trust Administration/LEAL TRUST PARTNERSHIP FINANCIALS/1Farm Credit Statements/FCW inventory2019-01-31.pdf,1KPsvDidyesLy9M0B82mFiMyrs9vLnXP-,application/pdf,2019-01-31,3070821
Leal Trust Administration Litigation/Trust Administration/LEAL TRUST PARTNERSHIP FINANCIALS/1Farm Credit Statements/FCW Perry Ranch 1.1-2.14.pdf,1MyyAJwpv3Wx2SUWgv8_k-PDtg4AEoa7A,application/pdf,2019-02-14,5535
Leal Trust Administration Litigation/Trust Administration/LEAL TRUST PARTNERSHIP FINANCIALS/1Farm Credit Statements/FCW Prepay Line 1.1-2.14.pdf,1_3enBco3zJZw33rXxJRfyVSwcJI7v5N9,application/pdf,2019-02-14,6024
Leal Trust Administration Litigation/Trust Administration/LEAL TRUST PARTNERSHIP FINANCIALS/1Farm Credit Statements/LEAL P&L 3.31.20.pdf,1cjI5MlhJ3x5Z680JRKNJ1eEJyfsuy0ef,application/pdf,2020-03-31,39260
Leal Trust Administration Litigation/Trust Administration/LEAL TRUST PARTNERSHIP FINANCIALS/Deere 544K Loader FCW,14NWWomgihiI-0UFMiM_dZqMs4Dt9xtyw,application/vnd.google-apps.folder,2026-07-31,
Leal Trust Administration Litigation/Trust Administration/LEAL TRUST PARTNERSHIP FINANCIALS/Deere 544K Loader FCW/#2 Signed Docs.pdf,1_7wN2S4tm-bhX40fZ_JIvW_Z4xfFhG5o,application/pdf,2016-12-28,1956962
Leal Trust Administration Litigation/Trust Administration/LEAL TRUST PARTNERSHIP FINANCIALS/Deere 544K Loader FCW/Signed Master Docs  04-12-2016.pdf,15HvmdNyD9UWcvbGOSbsJRE4bpqOsVWCJ,application/pdf,2016-12-28,3083171
Leal Trust Administration Litigation/Trust Administration/LEAL TRUST PARTNERSHIP FINANCIALS/Depreciation Schedule 2014 - Manuel Leal.pdf,1MQN4TqqlPLidvnqmDfK2dMEgCp4jhyoJ,application/pdf,2014-10-31T16:52:41Z,59445
Leal Trust Administration Litigation/Trust Administration/LEAL TRUST PARTNERSHIP FINANCIALS/equity estimate 1.20.16.xlsx,1UT9L_TtY3FHioxMberJPkRAE9RPv2oJo,application/vnd.openxmlformats-officedocument.spreadsheetml.sheet,2017-12-07T16:37:11Z,12782
Leal Trust Administration Litigation/Trust Administration/LEAL TRUST PARTNERSHIP FINANCIALS/equity estimate 1.20.17.xlsx,12pQx-lLlTyQufG-nV3PZio6jU25zrfYj,application/vnd.openxmlformats-officedocument.spreadsheetml.sheet,2017-07-31T21:34:15Z,12739
Leal Trust Administration Litigation/Trust Administration/LEAL TRUST PARTNERSHIP FINANCIALS/equity estimate 12.7.17.xlsx,1BooRtPUs1IKYtmqY5dli21EiS7dcbbED,application/vnd.openxmlformats-officedocument.spreadsheetml.sheet,2017-12-08T13:13:24Z,13480
Leal Trust Administration Litigation/Trust Administration/LEAL TRUST PARTNERSHIP FINANCIALS/equity estimate 3.20.15.xlsx,1Sgpkr3XrFlw__40hIO0bbDsD0H5dP7LT,application/vnd.openxmlformats-officedocument.spreadsheetml.sheet,2017-12-07T16:40:36Z,12644
Leal Trust Administration Litigation/Trust Administration/LEAL TRUST PARTNERSHIP FINANCIALS/equity estimate 4.22.16.xlsx,1ojNLRZfh7Qqe4GvKGj3-o40amVJ2MmPd,application/vnd.openxmlformats-officedocument.spreadsheetml.sheet,2016-04-22T17:29:09Z,14333
Leal Trust Administration Litigation/Trust Administration/LEAL TRUST PARTNERSHIP FINANCIALS/equity estimate 7.30.17.xlsx,13gHcq2R-CQUKXTEYQ_lG2x-hHbPbG36y,application/vnd.openxmlformats-officedocument.spreadsheetml.sheet,2017-07-31T21:34:13Z,12936
Leal Trust Administration Litigation/Trust Administration/LEAL TRUST PARTNERSHIP FINANCIALS/equity estimate 9.20.15.xlsx,185fBoaVCUpE7sDZU_iH41N-21cfGovF_,application/vnd.openxmlformats-officedocument.spreadsheetml.sheet,2016-03-03T00:14:31Z,14310
Leal Trust Administration Litigation/Trust Administration/LEAL TRUST PARTNERSHIP FINANCIALS/equity estimate Current.xlsx,1XOpKe9yYwmn3bxHtVtM4kAgE6b9bdX-T,application/vnd.openxmlformats-officedocument.spreadsheetml.sheet,2026-04-21T17:34:43Z,234063
Leal Trust Administration Litigation/Trust Administration/LEAL TRUST PARTNERSHIP FINANCIALS/equity estimate.xlsx,1USnt5jJjnHBJUbPJQNtOtWOg6cC9QAb1,application/vnd.openxmlformats-officedocument.spreadsheetml.sheet,2015-03-13T19:06:30Z,14329
Leal Trust Administration Litigation/Trust Administration/LEAL TRUST PARTNERSHIP FINANCIALS/Financial Statements,1-SAa5BLDDQUyhGK7lnVJ51WU-xddpSHC,application/vnd.google-apps.folder,2026-07-31,
Leal Trust Administration Litigation/Trust Administration/LEAL TRUST PARTNERSHIP FINANCIALS/Financial Statements/1993 financial statement.pdf,1Z5KMmVAWUZjEqDXKUjZ01Qqz9m3rZfL5,application/pdf,2017-02-22,5655393
Leal Trust Administration Litigation/Trust Administration/LEAL TRUST PARTNERSHIP FINANCIALS/Financial Statements/Draft- Manuel Leal & Son Dairy 3.7.16.pdf,1PgR0EgUV9e2S_5qq18VU4N5OMfOuIvGC,application/pdf,2016-03-11,1167787
Leal Trust Administration Litigation/Trust Administration/LEAL TRUST PARTNERSHIP FINANCIALS/Financial Statements/equity 1992-1993.pdf,1NlzMqhAQBaAkdGyF63wjo42tTWkPCuwI,application/pdf,2017-02-22,820931
Leal Trust Administration Litigation/Trust Administration/LEAL TRUST PARTNERSHIP FINANCIALS/Financial Statements/equity 1997.pdf,1O_MAgX6PGY98uluyxkDYt7KZwPCYVamG,application/pdf,2017-02-22,339775
Leal Trust Administration Litigation/Trust Administration/LEAL TRUST PARTNERSHIP FINANCIALS/Financial Statements/Equity Accounts 1997-2015 with 1993.pdf,14L6jYH16vRGQkNreIrxHcS87Mhr5RFnL,application/pdf,2017-03-22,7397379
Leal Trust Administration Litigation/Trust Administration/LEAL TRUST PARTNERSHIP FINANCIALS/Financial Statements/Financial Statement Basis Dairy - ME Version thru 12-31-17xls (3).pdf,1o0tW3Vvrohhw9utd9vHxj1vPjS-vVkbU,application/pdf,2019-03-18,97737
Leal Trust Administration Litigation/Trust Administration/LEAL TRUST PARTNERSHIP FINANCIALS/Financial Statements/Financial Statement Basis Dairy - ME Version thru 12-31-18xls.xls,1s6sQ_0p8dESldINHicI6V90gHYjb8mEI,application/vnd.ms-excel,2020-12-18,142848
Leal Trust Administration Litigation/Trust Administration/LEAL TRUST PARTNERSHIP FINANCIALS/Financial Statements/Leal and Son Dairy 12.31.12 FS.pdf,1licK61gcHB01U4cIU_Y9M6DniSIGGT4H,application/pdf,2013-07-30,922615
Leal Trust Administration Litigation/Trust Administration/LEAL TRUST PARTNERSHIP FINANCIALS/Financial Statements/Manuel Leal & Son Dairy 12.31.15 FS.PDF,1bLOMI-37TgPMgCbpaGMlbYu4QsfWl31F,application/pdf,2020-08-20,559424
Leal Trust Administration Litigation/Trust Administration/LEAL TRUST PARTNERSHIP FINANCIALS/Financial Statements/Manuel Leal & Son Dairy 12.31.16 FS.PDF,1_7-aRFr_L3mlDRo8WAnVDcfjbUK6QwhE,application/pdf,2020-08-20,576823
Leal Trust Administration Litigation/Trust Administration/LEAL TRUST PARTNERSHIP FINANCIALS/Financial Statements/Manuel Leal & Son Dairy 12.31.17 FS.PDF,1rYhsZ2W__Rq1wuTglYEi7TjzFZuI5Aus,application/pdf,2020-08-20,586316
Leal Trust Administration Litigation/Trust Administration/LEAL TRUST PARTNERSHIP FINANCIALS/Financial Statements/Manuel Leal & Son Dairy 12.31.18 FS.PDF,1iSeCbhNlKDDCtqIMAY3vKUfHz1RrsD7N,application/pdf,2020-08-20,579799
Leal Trust Administration Litigation/Trust Administration/LEAL TRUST PARTNERSHIP FINANCIALS/Financial Statements/Manuel Leal & Son Dairy 12.31.19 FS.PDF,1ce1oTFuEipONouo3X_v9jg2fKxpD4dho,application/pdf,2020-08-20,820128
Leal Trust Administration Litigation/Trust Administration/LEAL TRUST PARTNERSHIP FINANCIALS/Financial Statements/Manuel Leal & Son Dairy 12.31.2022 FS.pdf,1YhdTn7bvMMbTLV02nhLyUBs66LaPRmbs,application/pdf,2023-05-03,593543
Leal Trust Administration Litigation/Trust Administration/LEAL TRUST PARTNERSHIP FINANCIALS/Financial Statements/Manuel Leal & Son Dairy 12.31.2024 FS.pdf,1cqN3Cp2t9pMFiql2mXOYYZFZTxsSVZRm,application/pdf,2025-03-14,427893
Leal Trust Administration Litigation/Trust Administration/LEAL TRUST PARTNERSHIP FINANCIALS/Financial Statements/Manuel Leal & Son Dairy 12.31.21.pdf,1nnDuX2ZKw6Y7o9TSamPP2i71vV42uyJi,application/pdf,2022-05-17,588109
Leal Trust Administration Litigation/Trust Administration/LEAL TRUST PARTNERSHIP FINANCIALS/Financial Statements/Manuel Leal & Son Dairy 1999 FS.pdf,1SUMCiXnWIBzCREAq_Ki-UtS6qeQhpDny,application/pdf,2017-02-17,460680
Leal Trust Administration Litigation/Trust Administration/LEAL TRUST PARTNERSHIP FINANCIALS/Financial Statements/Manuel Leal & Son Dairy 2002 FS.pdf,1JrLsGNALwDCLf9KK3t8WHyCnaVYpJZby,application/pdf,2017-02-17,95630
Leal Trust Administration Litigation/Trust Administration/LEAL TRUST PARTNERSHIP FINANCIALS/Financial Statements/Manuel Leal & Son Dairy 2005 FS.pdf,1UpjP9CR9XFDTGM9PpGbtC7XQILhneBwh,application/pdf,2006-05-17,582268
Leal Trust Administration Litigation/Trust Administration/LEAL TRUST PARTNERSHIP FINANCIALS/Financial Statements/Manuel Leal & Son Dairy 2010 FS.pdf,1L3vzPSSoON8veSN6ubsven2FA-sRNYB_,application/pdf,2012-02-17,834218
Leal Trust Administration Litigation/Trust Administration/LEAL TRUST PARTNERSHIP FINANCIALS/Financial Statements/Manuel Leal & Son Dairy 2011 FS.pdf,1AlM02duOar8k9Pjisjc5gvAcfYOY7T2b,application/pdf,2012-09-18,4291017
Leal Trust Administration Litigation/Trust Administration/LEAL TRUST PARTNERSHIP FINANCIALS/Financial Statements/Manuel Leal & Son Dairy 2012 FS.pdf,1S9RwZu8HzeL55aacU65ifj1L554OCn_m,application/pdf,2013-06-18,1069325
Leal Trust Administration Litigation/Trust Administration/LEAL TRUST PARTNERSHIP FINANCIALS/Financial Statements/Manuel Leal & Son Dairy 2013 FS.pdf,1Qf_1TkHHM4yqIY0A6-FvL0PEJKHWt3Rh,application/pdf,2016-03-11,974168
Leal Trust Administration Litigation/Trust Administration/LEAL TRUST PARTNERSHIP FINANCIALS/Financial Statements/Manuel Leal & Son Dairy 2014 FS.pdf,1Q0RYxMf34YOrzJzEkfLQdop9xIv8OtTs,application/pdf,2016-03-11,1031607
Leal Trust Administration Litigation/Trust Administration/LEAL TRUST PARTNERSHIP FINANCIALS/Financial Statements/Manuel Leal & Son Dairy 2015 FS.pdf,1sOyEmCsybvGozVGLxAtsZ95nD2HM2Zwo,application/pdf,2016-12-19,559424
Leal Trust Administration Litigation/Trust Administration/LEAL TRUST PARTNERSHIP FINANCIALS/Financial Statements/Manuel Leal & Son Dairy 2020 FS.pdf,1_Bvd-uPmIB9gC-PpGEYeJnrRcT1XdfFX,application/pdf,2021-12-10,600408
Leal Trust Administration Litigation/Trust Administration/LEAL TRUST PARTNERSHIP FINANCIALS/Financial Statements/Manuel Leal & Son Dairy Draft 2025.pdf,1GrOsQIpZB9LUFMV2yac4doxprRz0o3rD,application/pdf,2026-04-29,966044
Leal Trust Administration Litigation/Trust Administration/LEAL TRUST PARTNERSHIP FINANCIALS/Financial Statements/Manuel Leal & Sons Dairy 12.31.23 FS .pdf,1TY79PUqODjtaKY5dfJ88UWrFageBFDcw,application/pdf,2024-06-08,606863
Leal Trust Administration Litigation/Trust Administration/LEAL TRUST PARTNERSHIP FINANCIALS/Financial Statements/Reddington Current Value Balance Sheet.pdf,1lKCRv8KotKFAC947hNdqnr5-rTBYo0rz,application/pdf,2017-02-28,555513
Leal Trust Administration Litigation/Trust Administration/LEAL TRUST PARTNERSHIP FINANCIALS/Fixed Asset Schedule.pdf,1dWclAFBg7YoHhBelldInrD6eTirUOtwB,application/pdf,2016-03-29T14:25:03Z,56650
Leal Trust Administration Litigation/Trust Administration/LEAL TRUST PARTNERSHIP FINANCIALS/important numbers.xlsx,1BPwL7RG9QmC0zsdbxnV3WPCIsTP4S9V0,application/vnd.openxmlformats-officedocument.spreadsheetml.sheet,2026-07-06T23:15:15Z,23583
Leal Trust Administration Litigation/Trust Administration/LEAL TRUST PARTNERSHIP FINANCIALS/Land Lease Contract.docx,13JA5zwiVBn_IZY4fDnvYt_93yR9go8p-,application/vnd.openxmlformats-officedocument.wordprocessingml.document,2022-03-16T17:51:49Z,12010
Leal Trust Administration Litigation/Trust Administration/LEAL TRUST PARTNERSHIP FINANCIALS/Leal age retirement payouts.pdf,1HybCuQeglGoeS43awloHoEevQZ5mzDSU,application/pdf,2023-03-14T17:06:40Z,536708
Leal Trust Administration Litigation/Trust Administration/LEAL TRUST PARTNERSHIP FINANCIALS/LEAL APN desc prop taxes.xlsx,1wGqYFCQWa4E5Ntjthv70Y-AteysQ3qOt,application/vnd.openxmlformats-officedocument.spreadsheetml.sheet,2026-07-30T15:02:41Z,15130
Leal Trust Administration Litigation/Trust Administration/LEAL TRUST PARTNERSHIP FINANCIALS/Leal Memo of Trust.pdf,1ehMkjBOsc1wO6PZV2V-IuJvbwH4UVbKR,application/pdf,2022-03-14T23:52:44Z,758756
Leal Trust Administration Litigation/Trust Administration/LEAL TRUST PARTNERSHIP FINANCIALS/LEASE AGREEMENT 3.6.13.docx,1M5dpdyU-Fntv2rFCp42MwOl4xq-h8RVE,application/vnd.openxmlformats-officedocument.wordprocessingml.document,2016-10-22T00:38:59Z,11759
Leal Trust Administration Litigation/Trust Administration/LEAL TRUST PARTNERSHIP FINANCIALS/lease agreement unsigned.pdf,12m5myDlnTCTbbOkCFH-C422WmePJfbyC,application/pdf,2017-07-24T21:19:28Z,2614642
Leal Trust Administration Litigation/Trust Administration/LEAL TRUST PARTNERSHIP FINANCIALS/LOANS DEEDS,1jDyByhqDhasA5OfzfUHyPnr0mcaADBbU,application/vnd.google-apps.folder,2026-07-31,
Leal Trust Administration Litigation/Trust Administration/LEAL TRUST PARTNERSHIP FINANCIALS/LOANS DEEDS/Feed Truck Lease Docs.pdf,1g1ilFR5eZfthzB2xUmfOIZva7re3NHOT,application/pdf,2012-12-13,103714
Leal Trust Administration Litigation/Trust Administration/LEAL TRUST PARTNERSHIP FINANCIALS/LOANS DEEDS/kubota L3200HST loan.pdf,1eNMoQukHbMQfHU9GNYo-oKxm84MMKD-G,application/pdf,2015-05-01,1274606
Leal Trust Administration Litigation/Trust Administration/LEAL TRUST PARTNERSHIP FINANCIALS/LOANS DEEDS/Kubota loan 2024.pdf,1YkLIuNJ01FGLG3TyA-ltY62lYVxVQtYT,application/pdf,2024-07-29,2588835
Leal Trust Administration Litigation/Trust Administration/LEAL TRUST PARTNERSHIP FINANCIALS/LOANS DEEDS/Kubota Loan.pdf,18FZrUZq9nUuIpcEahq6Pk4X4jFo7CgJo,application/pdf,2024-08-06,2579743
Leal Trust Administration Litigation/Trust Administration/LEAL TRUST PARTNERSHIP FINANCIALS/LOANS DEEDS/loan balances 7.30.17.xlsx,1q2sB5wKNmVV4_efEV54XV19ElziN71TU,application/vnd.openxmlformats-officedocument.spreadsheetml.sheet,2017-08-01,9587
Leal Trust Administration Litigation/Trust Administration/LEAL TRUST PARTNERSHIP FINANCIALS/LOANS DEEDS/machado quota note.pdf,1OiqUzYjqEYKt545JQxqpJ7MKLjY8H5fJ,application/pdf,2017-12-07,1478869
Leal Trust Administration Litigation/Trust Administration/LEAL TRUST PARTNERSHIP FINANCIALS/LOANS DEEDS/machado quota title.pdf,1ZcNrS-F-V90V0Muz1zmm9DuAsn6nFU45,application/pdf,2016-08-24,8306026
Leal Trust Administration Litigation/Trust Administration/LEAL TRUST PARTNERSHIP FINANCIALS/LOANS DEEDS/Orozco.Rodrigues Deed.pdf,1CXiB_1oO3RR5TMu2PPAFkz4856x040NU,application/pdf,2016-08-24,6012759
Leal Trust Administration Litigation/Trust Administration/LEAL TRUST PARTNERSHIP FINANCIALS/LOANS DEEDS/Perry Ranch Loan.pdf,1Vbxa9kvJEB0yTZkvCOsdtjF4EiWATGxl,application/pdf,2013-02-01,454615
Leal Trust Administration Litigation/Trust Administration/LEAL TRUST PARTNERSHIP FINANCIALS/LOANS DEEDS/Rodrigues Ranch Escrow.pdf,16d09sG31hX_YcL5wRdknCbhZpPpJtdle,application/pdf,2012-02-17,2968417
Leal Trust Administration Litigation/Trust Administration/LEAL TRUST PARTNERSHIP FINANCIALS/LOANS DEEDS/Rodrigues Ranch Note.pdf,1XXgJfadJbnHI0SvhX4z0LwyOU1qtW9lQ,application/pdf,2017-07-28,1915675
Leal Trust Administration Litigation/Trust Administration/LEAL TRUST PARTNERSHIP FINANCIALS/LOANS DEEDS/Silv Large Loan Note.pdf,1TqADByF0OquQnAeKejphcmSEfxonORIB,application/pdf,2014-04-25,568151
Leal Trust Administration Litigation/Trust Administration/LEAL TRUST PARTNERSHIP FINANCIALS/LOANS DEEDS/Silv Loan Mod.pdf,1qBt0_tb73oZMQlA1dJGtYD6EYvaMjl44,application/pdf,2014-04-14,4413793
Leal Trust Administration Litigation/Trust Administration/LEAL TRUST PARTNERSHIP FINANCIALS/LOANS DEEDS/silv mod loan docs.pdf,1tQjbaGVr9khHY6PhQRaMZIdK0BJUbIrH,application/pdf,2014-04-25,506549
Leal Trust Administration Litigation/Trust Administration/LEAL TRUST PARTNERSHIP FINANCIALS/LOANS DEEDS/Silv Small Loan note.pdf,1YuQr6_A67XIR06rbZNboYauo-4PZPhuu,application/pdf,2014-04-25,2024716
Leal Trust Administration Litigation/Trust Administration/LEAL TRUST PARTNERSHIP FINANCIALS/LOANS DEEDS/Smith note.pdf,1pzzhLzwew8E0_QNhwHC1vnYq56k8eeTO,application/pdf,2015-09-29,361866
Leal Trust Administration Litigation/Trust Administration/LEAL TRUST PARTNERSHIP FINANCIALS/LOANS DEEDS/TCFCU Ram 2500 loan docs.pdf,1tQH-kk1N5E36prOWsAnX6f1ATXx5uciZ,application/pdf,2024-08-27,1748533
Leal Trust Administration Litigation/Trust Administration/LEAL TRUST PARTNERSHIP FINANCIALS/LOL Equity,1lQuto_nO8LCvEVJCMbU3g6REnL-NY1Pl,application/vnd.google-apps.folder,2026-07-31,
Leal Trust Administration Litigation/Trust Administration/LEAL TRUST PARTNERSHIP FINANCIALS/LOL Equity/2017201 Equity Statement.pdf,1-5HJCmhuoe1K1QzBT71uLrn5M5SZIWJs,application/pdf,2024-08-23T20:21:52Z,43585
Leal Trust Administration Litigation/Trust Administration/LEAL TRUST PARTNERSHIP FINANCIALS/LOL Equity/Ag Service Patronage Statement.pdf,1pchEBeLi5N-MQHsikFVRVxzLb6EbLe_B,application/pdf,2013-11-20T14:01:30Z,10347
Leal Trust Administration Litigation/Trust Administration/LEAL TRUST PARTNERSHIP FINANCIALS/LOL Equity/Dairy Foods Patronage Statement.pdf,1Tq_ex4dtvuRmig9EwofoYaLsFZOewSCk,application/pdf,2013-11-20T14:01:41Z,10905
Leal Trust Administration Litigation/Trust Administration/LEAL TRUST PARTNERSHIP FINANCIALS/LOL Equity/Equity Ownership Statement.pdf,19GrWOnXUglo9t5ZW-sA0WFPoqZQ9eFsP,application/pdf,2013-11-20T14:01:48Z,11288
Leal Trust Administration Litigation/Trust Administration/LEAL TRUST PARTNERSHIP FINANCIALS/LOL Equity/equity statement explained.pdf,18vYd8KXQyeiUBTEWq3FSLCdoqKUH4gsO,application/pdf,2013-11-20T14:01:19Z,196562
Leal Trust Administration Litigation/Trust Administration/LEAL TRUST PARTNERSHIP FINANCIALS/LOL Equity/Estimated Equity Revolvement.pdf,1QBDE8Mkqw1xN8KwJhkGhPYa1VS9CoPmh,application/pdf,2013-11-20T14:01:55Z,13891
Leal Trust Administration Litigation/Trust Administration/LEAL TRUST PARTNERSHIP FINANCIALS/Manuel Leal & Son Dairy 2019 Tax Returns.pdf,1nS7ZsiTpUri-VR_GVPxOzchsDVn9wLn6,application/pdf,2020-10-27T16:17:26Z,692122
Leal Trust Administration Litigation/Trust Administration/LEAL TRUST PARTNERSHIP FINANCIALS/Manuel Leal AJEs.QBJ,1tDO8Mge-bV_MUKUfwPxWZDpR_M3kWqcF,application/octet-stream,2021-06-04T21:44:15Z,126536
Leal Trust Administration Litigation/Trust Administration/LEAL TRUST PARTNERSHIP FINANCIALS/Manuel Leal AJEs.xlsx,1yqjmNBGZ_PbNaBoQ478OJ8j07tUevz4F,application/vnd.openxmlformats-officedocument.spreadsheetml.sheet,2021-06-04T21:44:15Z,29633
Leal Trust Administration Litigation/Trust Administration/LEAL TRUST PARTNERSHIP FINANCIALS/Manuel Leal BS.pdf,1OlFPhJ0CTfUZJ7qzfeeCbPWsQJlm3PEW,application/pdf,2021-06-04T21:44:15Z,73452
Leal Trust Administration Litigation/Trust Administration/LEAL TRUST PARTNERSHIP FINANCIALS/Partnership Income Summary.xlsx,1DmhLNVkWCbkkQfElucoFJhEx4yF5GEp2,application/vnd.openxmlformats-officedocument.spreadsheetml.sheet,2025-10-02T23:59:10Z,22129
Leal Trust Administration Litigation/Trust Administration/LEAL TRUST PARTNERSHIP FINANCIALS/QB_Manuel_Leal_Dairy 10.5.2009 Tax Form History,1jsyNNuSXO0Hl9Ptpp8o9RNJuW0l_ZnmQ,application/vnd.google-apps.folder,2026-07-31,
Leal Trust Administration Litigation/Trust Administration/LEAL TRUST PARTNERSHIP FINANCIALS/QB_Manuel_Leal_Dairy 10.5.2009 Tax Form History/CADE9,1GXAadepNu4CpoiRCeqGTQjxIqExFe_gs,application/vnd.google-apps.folder,2026-07-31,
Leal Trust Administration Litigation/Trust Administration/LEAL TRUST PARTNERSHIP FINANCIALS/QB_Manuel_Leal_Dairy 10.5.2009 Tax Form History/CADE9/20151231_CADE9.pdf,1shgaPYGJhZ1RPcZVSBUkC53xFsnFkYDW,application/pdf,2016-01-07,21161
Leal Trust Administration Litigation/Trust Administration/LEAL TRUST PARTNERSHIP FINANCIALS/QB_Manuel_Leal_Dairy 10.5.2009 Tax Form History/CADE9/20160331_CADE9.pdf,17O6Ft2GwQ7vkdi8K8nwnhQomtnd41tSL,application/pdf,2016-04-22,21168
Leal Trust Administration Litigation/Trust Administration/LEAL TRUST PARTNERSHIP FINANCIALS/QB_Manuel_Leal_Dairy 10.5.2009 Tax Form History/CADE9C,1sRQwLsEh0DLMmEGICxqG9gXlXO3TdRzu,application/vnd.google-apps.folder,2026-07-31,
Leal Trust Administration Litigation/Trust Administration/LEAL TRUST PARTNERSHIP FINANCIALS/QB_Manuel_Leal_Dairy 10.5.2009 Tax Form History/CADE9C/20150930_CADE9C.pdf,1xwdoMcFjI0UNDwH17Kvy_7ZyHTGIknwt,application/pdf,2016-01-07,24143
Leal Trust Administration Litigation/Trust Administration/LEAL TRUST PARTNERSHIP FINANCIALS/QB_Manuel_Leal_Dairy 10.5.2009 Tax Form History/CADE9C/20151231_CADE9C.pdf,1-H8gZ6hQi3Lwb-i3g0RCJyKU3m1698hj,application/pdf,2016-01-07,24273
Leal Trust Administration Litigation/Trust Administration/LEAL TRUST PARTNERSHIP FINANCIALS/QB_Manuel_Leal_Dairy 10.5.2009 Tax Form History/CADE9C/20160331_CADE9C.pdf,1PVSy8dDOMhxCAHDewa4MSnE-acOBtPWb,application/pdf,2016-04-22,25725
Leal Trust Administration Litigation/Trust Administration/LEAL TRUST PARTNERSHIP FINANCIALS/QB_Manuel_Leal_Dairy 10.5.2009 Tax Form History/INWKS943,1rxRa19NvCHDsE4RHLqyOtMDGcZDrcu5a,application/vnd.google-apps.folder,2026-07-31,
Leal Trust Administration Litigation/Trust Administration/LEAL TRUST PARTNERSHIP FINANCIALS/QB_Manuel_Leal_Dairy 10.5.2009 Tax Form History/INWKS943/20151231_INWKS943.pdf,1RMSZGRtnojm_d8b9J-wf_al-ffPKQK22,application/pdf,2016-01-08,31316
Leal Trust Administration Litigation/Trust Administration/LEAL TRUST PARTNERSHIP FINANCIALS/QB_Manuel_Leal_Dairy 10.5.2009 Tax Form History/W2INTRV1,1aH3pKVf0cDhKq1BdVj-ce4YMBKsNoDFL,application/vnd.google-apps.folder,2026-07-31,
Leal Trust Administration Litigation/Trust Administration/LEAL TRUST PARTNERSHIP FINANCIALS/QB_Manuel_Leal_Dairy 10.5.2009 Tax Form History/W2INTRV1/20151231_W2INTRV1.pdf,1CfzswGaJXp54Vuc77paiz-8Wi58eOxoZ,application/pdf,2016-02-03,61570
Leal Trust Administration Litigation/Trust Administration/LEAL TRUST PARTNERSHIP FINANCIALS/Tax Returns - Leal Dairy,1wVOfCb1ySAGTWTRpuEVL-iXZtXQKrT9G,application/vnd.google-apps.folder,2026-07-31,
Leal Trust Administration Litigation/Trust Administration/LEAL TRUST PARTNERSHIP FINANCIALS/Tax Returns - Leal Dairy/2020 Manuel Leal Dairy TR.pdf,15p_fJp_XnIZh6Zi4PXSvoStWE7zfAivE,application/pdf,2022-06-14,707575
Leal Trust Administration Litigation/Trust Administration/LEAL TRUST PARTNERSHIP FINANCIALS/Tax Returns - Leal Dairy/2021 MANUEL LEAL & SON DAIRY-21222 Partnership Government CopyV1.pdf,1I01-cRY4CjCdiz0O41IZfJOX0nuCoQkO,application/pdf,2024-01-23,775270
Leal Trust Administration Litigation/Trust Administration/LEAL TRUST PARTNERSHIP FINANCIALS/Tax Returns - Leal Dairy/2022 MANUEL LEAL & SON DAIRY-21222 Partnership Government CopyV1.pdf,1NYjpL9xYDMFXyHoNDy3IHkmgkUQc9dEa,application/pdf,2024-01-23,1091270
Leal Trust Administration Litigation/Trust Administration/LEAL TRUST PARTNERSHIP FINANCIALS/Tax Returns - Leal Dairy/Manuel Leal & Son Dairy 2015 TAX.PDF,1fZH6vkIhk5xzAbGd3QhGjGp232Rxy9de,application/pdf,2021-02-11,537990
Leal Trust Administration Litigation/Trust Administration/LEAL TRUST PARTNERSHIP FINANCIALS/Tax Returns - Leal Dairy/Manuel Leal & Son Dairy 2016 TAX.PDF,19prygbdMsod4fT7AXlV5vlIt9T8OjeP3,application/pdf,2021-02-11,526530
Leal Trust Administration Litigation/Trust Administration/LEAL TRUST PARTNERSHIP FINANCIALS/Tax Returns - Leal Dairy/Manuel Leal & Son Dairy 2017 TAX.PDF,14124clQZ0MHs1SfqK6MFpXrGaXX3X2V3,application/pdf,2021-02-11,679442
Leal Trust Administration Litigation/Trust Administration/LEAL TRUST PARTNERSHIP FINANCIALS/Tax Returns - Leal Dairy/Manuel Leal & Son Dairy 2018 TAX.PDF,10Ojyd1ifVjt0JCuMMSwjueJtGKBIkI36,application/pdf,2021-02-11,685286
Leal Trust Administration Litigation/Trust Administration/LEAL TRUST PARTNERSHIP FINANCIALS/Tax Returns - Leal Dairy/Manuel Leal & Son Dairy 2019 TAX.PDF,1vucfDRjvdCFsPi6aq27Xzm4pVR_aMsvF,application/pdf,2021-02-11,713701
Leal Trust Administration Litigation/Trust Administration/LEAL TRUST PARTNERSHIP FINANCIALS/Taxes 2013,10U23fTjoXNb28Nj_vNtTO07IQ4XkZZT-,application/vnd.google-apps.folder,2026-07-31,
Leal Trust Administration Litigation/Trust Administration/LEAL TRUST PARTNERSHIP FINANCIALS/Taxes 2013/2013 Taxes,1OYvTN6pKVQ1TRyvY4kYVdL9YxXH_2awy,application/vnd.google-apps.folder,2026-07-31,
Leal Trust Administration Litigation/Trust Administration/LEAL TRUST PARTNERSHIP FINANCIALS/Taxes 2013/2013 Taxes/Cattle Inventory 2013.pdf,1F_bjM0BTO1ieNRnmZNWS_0lhUdsa2nM9,application/pdf,2014-01-30,737455
Leal Trust Administration Litigation/Trust Administration/LEAL TRUST PARTNERSHIP FINANCIALS/Taxes 2013/2013 Taxes/Citizens dec13.pdf,1Ja0TxCgLU6uuxnxX_X-nYQGsIU-QtQjj,application/pdf,2014-01-30,3703234
Leal Trust Administration Litigation/Trust Administration/LEAL TRUST PARTNERSHIP FINANCIALS/Taxes 2013/2013 Taxes/crops 2013.xlsx,1kv2mbBOKbYT-YMLw-5nDiGc-8tiNCLt7,application/vnd.openxmlformats-officedocument.spreadsheetml.sheet,2014-01-30,13898
Leal Trust Administration Litigation/Trust Administration/LEAL TRUST PARTNERSHIP FINANCIALS/Taxes 2013/2013 Taxes/Farm Credit 2013.pdf,1fFUiCHuFdLUH0tP8taWkRcIvRChEiHPY,application/pdf,2014-01-30,378153
"Leal Trust Administration Litigation/Trust Administration/LEAL TRUST PARTNERSHIP FINANCIALS/Taxes 2013/2013 Taxes/QB_Manuel_Leal_Dairy 10.5.2009 (QuickBooks2013 Acct Transfer Jan 29,2014  05 48 PM).QBX",1ePWvKVpIsBy3exr2eqQ2ZPVi2Bcq5evS,application/octet-stream,2014-01-30,18442240
Leal Trust Administration Litigation/Trust Administration/LEAL TRUST PARTNERSHIP FINANCIALS/Taxes 2013/2013 Taxes/RJ Dec13.pdf,1FnZ6gKAVtO9mkFVdJ3FTvXS7HCfZwTdZ,application/pdf,2014-01-30,21280
Leal Trust Administration Litigation/Trust Administration/LEAL TRUST PARTNERSHIP FINANCIALS/Taxes 2013/Hazel 1099 Div.pdf,1IqZfnk39VpX5xKjskAxwJydTHtQ-bkHW,application/pdf,2014-02-19,372195
Leal Trust Administration Litigation/Trust Administration/LEAL TRUST PARTNERSHIP FINANCIALS/Taxes 2013/Jace Leal Tax 2013.pdf,1WedeXbuFKPOoltOtA2XzNtbL4WqZijNQ,application/pdf,2014-02-19,741829
Leal Trust Administration Litigation/Trust Administration/LEAL TRUST PARTNERSHIP FINANCIALS/Taxes 2013/JaceLeal MerrillEdge 2013 1099.pdf,1tg_taNGTmzBpyPsL7UM2UL8P3K3Ytzs5,application/pdf,2014-02-19,56481
Leal Trust Administration Litigation/Trust Administration/LEAL TRUST PARTNERSHIP FINANCIALS/Taxes 2013/JaceLeal Roth 2013.pdf,12SEPEXAmSJbtxYiHckZKt8Ta2gb3spBI,application/pdf,2014-02-19,242534
Leal Trust Administration Litigation/Trust Administration/LEAL TRUST PARTNERSHIP FINANCIALS/Taxes 2013/manuel 1099-div 2013.pdf,1LkI8OGvTUyJUnGMaMWbHLOXyMsla4ylv,application/pdf,2014-02-19,377619
Leal Trust Administration Litigation/Trust Administration/LEAL TRUST PARTNERSHIP FINANCIALS/Taxes 2013/ManuelLeal SSA Statement.pdf,1BmO62nXXjbk01q3-vh8BUH4gZXOSw4SO,application/pdf,2014-02-19,467232
Leal Trust Administration Litigation/Trust Administration/LEAL TRUST PARTNERSHIP FINANCIALS/Taxes 2013/Steve Marla K-1.pdf,1oTsp3WtIRjIpYSKgBzwnE_c1gACAR0cN,application/pdf,2014-02-19,1696422
Leal Trust Administration Litigation/Trust Administration/LEAL TRUST PARTNERSHIP FINANCIALS/Taxes 2013/SteveLeal - 2013 1099 Vanguard brokerage.pdf,1qbD3DnXVmOGtCkm7Wi08bxJG7cjFM10Y,application/pdf,2014-02-19,109175
Leal Trust Administration Litigation/Trust Administration/LEAL TRUST PARTNERSHIP FINANCIALS/Taxes 2013/SteveLeal - 2013 1099-DIV.pdf,1V0fRjvs_9JJMi-yClgskVQGR_YBTwE3X,application/pdf,2014-02-19,42597
Leal Trust Administration Litigation/Trust Administration/LEAL TRUST PARTNERSHIP FINANCIALS/Taxes 2013/SteveLeal - 2013 Vanguard foreign Tax.pdf,1DMztpW_eYDE60BAT6D4LFhQdH4zQk_wF,application/pdf,2014-02-19,41145
Leal Trust Administration Litigation/Trust Administration/LEAL TRUST PARTNERSHIP FINANCIALS/Taxes 2013/SteveMarla Misc Tax 2013.pdf,1WU5PrHlypPOwxkLZU-QSXpXXiGlpGkg-,application/pdf,2014-02-19,1522935
Leal Trust Administration Litigation/Trust Administration/LEAL TRUST PARTNERSHIP FINANCIALS/Taxes 2014,1q7KJZDd7wYRwy-IOi2IDDd1p1dqHix4u,application/vnd.google-apps.folder,2026-07-31,
Leal Trust Administration Litigation/Trust Administration/LEAL TRUST PARTNERSHIP FINANCIALS/Taxes 2014/Accountant Changes 12.31.14.pdf,1RgKBfuN2P0JTGiiwYf0aP2lBMlA1Qzpa,application/pdf,2015-03-23,572922
Leal Trust Administration Litigation/Trust Administration/LEAL TRUST PARTNERSHIP FINANCIALS/Taxes 2014/CROPS 2014.xlsx,1EGX0jQQAXd3fKrUBogbkAZ3vrVXHHp_l,application/vnd.openxmlformats-officedocument.spreadsheetml.sheet,2017-01-20,13862
Leal Trust Administration Litigation/Trust Administration/LEAL TRUST PARTNERSHIP FINANCIALS/Taxes 2014/CROPS 2016.xlsx,1P5llEX59ulh3TZvEnlzdlMvT-044VejH,application/vnd.openxmlformats-officedocument.spreadsheetml.sheet,2017-01-20,13815
Leal Trust Administration Litigation/Trust Administration/LEAL TRUST PARTNERSHIP FINANCIALS/Taxes 2014/CROPS PRODUCTION.xlsx,1fpB0QR7dYOaJjuKQ7mwmQI7QqSWOYKd4,application/vnd.openxmlformats-officedocument.spreadsheetml.sheet,2016-01-21,19033
Leal Trust Administration Litigation/Trust Administration/LEAL TRUST PARTNERSHIP FINANCIALS/Taxes 2014/draft FS 12.31.14.pdf,1BA7Xuc1bMmH5sn--uJnShOFiSydmrThi,application/pdf,2015-03-13,5493721
Leal Trust Administration Litigation/Trust Administration/LEAL TRUST PARTNERSHIP FINANCIALS/Taxes 2014/farm credit 2014.pdf,1y3QyterTL1sVzLj0fCz3g-3Bs2KitWIx,application/pdf,2015-02-24,502554
Leal Trust Administration Litigation/Trust Administration/LEAL TRUST PARTNERSHIP FINANCIALS/Taxes 2014/inventory.pdf,1AU919RYnjdld2nTaQBlpFb6Prp-vWm3s,application/pdf,2015-02-24,1816631
Leal Trust Administration Litigation/Trust Administration/LEAL TRUST PARTNERSHIP FINANCIALS/Taxes 2014/Jace 2014,17-Pjdg2Bg4a80nMFAtMYnYnU-g4QpI45,application/vnd.google-apps.folder,2026-07-31,
Leal Trust Administration Litigation/Trust Administration/LEAL TRUST PARTNERSHIP FINANCIALS/Taxes 2014/Jace 2014/JACE Merrill Lynch 2014.pdf,1AtIxxGWnYWQ16PIAmyUTLFpSDaqFOn2d,application/pdf,2015-03-27,75822
Leal Trust Administration Litigation/Trust Administration/LEAL TRUST PARTNERSHIP FINANCIALS/Taxes 2014/Jace 2014/jace w2 1099 2014.pdf,1nSwLDexr0fVSqDpOsGd-0NnKprI82Z7B,application/pdf,2015-03-27,1539632
Leal Trust Administration Litigation/Trust Administration/LEAL TRUST PARTNERSHIP FINANCIALS/Taxes 2014/Jace 2014/JACE wells fargo mortgage 2014.pdf,1syEAkpNTc6YTa7SdJ1lkhuSOLaVFoqFM,application/pdf,2015-03-27,37088
Leal Trust Administration Litigation/Trust Administration/LEAL TRUST PARTNERSHIP FINANCIALS/Taxes 2014/Jace 2014/jace wells interest 2014.pdf,1MCfUPUP3ycN5E7qXOABDGxMIyAc5yjzz,application/pdf,2015-03-27,19965
Leal Trust Administration Litigation/Trust Administration/LEAL TRUST PARTNERSHIP FINANCIALS/Taxes 2014/jordan 2014,1iPNK8wztTQ5t5cR2GJO5zCn7ZpjbCYiL,application/vnd.google-apps.folder,2026-07-31,
Leal Trust Administration Litigation/Trust Administration/LEAL TRUST PARTNERSHIP FINANCIALS/Taxes 2014/jordan 2014/jordan 1098.pdf,1iZxI7xadqHJOy0A5bJ0mNCzexCqexG97,application/pdf,2015-04-14,356375
Leal Trust Administration Litigation/Trust Administration/LEAL TRUST PARTNERSHIP FINANCIALS/Taxes 2014/jordan 2014/Jordan Fidelity Tax 2014.pdf,1QU2Hs4yQ-Eo27Y0g3KJ1zzeeSzeLloIL,application/pdf,2015-03-27,58106
Leal Trust Administration Litigation/Trust Administration/LEAL TRUST PARTNERSHIP FINANCIALS/Taxes 2014/jordan 2014/jordan w2 int 2014.pdf,1ThHZ41vuy3Sim4LME4u95DpRbzNtJq4K,application/pdf,2015-03-27,703724
Leal Trust Administration Litigation/Trust Administration/LEAL TRUST PARTNERSHIP FINANCIALS/Taxes 2014/jordan 2014/jordans mortgage documents.pdf,11j6rrjgmiY5LGyAsTHlqvADy5n_JbHWU,application/pdf,2015-03-27,36285
Leal Trust Administration Litigation/Trust Administration/LEAL TRUST PARTNERSHIP FINANCIALS/Taxes 2014/Leal 2014 tax forms.pdf,1YKokhz_qRUsS9nbaSGjM8qutWEmmOd7K,application/pdf,2015-03-10,3603378
Leal Trust Administration Litigation/Trust Administration/LEAL TRUST PARTNERSHIP FINANCIALS/Taxes 2014/leal dairy tax 2014.pdf,1jwRdq0rwtGkR16A0Vq4oDSGG2dCiVeni,application/pdf,2015-04-02,5540612
Leal Trust Administration Litigation/Trust Administration/LEAL TRUST PARTNERSHIP FINANCIALS/Taxes 2014/Manuel Hazel 2014,1zYam7fCbh03HyISLMrgRObZtA4BJG0mf,application/vnd.google-apps.folder,2026-07-31,
Leal Trust Administration Litigation/Trust Administration/LEAL TRUST PARTNERSHIP FINANCIALS/Taxes 2014/Manuel Hazel 2014/hazel morgan stanley 2014.pdf,1wrBuJnPaAdzr2Fc4g39TlC3Kkxdj5nCr,application/pdf,2015-03-27,3112003
Leal Trust Administration Litigation/Trust Administration/LEAL TRUST PARTNERSHIP FINANCIALS/Taxes 2014/Manuel Hazel 2014/manuel morgan stanley 2014.pdf,1MtWsTarL-2k63b5gi-fcJ_r8hUVy-3G8,application/pdf,2015-03-27,6102856
Leal Trust Administration Litigation/Trust Administration/LEAL TRUST PARTNERSHIP FINANCIALS/Taxes 2014/RJ Dec13.pdf,1E_-arREfHwsqVnY9LsQd76QY0esFDPkH,application/pdf,2015-02-24,21291
Leal Trust Administration Litigation/Trust Administration/LEAL TRUST PARTNERSHIP FINANCIALS/Taxes 2014/Steve 2014,11RHjvwnKl4vqNHb8PNSV1apJ8zxVgVif,application/vnd.google-apps.folder,2026-07-31,
Leal Trust Administration Litigation/Trust Administration/LEAL TRUST PARTNERSHIP FINANCIALS/Taxes 2014/Steve 2014/steve home purchases.pdf,1PRHJmICEttdNVlBuRnepBgyhbLJmsGUX,application/pdf,2015-04-07,1110488
Leal Trust Administration Litigation/Trust Administration/LEAL TRUST PARTNERSHIP FINANCIALS/Taxes 2014/Steve 2014/steve marla k1 2014.pdf,1RwuR1eE8ktIeLQ-A8-P11MJhEqoHMHm_,application/pdf,2015-03-27,2079846
Leal Trust Administration Litigation/Trust Administration/LEAL TRUST PARTNERSHIP FINANCIALS/Taxes 2014/Steve 2014/steve marla tax forms 2014.pdf,18uWjV77Z_VNe64EEy6yUdZ7WU2a7hZyF,application/pdf,2015-03-27,2868992
Leal Trust Administration Litigation/Trust Administration/LEAL TRUST PARTNERSHIP FINANCIALS/Taxes 2014/Steve 2014/Steve sharebuilder 2014.pdf,17KQDA2mABtmL2nL8jyR2TcYxV8J1HjTL,application/pdf,2015-03-27,45452
Leal Trust Administration Litigation/Trust Administration/LEAL TRUST PARTNERSHIP FINANCIALS/Taxes 2014/Steve 2014/steve vanguard 1099 2014.pdf,15FT1to5siHPwkT7j60SbmCzVlEk8C-w5,application/pdf,2015-03-27,118128
Leal Trust Administration Litigation/Trust Administration/LEAL TRUST PARTNERSHIP FINANCIALS/Taxes 2014/Steve 2014/steve vanguard 1099div 2014.pdf,1jPttro19te13fkf5Jp_a6hhes9ybOawB,application/pdf,2015-03-27,43006
Leal Trust Administration Litigation/Trust Administration/LEAL TRUST PARTNERSHIP FINANCIALS/Taxes 2014/Steve 2014/steve vanguard foreign tax 2014.pdf,11kmOdWVt5nNBZOGlQlHLYTKQCfQtWXqE,application/pdf,2015-03-27,40127
Leal Trust Administration Litigation/Trust Administration/LEAL TRUST PARTNERSHIP FINANCIALS/Taxes 2015,1sHARsTkaaw8gFrCkNX5rCxf2TxT-Hs6V,application/vnd.google-apps.folder,2026-07-31,
Leal Trust Administration Litigation/Trust Administration/LEAL TRUST PARTNERSHIP FINANCIALS/Taxes 2015/Dairy,1GnQ0zY2rAG6z1fARraQgGiESra-bZF8S,application/vnd.google-apps.folder,2026-07-31,
Leal Trust Administration Litigation/Trust Administration/LEAL TRUST PARTNERSHIP FINANCIALS/Taxes 2015/Dairy/Farm Credit Interest Summary 2015.pdf,1N9wSiz382R2rjri_LjZ-bZIjVkTwZIYR,application/pdf,2016-03-07,1224594
Leal Trust Administration Litigation/Trust Administration/LEAL TRUST PARTNERSHIP FINANCIALS/Taxes 2015/Dairy/Leal Dairy 1099 MBF Farms.pdf,1Op-AkonT3H-b_6P7r7B2S5DX4kr3s-5C,application/pdf,2016-03-07,1048483
Leal Trust Administration Litigation/Trust Administration/LEAL TRUST PARTNERSHIP FINANCIALS/Taxes 2015/Dairy/Leal Dairy 1099 Rent.pdf,1nsfzDYumBtDmmrAEVly5gLOrua5m-zdk,application/pdf,2016-03-07,1223809
Leal Trust Administration Litigation/Trust Administration/LEAL TRUST PARTNERSHIP FINANCIALS/Taxes 2015/Dairy/Leal Dairy 1099-G USDA.pdf,17XwGnqIm8NPgSApZ_Xdm4W2FRi1ajLIQ,application/pdf,2016-03-07,1086066
Leal Trust Administration Litigation/Trust Administration/LEAL TRUST PARTNERSHIP FINANCIALS/Taxes 2015/Dairy/Leal Dairy Donation.pdf,1EbaQT08maSAdWrTF0Y3uuvoJjG3KAiYB,application/pdf,2016-03-07,860781
Leal Trust Administration Litigation/Trust Administration/LEAL TRUST PARTNERSHIP FINANCIALS/Taxes 2015/Dairy/Leal Dairy Farm Credit Activity 2015.pdf,167cwQZ68t4QdYcGevFDbRlA2RmxCPyYu,application/pdf,2016-03-07,14294420
Leal Trust Administration Litigation/Trust Administration/LEAL TRUST PARTNERSHIP FINANCIALS/Taxes 2015/Dairy/Leal Dairy FCW 1099PATR.pdf,1JMR91ZPS3Yrwr0jCIlgY-muEN1liFgow,application/pdf,2016-03-07,1151869
Leal Trust Administration Litigation/Trust Administration/LEAL TRUST PARTNERSHIP FINANCIALS/Taxes 2015/Dairy/Leal Dairy LOL 1099PATR.pdf,1JYC8UZw3ajf_4upJYJR4xBYdZuJxDxGc,application/pdf,2016-03-07,2827292
Leal Trust Administration Litigation/Trust Administration/LEAL TRUST PARTNERSHIP FINANCIALS/Taxes 2015/Dairy/Leal Dairy RJ OBRIEN 1099.pdf,1WMxgB9BA6AvCkAof0DcUyUBXMISn3dKH,application/pdf,2016-03-07,887793
Leal Trust Administration Litigation/Trust Administration/LEAL TRUST PARTNERSHIP FINANCIALS/Taxes 2015/Dairy/RJ OBRIEN 12.31.15.pdf,1jKbqT_7WuKuJbGQKHyUtWcPtp7KlKjgE,application/pdf,2016-03-02,14421
Leal Trust Administration Litigation/Trust Administration/LEAL TRUST PARTNERSHIP FINANCIALS/Taxes 2015/Hazel Leal 2015 TR.pdf,1RrbvSTR9xF_HY8NFKh2T4lIIq38rSMTo,application/pdf,2018-09-06,658435
Leal Trust Administration Litigation/Trust Administration/LEAL TRUST PARTNERSHIP FINANCIALS/Taxes 2015/Jace,1ZzqPFTjwmEumfWMZvAyDEEeh-9k4emAN,application/vnd.google-apps.folder,2026-07-31,
Leal Trust Administration Litigation/Trust Administration/LEAL TRUST PARTNERSHIP FINANCIALS/Taxes 2015/Jace/Jace Leal  2015 1098-MORT MORTGAGE.pdf,1wLZ7D9hGJkXu_9j2GbAlCVY93B9jYtG3,application/pdf,2016-02-13,13774
Leal Trust Administration Litigation/Trust Administration/LEAL TRUST PARTNERSHIP FINANCIALS/Taxes 2015/Jace/Jace Leal 1040.2013.pdf,148C5YNN9mHp8HnhSJdTZVHYsJZaYXNHH,application/pdf,2016-03-01,4213608
Leal Trust Administration Litigation/Trust Administration/LEAL TRUST PARTNERSHIP FINANCIALS/Taxes 2015/Jace/Jace Leal 1040.2014.pdf,1YW056mCfovvcrpimTJVyEqGm5pksLq7a,application/pdf,2016-03-01,4201121
Leal Trust Administration Litigation/Trust Administration/LEAL TRUST PARTNERSHIP FINANCIALS/Taxes 2015/Jace/Jace Leal 1099 All West.pdf,1OpgCmCDPD9g9aZ7Zb4y1cUIP-KJ9J9YJ,application/pdf,2016-03-07,1094750
Leal Trust Administration Litigation/Trust Administration/LEAL TRUST PARTNERSHIP FINANCIALS/Taxes 2015/Jace/Jace Leal 1099 Tax Refund.pdf,1w7E_AZAPI4Oj7RoB4nR7vGKthdfVGO8R,application/pdf,2016-03-07,771426
Leal Trust Administration Litigation/Trust Administration/LEAL TRUST PARTNERSHIP FINANCIALS/Taxes 2015/Jace/Jace Leal 2015 1099-INT-MRT MORTGAGE.pdf,1WI72iky8y1CeWOMr5av_ARkA50LC3Jia,application/pdf,2016-02-13,11438
Leal Trust Administration Litigation/Trust Administration/LEAL TRUST PARTNERSHIP FINANCIALS/Taxes 2015/Jace/Jace Leal Hay 1099 MBF Farms.pdf,1GIPaem20HdRErBm_QDMsP5srP3htxLXV,application/pdf,2016-03-07,1032272
Leal Trust Administration Litigation/Trust Administration/LEAL TRUST PARTNERSHIP FINANCIALS/Taxes 2015/Jace/Jace Leal Hay 1099 MCLEAL.pdf,15lpQ6q6fkOGcrHBGs9MhvQ_-gDvZmtdz,application/pdf,2016-03-07,1048820
Leal Trust Administration Litigation/Trust Administration/LEAL TRUST PARTNERSHIP FINANCIALS/Taxes 2015/Jace/Jace Leal W2.pdf,1iaBiIzUANG3oO-eVkBpMdS2kA9_jNBS3,application/pdf,2016-03-07,1000902
Leal Trust Administration Litigation/Trust Administration/LEAL TRUST PARTNERSHIP FINANCIALS/Taxes 2015/Jace/Jace Merrill Edge 2015.pdf,160pe9o5G8am_3vB57j-Cyzc-CCOJyEb4,application/pdf,2016-03-02,104132
Leal Trust Administration Litigation/Trust Administration/LEAL TRUST PARTNERSHIP FINANCIALS/Taxes 2015/Jace/JL AG 1065 2014.pdf,1ur2i0pz_h0CqNamecyxrhhA3nArQjkRp,application/pdf,2016-03-02,1861115
Leal Trust Administration Litigation/Trust Administration/LEAL TRUST PARTNERSHIP FINANCIALS/Taxes 2015/Jace/Merrill Edge Jace Leal 1099 2015.pdf,1FX_xf5vH3igicvhFHrcavTiWuBozBdlh,application/pdf,2016-03-25,105457
Leal Trust Administration Litigation/Trust Administration/LEAL TRUST PARTNERSHIP FINANCIALS/Taxes 2015/Jordan,1OsJ0I1fA3rhdpRMuyhLQx2-TIRwsHL59,application/vnd.google-apps.folder,2026-07-31,
Leal Trust Administration Litigation/Trust Administration/LEAL TRUST PARTNERSHIP FINANCIALS/Taxes 2015/Jordan/Jordan Leal 1099 Wells Fargo.pdf,1cs8XiRGHyy_OtCOaZN0u_xWs-xGsQyn0,application/pdf,2016-03-07,1913650
Leal Trust Administration Litigation/Trust Administration/LEAL TRUST PARTNERSHIP FINANCIALS/Taxes 2015/Jordan/Jordan Leal 1099G Tax Refund.pdf,1PLM9AiLRgoDwrq89lJqf1hvwmwHDWf7x,application/pdf,2016-03-07,763954
Leal Trust Administration Litigation/Trust Administration/LEAL TRUST PARTNERSHIP FINANCIALS/Taxes 2015/Jordan/Jordan Leal 1099INT.pdf,1WQhYeLCihd-bW5Lou-kZY0V1-RtSYFrg,application/pdf,2016-03-07,924853
Leal Trust Administration Litigation/Trust Administration/LEAL TRUST PARTNERSHIP FINANCIALS/Taxes 2015/Jordan/Jordan Leal Fidelity 1099.pdf,18DhMdyCpJrOaPHyYnGHY3Vla2iGWj8Vb,application/pdf,2016-03-07,44417
Leal Trust Administration Litigation/Trust Administration/LEAL TRUST PARTNERSHIP FINANCIALS/Taxes 2015/Jordan/Jordan Leal Mortgage Interest.pdf,1IVBys2erZ_yakOdlsKnoF9eMEJtm_3Bm,application/pdf,2016-03-07,1660266
Leal Trust Administration Litigation/Trust Administration/LEAL TRUST PARTNERSHIP FINANCIALS/Taxes 2015/Jordan/Jordan Leal W2.pdf,1j_y2o3thbZpHbLbgTiRWfrFKgsNJzWW4,application/pdf,2016-03-07,1006859
Leal Trust Administration Litigation/Trust Administration/LEAL TRUST PARTNERSHIP FINANCIALS/Taxes 2015/Leal & Son Dairy 2015 TR.pdf,1aLZmXeWXdc12CyHmp29pLYKB_Y_IIe-d,application/pdf,2018-09-06,544544
Leal Trust Administration Litigation/Trust Administration/LEAL TRUST PARTNERSHIP FINANCIALS/Taxes 2015/ManuelHazel,1lAUi8E_nCMrF9B_bxazAMB-rStQ4GCIT,application/vnd.google-apps.folder,2026-07-31,
Leal Trust Administration Litigation/Trust Administration/LEAL TRUST PARTNERSHIP FINANCIALS/Taxes 2015/ManuelHazel/Manuel Leal MorganStanley 1099 2015.pdf,1qDp5DAdr0nk2j0il8D7db8daFg_BmnKa,application/pdf,2016-03-07,3288092
Leal Trust Administration Litigation/Trust Administration/LEAL TRUST PARTNERSHIP FINANCIALS/Taxes 2015/Steve Leal 2015 TR.pdf,1yNERQDctTzEttjdjQoibMKoROeCCKmqw,application/pdf,2018-09-06,679935
Leal Trust Administration Litigation/Trust Administration/LEAL TRUST PARTNERSHIP FINANCIALS/Taxes 2015/SteveMarla,1JnyJZn0SCIApdqADiZD5H07zj1Ejt_e5,application/vnd.google-apps.folder,2026-07-31,
Leal Trust Administration Litigation/Trust Administration/LEAL TRUST PARTNERSHIP FINANCIALS/Taxes 2015/SteveMarla/K1 Marla Leal.pdf,15s_uYEry2Jpyf_t88gg2TQk2kiwm6LYg,application/pdf,2016-03-07,7917868
Leal Trust Administration Litigation/Trust Administration/LEAL TRUST PARTNERSHIP FINANCIALS/Taxes 2015/SteveMarla/Marla Leal 1099INT.pdf,1R9Uc1xTV4pM5mryX86oRY1qP8FaPz9I9,application/pdf,2016-03-07,925251
Leal Trust Administration Litigation/Trust Administration/LEAL TRUST PARTNERSHIP FINANCIALS/Taxes 2015/SteveMarla/Sharebuilder 1099 steve 2015.pdf,12inP3WTfg96mawb6FY4IwMHeQLdWpjAg,application/pdf,2016-03-17,51931
Leal Trust Administration Litigation/Trust Administration/LEAL TRUST PARTNERSHIP FINANCIALS/Taxes 2015/SteveMarla/Steve 1099-DIV.pdf,1VqEw9tzJIKDg-xkAvYxVdhLWylqgqFCQ,application/pdf,2016-03-07,42781
Leal Trust Administration Litigation/Trust Administration/LEAL TRUST PARTNERSHIP FINANCIALS/Taxes 2015/SteveMarla/Steve foreign tax paid.pdf,1o5aDAG3kHK1I30oQa7M44XDijiC_-eDI,application/pdf,2016-03-07,40039
Leal Trust Administration Litigation/Trust Administration/LEAL TRUST PARTNERSHIP FINANCIALS/Taxes 2015/SteveMarla/Steve Leal 1099 INT INCOME.pdf,1GRoYH7gnctcH-FVr-TI0aZYoAbNiAcNR,application/pdf,2016-03-07,1013552
Leal Trust Administration Litigation/Trust Administration/LEAL TRUST PARTNERSHIP FINANCIALS/Taxes 2015/SteveMarla/Steve Leal 1099 Rent.pdf,1xAW6vZ5lj_oIO4iyBMbW7u7FLI_7vujb,application/pdf,2016-03-07,1222652
Leal Trust Administration Litigation/Trust Administration/LEAL TRUST PARTNERSHIP FINANCIALS/Taxes 2015/SteveMarla/Steve Leal Chicago Title Buyers Statement.pdf,1SyRngOH1GD8mou87FEB7KiRJdjOIsIJv,application/pdf,2016-03-07,1216317
Leal Trust Administration Litigation/Trust Administration/LEAL TRUST PARTNERSHIP FINANCIALS/Taxes 2015/SteveMarla/Steve Marla Leal 1099-INT Loan Care.pdf,1rUeO3RJIvuGBocyAfdyTqqE5wQigZtg3,application/pdf,2016-03-07,1098574
Leal Trust Administration Litigation/Trust Administration/LEAL TRUST PARTNERSHIP FINANCIALS/Taxes 2015/SteveMarla/Steve Vanguard 1099.pdf,1ieE7asWlEyMji3BmjrrEXzien4xebL3S,application/pdf,2016-03-07,128666
Leal Trust Administration Litigation/Trust Administration/LEAL TRUST PARTNERSHIP FINANCIALS/Taxes 2016,1477syXgFx9zQI0APxZBGOegDIXE9Hotd,application/vnd.google-apps.folder,2026-07-31,
Leal Trust Administration Litigation/Trust Administration/LEAL TRUST PARTNERSHIP FINANCIALS/Taxes 2016/county line gin 2017.pdf,1bueyPwVFXm95U-wLKq0eUYQxMMoCcF1m,application/pdf,2017-03-01,423113
Leal Trust Administration Litigation/Trust Administration/LEAL TRUST PARTNERSHIP FINANCIALS/Taxes 2016/FCW 2016.pdf,1RN66mJSuPkjvZuRIxrOvb0wHcNl10aGw,application/pdf,2017-03-01,840523
Leal Trust Administration Litigation/Trust Administration/LEAL TRUST PARTNERSHIP FINANCIALS/Taxes 2016/For Trigs Six 2017 K1.pdf,11o2PqMW1UEC9wnVCQ7jlVBy2QCFdVrPH,application/pdf,2017-03-01,705464
Leal Trust Administration Litigation/Trust Administration/LEAL TRUST PARTNERSHIP FINANCIALS/Taxes 2016/LOL 1099-patr.pdf,1pm2gzsMHThDaM1JFG5irovqCtCwTNe5e,application/pdf,2017-03-01,727119
Leal Trust Administration Litigation/Trust Administration/LEAL TRUST PARTNERSHIP FINANCIALS/Taxes 2016/Marla tcfcu 1099-int.pdf,1t9B8qV1StB0zktTzrr6xVuupYZ_2vtxP,application/pdf,2017-03-01,229073
Leal Trust Administration Litigation/Trust Administration/LEAL TRUST PARTNERSHIP FINANCIALS/Taxes 2016/Partnership LEAL DAIRY.pdf,18_-Mc_sOkSibog_5l-YJptwMUVUtOLQR,application/pdf,2017-03-01,52860
Leal Trust Administration Litigation/Trust Administration/LEAL TRUST PARTNERSHIP FINANCIALS/Taxes 2016/RJ O'Brien 2017 1099.pdf,15zX8lXQ8rUyFf6pBFNGl9sLjZFC04Lq2,application/pdf,2017-03-01,2192493
Leal Trust Administration Litigation/Trust Administration/LEAL TRUST PARTNERSHIP FINANCIALS/Taxes 2016/Steve sharebuilder 1099.pdf,1cwJpBY5goPQMmsj4n2nHEPqQvnJUrXK2,application/pdf,2017-03-01,48193
Leal Trust Administration Litigation/Trust Administration/LEAL TRUST PARTNERSHIP FINANCIALS/Taxes 2016/Steve.Marla bankston rental 1099.pdf,1ZuR4tpqe2NDO6dZ7ngi34J9sGW6WUEEd,application/pdf,2017-03-01,976544
Leal Trust Administration Litigation/Trust Administration/LEAL TRUST PARTNERSHIP FINANCIALS/Taxes 2016/Steve.Marla ca tax 1099.pdf,1r6bGLvNicB6O4UecxVQ1PDLlZ704xc8s,application/pdf,2017-03-01,322182
Leal Trust Administration Litigation/Trust Administration/LEAL TRUST PARTNERSHIP FINANCIALS/Taxes 2016/Steve.Marla loancare 1099.pdf,1KDyoIDRvXARO4VfW0smYbcShN5hSwYV4,application/pdf,2017-03-01,1170341
Leal Trust Administration Litigation/Trust Administration/LEAL TRUST PARTNERSHIP FINANCIALS/Taxes 2016/Steve.Marla Vanguard 1099.pdf,1HKmI-FsD9wDcyOVOKGx3hmlaQ4IkcBHz,application/pdf,2017-03-01,52860
Leal Trust Administration Litigation/Trust Administration/LEAL TRUST PARTNERSHIP FINANCIALS/Taxes 2017,1pPpEeVzwLk1zxRjHsuyTnQ-wQtXQBqmv,application/vnd.google-apps.folder,2026-07-31,
Leal Trust Administration Litigation/Trust Administration/LEAL TRUST PARTNERSHIP FINANCIALS/Taxes 2017/Leal Steve & Marla 2017 TR.pdf,1AYQstiJ6_LpnWsJT9qL8tjacTwrucZE_,application/pdf,2020-02-05,692621
Leal Trust Administration Litigation/Trust Administration/LEAL TRUST PARTNERSHIP FINANCIALS/Taxes 2017/LOL DPAD 2017.pdf,1cjFmKBc1ywOmHi2-b1zigMoGNg8WaYkT,application/pdf,2017-09-15,373596
Leal Trust Administration Litigation/Trust Administration/LEAL TRUST PARTNERSHIP FINANCIALS/Taxes 2017/MANUEL C. LEAL AND SON DAIRY 2017 TAX RETURN.pdf,1XvRPygAHDEXIdfIlNLB3NpDyd7C2AHZd,application/pdf,2020-02-06,679442
Leal Trust Administration Litigation/Trust Administration/LEAL TRUST PARTNERSHIP FINANCIALS/Taxes 2017/Manuel Leal & Son Dairy 2017 TR.pdf,1sCJu63OWX8sRmlAN0ZlTHZufr4G_LHes,application/pdf,2018-09-17,611602
Leal Trust Administration Litigation/Trust Administration/LEAL TRUST PARTNERSHIP FINANCIALS/Taxes 2017/Manuel Leal trust Morgan Stanley 1099.pdf,1j_QOGXtGWPOusI2qLp4EL2dw5jZ52_7p,application/pdf,2018-09-06,3047430
Leal Trust Administration Litigation/Trust Administration/LEAL TRUST PARTNERSHIP FINANCIALS/Taxes 2017/MC Leal tax forms 2017.pdf,1dpXJAPxJFiDjny0NC0IIUgsXmdp2YAkW,application/pdf,2018-03-27,6864972
Leal Trust Administration Litigation/Trust Administration/LEAL TRUST PARTNERSHIP FINANCIALS/Taxes 2017/rj obrien 12.31.17.pdf,1GnTEUKS5-Yd41nOy_fWK-S6deUs3aT9Q,application/pdf,2018-03-27,35758
Leal Trust Administration Litigation/Trust Administration/LEAL TRUST PARTNERSHIP FINANCIALS/Taxes 2017/Steve & Marla Leal 2017 tax returns.pdf,1Y7N07_eVYhUf2BbaF_WP13qf_HkwCpbW,application/pdf,2018-10-12,558041
Leal Trust Administration Litigation/Trust Administration/LEAL TRUST PARTNERSHIP FINANCIALS/Taxes 2017/Steve Capital One 1099 2017.pdf,1nGMQsSs9usjPH5nXIMfX00BaTjqsfufy,application/pdf,2018-09-06,46198
Leal Trust Administration Litigation/Trust Administration/LEAL TRUST PARTNERSHIP FINANCIALS/Taxes 2017/steve tax forms 2017.pdf,1Gz_Zoz1JGMPCWz0Hq6v8KoC0S1LVzBt7,application/pdf,2018-09-06,7662886
Leal Trust Administration Litigation/Trust Administration/LEAL TRUST PARTNERSHIP FINANCIALS/Taxes 2017/Steve Vanguard 1099 2017.pdf,1852P5IYNRWj-5wFjDw6LDoL8cK5x56MN,application/pdf,2018-09-06,120382
Leal Trust Administration Litigation/Trust Administration/LEAL TRUST PARTNERSHIP FINANCIALS/Taxes 2018,1ddoPmYThmbORczkc0XJ0NtLNWLyQlOTx,application/vnd.google-apps.folder,2026-07-31,
Leal Trust Administration Litigation/Trust Administration/LEAL TRUST PARTNERSHIP FINANCIALS/Taxes 2018/Bankston Cash Flow 2018.pdf,1gbTSAXnWs3ekR-wSYheTXnVielbHV0as,application/pdf,2019-03-14,805805
Leal Trust Administration Litigation/Trust Administration/LEAL TRUST PARTNERSHIP FINANCIALS/Taxes 2018/Frazer inventory 2019-01-31.pdf,1l2F2_RjaHlHcbcfT1DbBzJkj-MLpgNrQ,application/pdf,2019-01-31,1276713
Leal Trust Administration Litigation/Trust Administration/LEAL TRUST PARTNERSHIP FINANCIALS/Taxes 2018/Leal Dairy 2018 1099s etc.pdf,1csuzgpS4prhYQUh0Zh6plI-RhuR2fePV,application/pdf,2019-03-14,3179891
Leal Trust Administration Litigation/Trust Administration/LEAL TRUST PARTNERSHIP FINANCIALS/Taxes 2018/Leal Steve & Marla 2018 TR.pdf,180Bx_MJ6QXnVmg74RrrTEv8YYPLJfrLw,application/pdf,2020-02-05,1147230
Leal Trust Administration Litigation/Trust Administration/LEAL TRUST PARTNERSHIP FINANCIALS/Taxes 2018/MANUEL C. LEAL AND SON DAIRY 2018 TAX RETURN.pdf,13WH56KWc-pAnFPjYmgraSessPex3X9vX,application/pdf,2020-02-06,685286
Leal Trust Administration Litigation/Trust Administration/LEAL TRUST PARTNERSHIP FINANCIALS/Taxes 2018/Steve Marla,12yUXsz8CJWVzYVBpxMYpMT9KWII3r_Y0,application/vnd.google-apps.folder,2026-07-31,
Leal Trust Administration Litigation/Trust Administration/LEAL TRUST PARTNERSHIP FINANCIALS/Taxes 2018/Steve Marla/2018_RSL_1099INT_SteveLeal.pdf,1CvBMxTKVosHhP3K9KnPFT1vLxZzvdwHS,application/pdf,2019-04-11,123242
Leal Trust Administration Litigation/Trust Administration/LEAL TRUST PARTNERSHIP FINANCIALS/Taxes 2018/Steve Marla/Bankston Cash Flow 2018.pdf,1-SAYcNkZ3q-nXX1F01HnqUXiMnWzPkl6,application/pdf,2019-04-11,805805
Leal Trust Administration Litigation/Trust Administration/LEAL TRUST PARTNERSHIP FINANCIALS/Taxes 2018/Steve Marla/for trigs six 2018 K1.pdf,1RzVmukzUgrH4B5tkRFWVo7Oamt49l_Bw,application/pdf,2019-04-11,3000586
Leal Trust Administration Litigation/Trust Administration/LEAL TRUST PARTNERSHIP FINANCIALS/Taxes 2018/Steve Marla/Steve - Bankston rentals 1099 2018.pdf,1rVFpAlAuodgLDXS0hOgd08np4hH2IJM4,application/pdf,2019-04-11,862915
Leal Trust Administration Litigation/Trust Administration/LEAL TRUST PARTNERSHIP FINANCIALS/Taxes 2018/Steve Marla/Steve E-Trade 1099 2018.pdf,1YpmPRZIs3wkIdqlSi2mR7F2qCOebeSG1,application/pdf,2019-04-11,46427
Leal Trust Administration Litigation/Trust Administration/LEAL TRUST PARTNERSHIP FINANCIALS/Taxes 2018/Steve Marla/steve marla misc tax info 2018.pdf,1JZWxJyVWvvLb79TB_A5iV3mCqbfQRFy_,application/pdf,2019-04-11,1392396
Leal Trust Administration Litigation/Trust Administration/LEAL TRUST PARTNERSHIP FINANCIALS/Taxes 2018/Steve Marla/Steve vanguard  1099 2018.pdf,11lbgHs6lEZ9CuVvMUHMSbfVlWtxa8Xju,application/pdf,2019-04-11,123903
Leal Trust Administration Litigation/Trust Administration/LEAL TRUST PARTNERSHIP FINANCIALS/Taxes 2019,1RB0qINDJ1wd6-0LR6rLfg-Sh5LlXhWo1,application/vnd.google-apps.folder,2026-07-31,
Leal Trust Administration Litigation/Trust Administration/LEAL TRUST PARTNERSHIP FINANCIALS/Taxes 2019/2019 Bankston 1099 Steve.pdf,1oAslnQYBJbWmMMiR-8S_CWWckJwVQm7l,application/pdf,2020-07-01,289901
Leal Trust Administration Litigation/Trust Administration/LEAL TRUST PARTNERSHIP FINANCIALS/Taxes 2019/2019 For Trigs Six K1.pdf,14jvZxscW47e5aly6YXW4A6bRiRiHPlPF,application/pdf,2020-07-01,2865629
Leal Trust Administration Litigation/Trust Administration/LEAL TRUST PARTNERSHIP FINANCIALS/Taxes 2019/2625 Arciero 2019.pdf,1FMusrO5sqmFu8gavpPcSDDOuYqwCleuh,application/pdf,2020-03-19,66468
Leal Trust Administration Litigation/Trust Administration/LEAL TRUST PARTNERSHIP FINANCIALS/Taxes 2019/6907 ave 228 2019.pdf,14ug4d4Y-z53puUxgNLvd7Y782nmgp3-T,application/pdf,2020-03-19,63674
Leal Trust Administration Litigation/Trust Administration/LEAL TRUST PARTNERSHIP FINANCIALS/Taxes 2019/6935 ave 228 2019.pdf,1aMcqpc_oygRonlBIDBaDoc0_XW0M2pEa,application/pdf,2020-03-19,67296
Leal Trust Administration Litigation/Trust Administration/LEAL TRUST PARTNERSHIP FINANCIALS/Taxes 2019/813 E. Pleasant 2019.pdf,1dmB0T7KJAdn6Cbv9bmitT2FP8bc9xSbc,application/pdf,2020-03-19,62765
Leal Trust Administration Litigation/Trust Administration/LEAL TRUST PARTNERSHIP FINANCIALS/Taxes 2019/ETRADE 2019-1099+Consolidated-1477 Steve.pdf,1tmOqLZllA828SUTo2IIsfzboRUuXIjSh,application/pdf,2020-07-01,44428
Leal Trust Administration Litigation/Trust Administration/LEAL TRUST PARTNERSHIP FINANCIALS/Taxes 2019/Leal dairy 1099s etc 2019.pdf,10s9WnLbPcfY0E-gjZ7qFlMI5PYlxF7Vq,application/pdf,2020-03-19,6358524
Leal Trust Administration Litigation/Trust Administration/LEAL TRUST PARTNERSHIP FINANCIALS/Taxes 2019/LOL dpad statement 2018.pdf,1mXdyOqLSf2fSNy230yedx8cbdWVVSadt,application/pdf,2019-09-20,695341
Leal Trust Administration Litigation/Trust Administration/LEAL TRUST PARTNERSHIP FINANCIALS/Taxes 2019/Vanguard 1099 - 2019 Steve.pdf,1e4vZTQ-OiCE1QZ0eqa_F8YvSqmYDGQG6,application/pdf,2020-07-01,376795
Leal Trust Administration Litigation/Trust Administration/LEAL TRUST PARTNERSHIP FINANCIALS/Taxes 2020,1xwH9lYl0yYrot2TMpwRyxS7jfYvrca7g,application/vnd.google-apps.folder,2026-07-31,
Leal Trust Administration Litigation/Trust Administration/LEAL TRUST PARTNERSHIP FINANCIALS/Taxes 2020/2017201 - Equity Statement.pdf,1KOu1XR0qFQ5a1H_EGl6HEL4uZ4l54Ugh,application/pdf,2021-02-02,49472
Leal Trust Administration Litigation/Trust Administration/LEAL TRUST PARTNERSHIP FINANCIALS/Taxes 2020/2020 LOL 1099 PATR.pdf,1AagCQuPR82JziSa6wIPepTRUL1ALK_01,application/pdf,2021-02-02,775538
Leal Trust Administration Litigation/Trust Administration/LEAL TRUST PARTNERSHIP FINANCIALS/Taxes 2020/Crenshaw documents.pdf,18k9CpqgdEcublvb0lDYfBg1su91dmp8A,application/pdf,2021-04-21,6512494
Leal Trust Administration Litigation/Trust Administration/LEAL TRUST PARTNERSHIP FINANCIALS/Taxes 2020/Leal Dairy 2020 1099s.pdf,1KoOtPOmVG4u-5FtkERufqOPQMRudEhIP,application/pdf,2021-04-21,6983868
Leal Trust Administration Litigation/Trust Administration/LEAL TRUST PARTNERSHIP FINANCIALS/Taxes 2020/SBA Bill.pdf,19vJf7jJrHOFWs6EiyCJTtQ9i78akRwwp,application/pdf,2021-02-02,376913
Leal Trust Administration Litigation/Trust Administration/LEAL TRUST PARTNERSHIP FINANCIALS/Taxes 2020/Steve 2020 1099s misc.pdf,1_qIL7WyJjX5EaAuo1aAIXrJ2TLrOfvhr,application/pdf,2021-04-21,3597733
Leal Trust Administration Litigation/Trust Administration/LEAL TRUST PARTNERSHIP FINANCIALS/Taxes 2020/Steve Etrade 1099 2020.pdf,1vPHJYZ8-W1HK0tnjatpXM4HglmvTSTwS,application/pdf,2021-04-21,48650
Leal Trust Administration Litigation/Trust Administration/LEAL TRUST PARTNERSHIP FINANCIALS/Taxes 2020/Steve Vanguard 2020.pdf,1eqtJK4lybZ0eWzYM2TAjPYz8LTD-s-C4,application/pdf,2021-04-21,312656
Leal Trust Administration Litigation/Trust Administration/LEAL TRUST PARTNERSHIP FINANCIALS/Taxes 2021,1KlKZCtEfWTlwj2_X7G9WRqaZYIEWIZiY,application/vnd.google-apps.folder,2026-07-31,
Leal Trust Administration Litigation/Trust Administration/LEAL TRUST PARTNERSHIP FINANCIALS/Taxes 2021/1099s etc 2021.pdf,1QMmpaYsKu-ZgvzbeXii_QOZYJxnvLmjX,application/pdf,2022-03-16,11327477
Leal Trust Administration Litigation/Trust Administration/LEAL TRUST PARTNERSHIP FINANCIALS/Taxes 2021/PPP Loan JL AG.pdf,13hGgdrrUlTj6rvfIvjnnSLmPADI9_NgV,application/pdf,2022-04-07,75993
Leal Trust Administration Litigation/Trust Administration/LEAL TRUST PARTNERSHIP FINANCIALS/Taxes 2021/PPP Loan ML & Son Dairy.pdf,1Blt3TxaNdcunFADW157c1uaiP7KY6EEd,application/pdf,2022-04-07,72640
Leal Trust Administration Litigation/Trust Administration/LEAL TRUST PARTNERSHIP FINANCIALS/Taxes 2021/Steve Marla,1pxFOkwxQBBYIMRJDVVR73uWrBW1fEJ5k,application/vnd.google-apps.folder,2026-07-31,
Leal Trust Administration Litigation/Trust Administration/LEAL TRUST PARTNERSHIP FINANCIALS/Taxes 2021/Steve Marla/Brokerage Account-xxx1569-Consolidated Form 1099-2021(4).pdf,1bxDQlpt7z88NPzPB-Ph9pwyrO6vEQLLF,application/pdf,2022-08-04,71692
Leal Trust Administration Litigation/Trust Administration/LEAL TRUST PARTNERSHIP FINANCIALS/Taxes 2021/Steve Marla/CamScanner 08-05-2022 11.38.12.pdf,1ya3XI4syvGb7SZ7ey5fIRaiyZPr-V9Ur,application/pdf,2022-08-05,4921309
Leal Trust Administration Litigation/Trust Administration/LEAL TRUST PARTNERSHIP FINANCIALS/Taxes 2021/Steve Marla/CamScanner 08-05-2022 11.38.40.pdf,10_hTiQKXenBQo7PnXT1kfcsO4LlU2rV4,application/pdf,2022-08-05,3906568
Leal Trust Administration Litigation/Trust Administration/LEAL TRUST PARTNERSHIP FINANCIALS/Taxes 2021/Steve Marla/K1 Steve Marla.pdf,1E1Pn2U7JYXJZhho7TflnCWQUeWUJzSBB,application/pdf,2022-08-05,2127929
Leal Trust Administration Litigation/Trust Administration/LEAL TRUST PARTNERSHIP FINANCIALS/Taxes 2021/Steve Marla/TY 2021-1099+Consolidated-1477(1).pdf,1zZyyYBK-ubF1jleEk62xhtz9UZQNh2P4,application/pdf,2022-08-04,45460
Leal Trust Administration Litigation/Trust Administration/LEAL TRUST PARTNERSHIP FINANCIALS/Taxes 2022,1IzXgitwjnhrbZF4REo_Firi6Oa9lUteh,application/vnd.google-apps.folder,2026-07-31,
Leal Trust Administration Litigation/Trust Administration/LEAL TRUST PARTNERSHIP FINANCIALS/Taxes 2022/2022 donations.pdf,1lkenFSc9j8sQyUrwRdVw04pJ7inQx53J,application/pdf,2023-06-05,2478461
Leal Trust Administration Litigation/Trust Administration/LEAL TRUST PARTNERSHIP FINANCIALS/Taxes 2022/Bankston Cash Flow Dairy 2022.pdf,1WLtklKrJzo492IZNL2YYwD8FWH9nfgrX,application/pdf,2023-03-10,699384
Leal Trust Administration Litigation/Trust Administration/LEAL TRUST PARTNERSHIP FINANCIALS/Taxes 2022/cash_flow-20230310 (3).pdf,1EMQK_NDlF_Qr68G7VZ-IPdRGNYrX-xPK,application/pdf,2023-06-05,64284
Leal Trust Administration Litigation/Trust Administration/LEAL TRUST PARTNERSHIP FINANCIALS/Taxes 2022/cash_flow-20230310 (4).pdf,1vU0TgxtuUTPvbd4P7vTVK_w-mitW6MUA,application/pdf,2023-06-05,64799
Leal Trust Administration Litigation/Trust Administration/LEAL TRUST PARTNERSHIP FINANCIALS/Taxes 2022/FCW 2022 taxes.pdf,1635d8uU1Lz_NYVWuSUZ21FurI_XMwSWE,application/pdf,2023-03-10,7065287
Leal Trust Administration Litigation/Trust Administration/LEAL TRUST PARTNERSHIP FINANCIALS/Taxes 2022/FCW patr 2022.pdf,1oXv_qE06nrckgns74SK7yUZ5wso-3_F2,application/pdf,2023-03-10,782589
Leal Trust Administration Litigation/Trust Administration/LEAL TRUST PARTNERSHIP FINANCIALS/Taxes 2022/Herd Summary Frazer.xlsx,1Y92FsIDr4s_C5_cuoYGhUZhxEtIDO3K4,application/vnd.openxmlformats-officedocument.spreadsheetml.sheet,2026-01-21,11360
Leal Trust Administration Litigation/Trust Administration/LEAL TRUST PARTNERSHIP FINANCIALS/Taxes 2022/LOL 2022 taxes.pdf,16GHuoPrT_w03xObE9RB-2Pt30LUU1cW0,application/pdf,2023-03-10,5600661
Leal Trust Administration Litigation/Trust Administration/LEAL TRUST PARTNERSHIP FINANCIALS/Taxes 2022/LOL DPAD 2021.pdf,13vu-4LyPI8gu1WmDeVR2Jg6eTaDOUq9Q,application/pdf,2022-09-12,651176
Leal Trust Administration Litigation/Trust Administration/LEAL TRUST PARTNERSHIP FINANCIALS/Taxes 2022/Tax forms steve.marla.pdf,1SH7Y7G9yoTtN2y0tAhD6_9Q8qFysKeJh,application/pdf,2023-06-05,16540189
Leal Trust Administration Litigation/Trust Administration/LEAL TRUST PARTNERSHIP FINANCIALS/Taxes 2022/TY 2022-1099+CONSOLIDATED-1477(1).pdf,1F0qdaNShN6w_oCwbJ4DAhPrA7vc_hzcV,application/pdf,2023-06-05,46310
Leal Trust Administration Litigation/Trust Administration/LEAL TRUST PARTNERSHIP FINANCIALS/Taxes 2022/USDA taxes 2022.pdf,1BY_uyYFM4JRk2Phts-AVNiIdIVWa9ymX,application/pdf,2023-03-10,2403018
Leal Trust Administration Litigation/Trust Administration/LEAL TRUST PARTNERSHIP FINANCIALS/Taxes 2022/Vanguard 1099 2022.pdf,14s9jDn-dKB2JecGFeNqHif-oBoRv6FGA,application/pdf,2023-06-07,74234
Leal Trust Administration Litigation/Trust Administration/LEAL TRUST PARTNERSHIP FINANCIALS/Taxes 2023,1ULsiJaw24Inyn5WMEvLTkOAK9cMuS1CW,application/vnd.google-apps.folder,2026-07-31,
Leal Trust Administration Litigation/Trust Administration/LEAL TRUST PARTNERSHIP FINANCIALS/Taxes 2023/2023 1099s etc.pdf,1TYpQLfPL-x172yd1fH0B6Fum2owGUyp-,application/pdf,2024-02-01,4204048
Leal Trust Administration Litigation/Trust Administration/LEAL TRUST PARTNERSHIP FINANCIALS/Taxes 2023/Etrade Steve MS_2023_1099-CONS_MSSB_LLC_0033_20240205.pdf,1vqOzpCDNRUEGosXOMPFBz6QLXxc_mHqi,application/pdf,2024-04-04,342886
Leal Trust Administration Litigation/Trust Administration/LEAL TRUST PARTNERSHIP FINANCIALS/Taxes 2023/Etrade Steve TY 2023-1099+CONSOLIDATED-0033.pdf,1i-O-LMEJ02jaq-zlB2Gq6h-haZIVd7hA,application/pdf,2024-04-04,36384
Leal Trust Administration Litigation/Trust Administration/LEAL TRUST PARTNERSHIP FINANCIALS/Taxes 2023/For Trigs Four K1.pdf,1WHX4iFkPWJtRnnVkvIKVcsrhBPZisPMp,application/pdf,2024-04-04,4326459
Leal Trust Administration Litigation/Trust Administration/LEAL TRUST PARTNERSHIP FINANCIALS/Taxes 2023/Manuel C. Leal & Son Dairy 2023.pdf,1_4eqFfXnHJ4eX7jNcsCPZiT7wPD5ydle,application/pdf,2024-02-01,66478
Leal Trust Administration Litigation/Trust Administration/LEAL TRUST PARTNERSHIP FINANCIALS/Taxes 2023/Scan2024-04-04_120845.pdf,1gD8ud7fG1wREGzNS3yLnC7d_nhR20Fgu,application/pdf,2024-04-04,564760
Leal Trust Administration Litigation/Trust Administration/LEAL TRUST PARTNERSHIP FINANCIALS/Taxes 2023/Steve & Marla Leal 2023.pdf,1lgH703Td1eqbuyLvvKga8CDmEI-pEoyj,application/pdf,2024-02-01,66133
Leal Trust Administration Litigation/Trust Administration/LEAL TRUST PARTNERSHIP FINANCIALS/Taxes 2023/Steve Plains American K1 2023.pdf,1-ivmckziznsEd_EkLESGy_gSxrww4mVc,application/pdf,2024-04-04,717609
Leal Trust Administration Litigation/Trust Administration/LEAL TRUST PARTNERSHIP FINANCIALS/Taxes 2023/Vanguard Steve 2023.pdf,1J2jfwcMBq_tpSPvTvzok_OO5Xcx3v-4d,application/pdf,2024-04-04,80027
Leal Trust Administration Litigation/Trust Administration/LEAL TRUST PARTNERSHIP FINANCIALS/Taxes 2024,1giGo3B1Rg3TUVAaYgWRXLxvcK3a0uL4g,application/vnd.google-apps.folder,2026-07-31,
Leal Trust Administration Litigation/Trust Administration/LEAL TRUST PARTNERSHIP FINANCIALS/Taxes 2024/(PAA) 2024 Tax Package 1810 STEVE M LEAL 04-15-2025 10-52-37 AM.pdf,1DwTdYCKR-jzxxtsfqdv2qKkZCrvCQrIe,application/pdf,2025-04-15,585602
Leal Trust Administration Litigation/Trust Administration/LEAL TRUST PARTNERSHIP FINANCIALS/Taxes 2024/agwest year end.pdf,1PrDD-nasSScVG7u3bupKfzieLN73it7w,application/pdf,2025-02-03,729889
Leal Trust Administration Litigation/Trust Administration/LEAL TRUST PARTNERSHIP FINANCIALS/Taxes 2024/LOL 1099-patr.pdf,1u2YpLgoKLceykQSVYfoCRSsnxMIc63Y3,application/pdf,2025-02-03,413597
Leal Trust Administration Litigation/Trust Administration/LEAL TRUST PARTNERSHIP FINANCIALS/Taxes 2024/Manuel C. Leal & Son Dairy 2024.pdf,1mxF1EVXZUtJpf7hhhxlVuYjoGMN7rqME,application/pdf,2025-02-14,64780
Leal Trust Administration Litigation/Trust Administration/LEAL TRUST PARTNERSHIP FINANCIALS/Taxes 2024/Steve & Marla 2024 Bankston.pdf,19ToeaeeGsdYuslvB5gjT5Xf0LPcZqsr-,application/pdf,2025-04-15,64369
Leal Trust Administration Litigation/Trust Administration/LEAL TRUST PARTNERSHIP FINANCIALS/Taxes 2024/Steve & Marla Bankston 2024.pdf,18XUE5WqIuQPjxOge4DB1rwlwxbdFCxkD,application/pdf,2025-02-14,64369
Leal Trust Administration Litigation/Trust Administration/LEAL TRUST PARTNERSHIP FINANCIALS/Taxes 2024/Steve Etrade 1099 2024.pdf,18czXWuc0O-BILGpD6Ku4CXYVImadawAy,application/pdf,2025-04-15,342583
Leal Trust Administration Litigation/Trust Administration/LEAL TRUST PARTNERSHIP FINANCIALS/Taxes 2024/Steve Marla 1099s.pdf,1TjTvJ4B9Z56sC96w6Uih-X9M0AOHMETq,application/pdf,2025-04-15,1279241
Leal Trust Administration Litigation/Trust Administration/LEAL TRUST PARTNERSHIP FINANCIALS/Taxes 2024/Steve Marla donations 2024.pdf,1vOHztPrnUytBlTiRNi2wBSZ2D1zvckue,application/pdf,2025-04-15,2146610
Leal Trust Administration Litigation/Trust Administration/LEAL TRUST PARTNERSHIP FINANCIALS/Taxes 2024/Steve Marla For Trigs Six.pdf,1MImR6_lEe9f13RFRltH2EV6Rm2SGCK45,application/pdf,2025-04-15,15124097
Leal Trust Administration Litigation/Trust Administration/LEAL TRUST PARTNERSHIP FINANCIALS/Taxes 2024/Steve Vanguard 1099 2024.pdf,1cREqziwl4swWbSUJdRHhMftjNI_zMLsN,application/pdf,2025-04-15,80304
Leal Trust Administration Litigation/Trust Administration/LEAL TRUST PARTNERSHIP FINANCIALS/Taxes 2024/Tax Forms 1099s.pdf,19dcgto-Sq8CM-oO0ryVPu6RRXnXXkTHn,application/pdf,2025-01-29,2439266
Leal Trust Administration Litigation/Trust Administration/LEAL TRUST PARTNERSHIP FINANCIALS/Taxes 2024/Tax Returns,18rAfHcfDtcDVSlCYGHc6g85upRldWfG_,application/vnd.google-apps.folder,2026-07-31,
Leal Trust Administration Litigation/Trust Administration/LEAL TRUST PARTNERSHIP FINANCIALS/Taxes 2024/Tax Returns/2024 Tax Returns - Manuel Leal & Son Dairy.pdf,19vCxylD2zSBrfXak-Ifd66TceRjkDraE,application/pdf,2025-09-09,587777
Leal Trust Administration Litigation/Trust Administration/LEAL TRUST PARTNERSHIP FINANCIALS/Taxes 2024/Tax Returns/2024 Tax Returns - Steve & Marla Leal.pdf,147BtC3Y1oPAFeDGeEMfGv3B3iB4CBbZP,application/pdf,2025-09-09,737377
Leal Trust Administration Litigation/Trust Administration/LEAL TRUST PARTNERSHIP FINANCIALS/Taxes 2025,1DzicDw7dG7HMUvYvq1GaF8EZu2aQVLVT,application/vnd.google-apps.folder,2026-07-31,
Leal Trust Administration Litigation/Trust Administration/LEAL TRUST PARTNERSHIP FINANCIALS/Taxes 2025/2021_RAM_2500_Transactions_2023-08-01_2026-07-14.csv,1Omqm2R3xcvQReh6VAM718OHHURRt_a38,text/csv,2026-07-14,6783
Leal Trust Administration Litigation/Trust Administration/LEAL TRUST PARTNERSHIP FINANCIALS/Taxes 2025/2021_RAM_2500_Transactions_2023-08-01_2026-07-14.ofx,1WMoCPoPnf6Kd_2HKaAUITLR8feimvypP,application/octet-stream,2026-07-14,11490
Leal Trust Administration Litigation/Trust Administration/LEAL TRUST PARTNERSHIP FINANCIALS/Taxes 2025/Manuel C. Leal & Son Dairy Bankston 2025.pdf,1oqTje9dNazd5OANUJpVoqb8qmbTv2GT9,application/pdf,2026-07-14,65365
Leal Trust Administration Litigation/Trust Administration/LEAL TRUST PARTNERSHIP FINANCIALS/Taxes 2025/Steve etrade 1099 2025.pdf,1FvgUYdYFKiV8Zi7HGyrJSP8pUWDp7tDI,application/pdf,2026-02-19,355154
Leal Trust Administration Litigation/Trust Administration/LEAL TRUST PARTNERSHIP FINANCIALS/Taxes 2025/steve marla TCFCU 1099-INT 2025.pdf,1cmcXCFTsp8YjmOD_HThh1JULGt5f97Yi,application/pdf,2026-07-14,39414
Leal Trust Administration Litigation/Trust Administration/LEAL TRUST PARTNERSHIP FINANCIALS/Taxes 2025/Steve or Marla Leal Bankston 2025.pdf,1p5lCT8Z0ilC_hvnQLfqoHucCfn3izmZk,application/pdf,2026-07-14,67546
Leal Trust Administration Litigation/Trust Administration/LEAL TRUST PARTNERSHIP FINANCIALS/Taxes 2025/steve vanguard 1099 2025.pdf,1yUWtfU45eifyj0vVad3ONet82mT9-XRU,application/pdf,2026-02-19,76411
Leal Trust Administration Litigation/Trust Administration/LEAL TRUST PARTNERSHIP FINANCIALS/Trust Administration,1tYXoljqESNVH3QGO4EF7UZSrY64WK9fy,application/vnd.google-apps.folder,2026-07-31,
Leal Trust Administration Litigation/Trust Administration/LEAL TRUST PARTNERSHIP FINANCIALS/Trust Administration/2016.04.14 ltr to Hazel and Steve Leal with Tony Cardoza's appraisal(1).pdf,1CKR1FU7-ked_P_SZubUODL7fBBDvfk3V,application/pdf,2016-04-26T01:22:34Z,7114958
Leal Trust Administration Litigation/Trust Administration/LEAL TRUST PARTNERSHIP FINANCIALS/Trust Administration/2016.06.15 ltr to Kaylene Edwards CPA with original certified death certificate.(1).pdf,1XE6Y7_dNzEjvp2DxIg21mXXhdhIoA-th,application/pdf,2016-11-26T22:29:20Z,1674312
Leal Trust Administration Litigation/Trust Administration/LEAL TRUST PARTNERSHIP FINANCIALS/Trust Administration/2017.05.31 Ltr from T. Thompson re pending issues - documents (1).pdf,1CiXxmDqB8Dhie35i7py9G1SdyMLM5lL8,application/pdf,2017-06-30T21:57:08Z,4805268
Leal Trust Administration Litigation/Trust Administration/LEAL TRUST PARTNERSHIP FINANCIALS/Trust Administration/2017.08.08 Ltr to R. Esraelian with recorded Correction Grant Deed (1).pdf,1Doyn_ceE6_xSv7dxpaaR3yrUGBZnD_La,application/pdf,2018-05-25T16:21:20Z,4303055
Leal Trust Administration Litigation/Trust Administration/LEAL TRUST PARTNERSHIP FINANCIALS/Trust Administration/2017.10.06 Hazel Leal Mediation Brief.PDF,1dyfXbzh4ytHr1RKSpxcdwBpBAJ9opX_u,application/pdf,2017-10-07T17:54:15Z,6590175
Leal Trust Administration Litigation/Trust Administration/LEAL TRUST PARTNERSHIP FINANCIALS/Trust Administration/Business Valuation Report.Reddington.M. Leal Trust.05.26.16.pdf,1hiC7AwvpHfQoDURXnrF1HkKEscGgAlFd,application/pdf,2016-07-19T16:24:25Z,7094735
Leal Trust Administration Litigation/Trust Administration/LEAL TRUST PARTNERSHIP FINANCIALS/Trust Administration/Bypass Trust Tax Returns,1H1YQqnmIJ6xcwqS0XeANh8augH0fOWkT,application/vnd.google-apps.folder,2026-07-31,
Leal Trust Administration Litigation/Trust Administration/LEAL TRUST PARTNERSHIP FINANCIALS/Trust Administration/Bypass Trust Tax Returns/Manuel Leal Bypass Trust 2015 TAX.PDF,1zYjR8wGcHrBBvI9GrqQKg3wrSJyEol5n,application/pdf,2020-10-19,546033
Leal Trust Administration Litigation/Trust Administration/LEAL TRUST PARTNERSHIP FINANCIALS/Trust Administration/Bypass Trust Tax Returns/Manuel Leal Bypass Trust 2016 TAX.PDF,102Hb9pTwI0TnHYnd3ooInVxX6WdE34KE,application/pdf,2020-10-19,522490
Leal Trust Administration Litigation/Trust Administration/LEAL TRUST PARTNERSHIP FINANCIALS/Trust Administration/Bypass Trust Tax Returns/Manuel Leal Bypass Trust 2017 TAX.PDF,1BGmvVq6Ey5PVlZ5oafzjLoisArwJhOGo,application/pdf,2020-10-19,586439
Leal Trust Administration Litigation/Trust Administration/LEAL TRUST PARTNERSHIP FINANCIALS/Trust Administration/Bypass Trust Tax Returns/Manuel Leal Bypass Trust 2018 TAX.PDF,1yWVF4coBFNu-V3crUfosSr32kF3T74UJ,application/pdf,2020-10-19,546544
Leal Trust Administration Litigation/Trust Administration/LEAL TRUST PARTNERSHIP FINANCIALS/Trust Administration/Bypass Trust Tax Returns/Manuel Leal Bypass Trust 2019 TAX.PDF,12UMT1SyMAfTvSrCSi5LoKbpjxE_2MsZs,application/pdf,2020-10-19,620885
Leal Trust Administration Litigation/Trust Administration/LEAL TRUST PARTNERSHIP FINANCIALS/Trust Administration/Certification of Trust MC Leal Bypass Trust.pdf,1I0PiMSV9vizz9d0TuOJT2sETEZnavO6w,application/pdf,2022-03-11T21:56:38Z,8441569
Leal Trust Administration Litigation/Trust Administration/LEAL TRUST PARTNERSHIP FINANCIALS/Trust Administration/closing statements steve.pdf,1N2JJCfS1t2_w7BGCi_uU5VLGCxJCS6L7,application/pdf,2017-07-24T21:00:48Z,806463
Leal Trust Administration Litigation/Trust Administration/LEAL TRUST PARTNERSHIP FINANCIALS/Trust Administration/Correia Xavier,1Gdq4wEWcSW---ehsz8Tz3Fb3rB_IzHSB,application/vnd.google-apps.folder,2026-07-31,
Leal Trust Administration Litigation/Trust Administration/LEAL TRUST PARTNERSHIP FINANCIALS/Trust Administration/Correia Xavier/2023 APNs Crops Report.xlsx,17KgB72q_hFdct11B9mB7Icju9wot6Uwi,application/vnd.openxmlformats-officedocument.spreadsheetml.sheet,2023-06-05,14037
Leal Trust Administration Litigation/Trust Administration/LEAL TRUST PARTNERSHIP FINANCIALS/Trust Administration/Correia Xavier/AIR BOARD PERMIT LEAL.pdf,1i_o_-n7kBbyr0LG74Al01BMwgaXX5Zfs,application/pdf,2016-03-11,1917176
Leal Trust Administration Litigation/Trust Administration/LEAL TRUST PARTNERSHIP FINANCIALS/Trust Administration/Correia Xavier/annualreport2013.pdf,1Y1frkXJ1n5QOGKhwjuYKvxihqkMpUOUg,application/pdf,2016-03-11,173375
Leal Trust Administration Litigation/Trust Administration/LEAL TRUST PARTNERSHIP FINANCIALS/Trust Administration/Correia Xavier/appraisal inventory.xlsx,1VTlVVwzRA7U9tGm4e5ixtmUO7MyI3Po0,application/vnd.openxmlformats-officedocument.spreadsheetml.sheet,2023-05-30,15868
Leal Trust Administration Litigation/Trust Administration/LEAL TRUST PARTNERSHIP FINANCIALS/Trust Administration/Correia Xavier/Appraisal Summary.xlsx,1c38WM5WZHQSQSxGMprC54mBYl2FjgOEF,application/vnd.openxmlformats-officedocument.spreadsheetml.sheet,2023-05-30,14624
Leal Trust Administration Litigation/Trust Administration/LEAL TRUST PARTNERSHIP FINANCIALS/Trust Administration/Correia Xavier/County Permit0001.pdf,13lHJIx8R1TrQNr0lbEPqELcVIC5vj7n4,application/pdf,2013-06-17,2706184
Leal Trust Administration Litigation/Trust Administration/LEAL TRUST PARTNERSHIP FINANCIALS/Trust Administration/Correia Xavier/dairy facility.png,1DjYS7E3t8sClXN9wxJdvsp2CZR8WQic6,image/png,2016-03-07,1911661
Leal Trust Administration Litigation/Trust Administration/LEAL TRUST PARTNERSHIP FINANCIALS/Trust Administration/Correia Xavier/Docs - Signed - Initial - UPDATED.PDF,1lbyioZMkd0cAtYE8Le49If6HnqNjMsPK,application/pdf,2023-06-05,886333
Leal Trust Administration Litigation/Trust Administration/LEAL TRUST PARTNERSHIP FINANCIALS/Trust Administration/Correia Xavier/Fields Report ACREVALUE.pdf,1x3X1xN7iVzDudMTLEHzVpIwfXnXwexV6,application/pdf,2016-03-07,8831963
Leal Trust Administration Litigation/Trust Administration/LEAL TRUST PARTNERSHIP FINANCIALS/Trust Administration/Correia Xavier/Heifer Ranch.jpg,1xj_CESizvDI5lKMWBu-9jUCfaY6rmyiF,image/jpeg,2011-06-30,138990
Leal Trust Administration Litigation/Trust Administration/LEAL TRUST PARTNERSHIP FINANCIALS/Trust Administration/Correia Xavier/heifer ranch.png,1w8rrvdo94bMXVDdajGkI-IzDRSR097XU,image/png,2016-03-07,1319709
Leal Trust Administration Litigation/Trust Administration/LEAL TRUST PARTNERSHIP FINANCIALS/Trust Administration/Correia Xavier/LEAL APN MAP.png,1LhQFWvz58HMSbuBJU58rjMAJ83qNRLiP,image/png,2016-03-11,1028390
Leal Trust Administration Litigation/Trust Administration/LEAL TRUST PARTNERSHIP FINANCIALS/Trust Administration/Correia Xavier/PROP TAX BILLS 2015.pdf,16HotDpZt0XSfd4VOVUfx78MFecbbKNFa,application/pdf,2016-03-07,47042793
Leal Trust Administration Litigation/Trust Administration/LEAL TRUST PARTNERSHIP FINANCIALS/Trust Administration/Correia Xavier/TID ASSESS BILL 2015.pdf,1h9mPX7QiVa-dfnfrSstH3CrYz5plnhP5,application/pdf,2016-03-07,4132388
Leal Trust Administration Litigation/Trust Administration/LEAL TRUST PARTNERSHIP FINANCIALS/Trust Administration/equity 1992-1993.pdf,1Q_ZQ7ZEjf4u6dCCG6-CLz3sbsmCaZUvA,application/pdf,2017-06-28T18:34:32Z,820931
Leal Trust Administration Litigation/Trust Administration/LEAL TRUST PARTNERSHIP FINANCIALS/Trust Administration/Equity Accounts 1997-2015.pdf,1O7OGL798JcaTXginVNMIUgKtNV-ckK0l,application/pdf,2017-06-28T18:35:21Z,6917149
Leal Trust Administration Litigation/Trust Administration/LEAL TRUST PARTNERSHIP FINANCIALS/Trust Administration/equity accounts.pdf,1GnNXts2ImntGOWxBDqQuPgZW0mD991Db,application/pdf,2017-02-14T19:58:40Z,6725205
Leal Trust Administration Litigation/Trust Administration/LEAL TRUST PARTNERSHIP FINANCIALS/Trust Administration/ESRAELIAN LETTER OF 2-22-17 (2).pdf,19aNRmmyREnMWM38XNWrFMoxc2VWo8jAx,application/pdf,2017-03-22T21:44:31Z,629163
Leal Trust Administration Litigation/Trust Administration/LEAL TRUST PARTNERSHIP FINANCIALS/Trust Administration/Frazer invoice 170777.pdf,1Ql1d-B-SfuLQMtSYg6ED1N232Rdpc48l,application/pdf,2021-02-25T16:46:38Z,239527
Leal Trust Administration Litigation/Trust Administration/LEAL TRUST PARTNERSHIP FINANCIALS/Trust Administration/Hazel Trust Admin,1FDjIIQkb8WiKrbbE9ASBXFV0IFbnsrdy,application/vnd.google-apps.folder,2026-07-31,
Leal Trust Administration Litigation/Trust Administration/LEAL TRUST PARTNERSHIP FINANCIALS/Trust Administration/Hazel Trust Admin/2025-03-03 BMO Atty Esraelian Ltr (1).pdf,1Ft2VDY1p4gNF8LN49kDEI20nri7Jbqye,application/pdf,2025-06-26,640494
Leal Trust Administration Litigation/Trust Administration/LEAL TRUST PARTNERSHIP FINANCIALS/Trust Administration/Hazel Trust Admin/2025-05-23 BMO Atty Esrealian Ltr.pdf,1UZty_TgcJrYZ2N-D8Yu7RtcLSo74RgS7,application/pdf,2025-06-26,148426
Leal Trust Administration Litigation/Trust Administration/LEAL TRUST PARTNERSHIP FINANCIALS/Trust Administration/Hazel Trust Admin/2025-06-19 Atty Esraelian Ltr.pdf,17nW4-KFFOg3LWZfXkdOiPaM8JxlxZgKQ,application/pdf,2025-06-26,326119
Leal Trust Administration Litigation/Trust Administration/LEAL TRUST PARTNERSHIP FINANCIALS/Trust Administration/Hazel Trust Admin/2026.01.21 Garabedian -Leal Mediation Brief_a8a08f67c05d.pdf,1BD14JDeC0VTQGemgiFgWkjmDG-kmo7ly,application/pdf,2026-01-28,5688734
Leal Trust Administration Litigation/Trust Administration/LEAL TRUST PARTNERSHIP FINANCIALS/Trust Administration/Hazel Trust Admin/__MACOSX,1rj9pDVc3tWQRG1_6nqg2QypO0JXxwgeB,application/vnd.google-apps.folder,2026-07-31,
Leal Trust Administration Litigation/Trust Administration/LEAL TRUST PARTNERSHIP FINANCIALS/Trust Administration/Hazel Trust Admin/__MACOSX/Leal Dairy & Feedlot Appraisal_Valuation Reports_2022,1qvzbMwLhcdwGuVScVFog-dCrIiUnudJt,application/vnd.google-apps.folder,2026-07-31,
Leal Trust Administration Litigation/Trust Administration/LEAL TRUST PARTNERSHIP FINANCIALS/Trust Administration/Hazel Trust Admin/Appraisal Summary 1.22.25.xlsx,1ZGPbaH27djqqQgc53KUGn6_Qu-H5heZb,application/vnd.openxmlformats-officedocument.spreadsheetml.sheet,2025-02-06,117765
Leal Trust Administration Litigation/Trust Administration/LEAL TRUST PARTNERSHIP FINANCIALS/Trust Administration/Hazel Trust Admin/Appraisal Summary 2.13.25 (1).xlsx,1bW44eOIrVf8csZpOjV_nbF2J8pDVILG2,application/vnd.openxmlformats-officedocument.spreadsheetml.sheet,2026-01-28,119398
Leal Trust Administration Litigation/Trust Administration/LEAL TRUST PARTNERSHIP FINANCIALS/Trust Administration/Hazel Trust Admin/Appraisal_Valuation_Summary_2022.pdf,1Mr7wYvnTzpS8gOGKoC8QloGu--dZgdZP,application/pdf,2025-06-26,180781
Leal Trust Administration Litigation/Trust Administration/LEAL TRUST PARTNERSHIP FINANCIALS/Trust Administration/Hazel Trust Admin/Copy of 2.5.2025 4.20 PM - Appraisal Summary 1.22.25.xlsx,1cLxhzZ49rCTIWSYREUemk3951C20VAcH,application/vnd.openxmlformats-officedocument.spreadsheetml.sheet,2025-02-14,115175
Leal Trust Administration Litigation/Trust Administration/LEAL TRUST PARTNERSHIP FINANCIALS/Trust Administration/Hazel Trust Admin/CPA Rebuttal_ Response to Accounting Inquiries.docx,15IQBic0GwxHzChI-nD6JT0JNuOZ1iBdm,application/vnd.openxmlformats-officedocument.wordprocessingml.document,2026-05-01,1803847
Leal Trust Administration Litigation/Trust Administration/LEAL TRUST PARTNERSHIP FINANCIALS/Trust Administration/Hazel Trust Admin/Dustin Snyder Email.png,1m1RNmwifbGxDC8cET5THmjkRP9A_ofOV,image/png,2025-02-05,102398
Leal Trust Administration Litigation/Trust Administration/LEAL TRUST PARTNERSHIP FINANCIALS/Trust Administration/Hazel Trust Admin/Executive Summary_ Final Settlement Proposal for Co-Trustees.docx,1PMzBbvrJFBHQKA1c2CZFL9-WRmgA7jdk,application/vnd.openxmlformats-officedocument.wordprocessingml.document,2026-05-01,1803425
Leal Trust Administration Litigation/Trust Administration/LEAL TRUST PARTNERSHIP FINANCIALS/Trust Administration/Hazel Trust Admin/Financial Statement Capital thru Hazel's DOD revised 2-13-2025.pdf,1gMH2WgsO-7ECZfBS_eTk1v6_94dQW_rX,application/pdf,2025-02-14,71047
Leal Trust Administration Litigation/Trust Administration/LEAL TRUST PARTNERSHIP FINANCIALS/Trust Administration/Hazel Trust Admin/Hazel Draws 9.22.22-1.31.25.xlsx,12RlWoTBz4mh0GehkUTgsl-0vUWkbJZaf,application/vnd.openxmlformats-officedocument.spreadsheetml.sheet,2025-01-31,52142
Leal Trust Administration Litigation/Trust Administration/LEAL TRUST PARTNERSHIP FINANCIALS/Trust Administration/Hazel Trust Admin/Hazel Leal Trust.pdf,1UzNLQHGB8T5oCfNfi1eplxWUnAjyqmKb,application/pdf,2023-09-28,19132311
Leal Trust Administration Litigation/Trust Administration/LEAL TRUST PARTNERSHIP FINANCIALS/Trust Administration/Hazel Trust Admin/Hazel Personal Expenses Summary.xlsx,120o_A-6vcioXp-_XlVcj7HSWAOa7qfZD,application/vnd.openxmlformats-officedocument.spreadsheetml.sheet,2026-07-10,53945
Leal Trust Administration Litigation/Trust Administration/LEAL TRUST PARTNERSHIP FINANCIALS/Trust Administration/Hazel Trust Admin/Hazel's draws 1-15-25 thru 5-7-26.pdf,1Zf7RcU1V_dcHCSuVb3MRzZZPK4dfeLNb,application/pdf,2026-05-07,155675
Leal Trust Administration Litigation/Trust Administration/LEAL TRUST PARTNERSHIP FINANCIALS/Trust Administration/Hazel Trust Admin/Herd Inventory 9.30.22.xlsx,1DhfWXj9s4cOuwtajF5-HL3cDq7MOkdyE,application/vnd.openxmlformats-officedocument.spreadsheetml.sheet,2023-08-29,10220
Leal Trust Administration Litigation/Trust Administration/LEAL TRUST PARTNERSHIP FINANCIALS/Trust Administration/Hazel Trust Admin/Leal Dairy & Feedlot Appraisal_Valuation Reports_2022,1Xt4KosNwDBH6SRsDXBPRVGpnLZ79pxoV,application/vnd.google-apps.folder,2026-07-31,
Leal Trust Administration Litigation/Trust Administration/LEAL TRUST PARTNERSHIP FINANCIALS/Trust Administration/Hazel Trust Admin/Leal Dairy & Feedlot Appraisal_Valuation Reports_2022/Appraisal_Valuation_Summary_2022.pdf,1K4_ohCsiIOU3VckjE120WFz46_g1WZlx,application/pdf,2025-01-27,177084
Leal Trust Administration Litigation/Trust Administration/LEAL TRUST PARTNERSHIP FINANCIALS/Trust Administration/Hazel Trust Admin/Leal Dairy & Feedlot Appraisal_Valuation Reports_2022/Appraisal_Valuation_Summary_Cover Letter_2022.pdf,1Efdt4l8z438fcRxZKJHvQSWxoHQcSqw2,application/pdf,2025-01-27,76049
Leal Trust Administration Litigation/Trust Administration/LEAL TRUST PARTNERSHIP FINANCIALS/Trust Administration/Hazel Trust Admin/Leal Dairy & Feedlot Appraisal_Valuation Reports_2022/Business Valuation_MA_Sept 2022_FINAL.pdf,1eIWBle06AeRRPoDKbvA_ND2Xj8IDArZF,application/pdf,2025-01-27,3722786
Leal Trust Administration Litigation/Trust Administration/LEAL TRUST PARTNERSHIP FINANCIALS/Trust Administration/Hazel Trust Admin/Leal Dairy & Feedlot Appraisal_Valuation Reports_2022/Personal Property Appraisal_EL&T_Sept 2022_FINAL.pdf,1j8YCVJRHiwfY51A8r998aHVTGUqugzQi,application/pdf,2025-01-27,4622857
Leal Trust Administration Litigation/Trust Administration/LEAL TRUST PARTNERSHIP FINANCIALS/Trust Administration/Hazel Trust Admin/Leal Dairy & Feedlot Appraisal_Valuation Reports_2022/Real Property Appraisal Review_MA_Sept 2022_FINAL.pdf,1nGWM6PKf5AH9MM7SOey0PagCahXxAInC,application/pdf,2025-01-27,904520
Leal Trust Administration Litigation/Trust Administration/LEAL TRUST PARTNERSHIP FINANCIALS/Trust Administration/Hazel Trust Admin/Leal Dairy & Feedlot Appraisal_Valuation Reports_2022/Real Property Appraisal_CX_Sept 2022 FINAL.pdf,1kpW6FmVWvfiALeYiiENeBYfLSa8fFzKd,application/pdf,2025-01-27,14648977
Leal Trust Administration Litigation/Trust Administration/LEAL TRUST PARTNERSHIP FINANCIALS/Trust Administration/Hazel Trust Admin/Leal Dairy & Feedlot Appraisal_Valuation Reports_2022/Real Property Appraisal_JHA_Sept 2022 FINAL.pdf,1l1tts-BOgCRgnHrfmU9HbVNK6bOGjBOX,application/pdf,2025-01-27,5486896
Leal Trust Administration Litigation/Trust Administration/LEAL TRUST PARTNERSHIP FINANCIALS/Trust Administration/Hazel Trust Admin/Leal Dairy & Feedlot Appraisal_Valuation Reports_2022/Real Property Appraisal_JHA_Sept 2022_Prorata Allocation_FINAL.pdf,10asMvvMWMoq_lTqykuZPwPPh4dJRly7Z,application/pdf,2025-01-27,45320
Leal Trust Administration Litigation/Trust Administration/LEAL TRUST PARTNERSHIP FINANCIALS/Trust Administration/Hazel Trust Admin/Leal Dairy Equipment Sheet.xlsx,1iRAIcvNF3MVwBOBs5ecUlkk4DJdh9Umk,application/vnd.openxmlformats-officedocument.spreadsheetml.sheet,2024-08-28,11507
Leal Trust Administration Litigation/Trust Administration/LEAL TRUST PARTNERSHIP FINANCIALS/Trust Administration/Hazel Trust Admin/Leal Dairy Org Chart.docx,1XpGLFopEgDNBSTuIdhFIdS70T5IOuBTB,application/vnd.openxmlformats-officedocument.wordprocessingml.document,2024-08-23,28155
Leal Trust Administration Litigation/Trust Administration/LEAL TRUST PARTNERSHIP FINANCIALS/Trust Administration/Hazel Trust Admin/Leal Summary - Prime Cattle.xlsx,16W9nLq01gqr5wR2jUgmGD11h1Rpu9Bso,application/vnd.openxmlformats-officedocument.spreadsheetml.sheet,2026-05-07,36695
Leal Trust Administration Litigation/Trust Administration/LEAL TRUST PARTNERSHIP FINANCIALS/Trust Administration/Hazel Trust Admin/Manuel Leal Dairy FS 9.30.22 and 9.30.21.xlsx,10x2gW6IGnUvq8cKN0542nN5jW7wvkoWj,application/vnd.openxmlformats-officedocument.spreadsheetml.sheet,2024-08-23,68454
Leal Trust Administration Litigation/Trust Administration/LEAL TRUST PARTNERSHIP FINANCIALS/Trust Administration/Hazel Trust Admin/ME analysis of appraisals 7-2-2025.xlsx,1HA8UndQsQRqd_bfCLEE4TzwOoKDhj7Tz,application/vnd.openxmlformats-officedocument.spreadsheetml.sheet,2026-05-01,21568
Leal Trust Administration Litigation/Trust Administration/LEAL TRUST PARTNERSHIP FINANCIALS/Trust Administration/Hazel Trust Admin/Mediation Brief.pdf,1bAo0s_6EL-Jc60VPzOCoCNDwlkiqDkzO,application/pdf,2026-01-30,282879
Leal Trust Administration Litigation/Trust Administration/LEAL TRUST PARTNERSHIP FINANCIALS/Trust Administration/Hazel Trust Admin/Moss Adams Adjustment Calcs.pdf,1GKYOE-3t5KZttfcbZhPF_0QshbxA2oCC,application/pdf,2025-02-14,735365
Leal Trust Administration Litigation/Trust Administration/LEAL TRUST PARTNERSHIP FINANCIALS/Trust Administration/Hazel Trust Admin/Mutual Release and Settlement Agreement - Leal Dairy Buyout.docx,1dWjw-Nwo2v7OgH13AZi31tzy5KWFN9-L,application/vnd.openxmlformats-officedocument.wordprocessingml.document,2026-05-04,1803043
Leal Trust Administration Litigation/Trust Administration/LEAL TRUST PARTNERSHIP FINANCIALS/Trust Administration/Hazel Trust Admin/prime cattle QB summary.pdf,1o8DBmTwQhPkPWhrQZ4ziXigzCsKaUjBs,application/pdf,2026-05-07,40118
Leal Trust Administration Litigation/Trust Administration/LEAL TRUST PARTNERSHIP FINANCIALS/Trust Administration/Hazel Trust Admin/Request 3.docx,1gSUQY6JluZ-2fP4gaRvBzqibr7O3-qqq,application/vnd.openxmlformats-officedocument.wordprocessingml.document,2026-03-06,16752
Leal Trust Administration Litigation/Trust Administration/LEAL TRUST PARTNERSHIP FINANCIALS/Trust Administration/Hazel Trust Admin/Section 998 Offer to Compromise - $4.7M Buyout Proposal.docx,1Kzq_XOCqh_x32VdneU05CT-BsWx7FxFs,application/vnd.openxmlformats-officedocument.wordprocessingml.document,2026-05-04,1804718
Leal Trust Administration Litigation/Trust Administration/LEAL TRUST PARTNERSHIP FINANCIALS/Trust Administration/Hazel Trust Admin/Valuation Questions 10.03.2024.docx,1kZOj5oKLlH0Z_SWLrzmR6_zd4EUaAfV9,application/vnd.openxmlformats-officedocument.wordprocessingml.document,2024-10-08,17582
Leal Trust Administration Litigation/Trust Administration/LEAL TRUST PARTNERSHIP FINANCIALS/Trust Administration/Invoices 11.15.17,1DKAUNqv460MpknUgwc8xOEEzMZ6UPfTB,application/vnd.google-apps.folder,2026-07-31,
Leal Trust Administration Litigation/Trust Administration/LEAL TRUST PARTNERSHIP FINANCIALS/Trust Administration/Invoices 11.15.17/a&m livestock invoice ck# 29086.pdf,1sK7SFGPAh23_C8jp6-xWYHeVpcgwcf9r,application/pdf,2017-11-10,1461238
Leal Trust Administration Litigation/Trust Administration/LEAL TRUST PARTNERSHIP FINANCIALS/Trust Administration/Invoices 11.15.17/farnsworth invoice ck# 28991.pdf,1FGPUx8tIGybzK4FuEiYO-_NuHeRkKdOi,application/pdf,2017-11-13,402942
Leal Trust Administration Litigation/Trust Administration/LEAL TRUST PARTNERSHIP FINANCIALS/Trust Administration/Invoices 11.15.17/mbf invoice ck#29145.pdf,1ZqdzSeexdjaSo5-qtF_ZKgqbaKp60KQk,application/pdf,2017-11-10,183688
Leal Trust Administration Litigation/Trust Administration/LEAL TRUST PARTNERSHIP FINANCIALS/Trust Administration/Invoices 11.15.17/neil moon invoice ck#28743.pdf,1FzxD_WsQJ9y9nstaIXnbvoPp6PfArhMh,application/pdf,2017-11-13,254068
Leal Trust Administration Litigation/Trust Administration/LEAL TRUST PARTNERSHIP FINANCIALS/Trust Administration/Invoices 11.15.17/Sierra Gold Nurseries 11-10-17 ck#28097.pdf,1GnV55Q4m_xsfUen7qVh6pfoGj3KVWhTC,application/pdf,2017-11-13,102615
Leal Trust Administration Litigation/Trust Administration/LEAL TRUST PARTNERSHIP FINANCIALS/Trust Administration/Invoices 11.15.17/Sparlin sept oct.pdf,1hiXdHMSeRs-BReAstuIJKnXjHAW19e_i,application/pdf,2017-11-10,828070
Leal Trust Administration Litigation/Trust Administration/LEAL TRUST PARTNERSHIP FINANCIALS/Trust Administration/Invoices 11.15.17/WM July 2017 ck#28845.pdf,1PN5d9F7Yn4wJ24EPyY0dT1_Cxaod0rx0,application/pdf,2017-11-10,118832
Leal Trust Administration Litigation/Trust Administration/LEAL TRUST PARTNERSHIP FINANCIALS/Trust Administration/Leal age retirement payouts (1).pdf,15C6QplAQsYKu_arpTi9m_ujmcht6u9IJ,application/pdf,2017-09-26T22:31:59Z,536708
Leal Trust Administration Litigation/Trust Administration/LEAL TRUST PARTNERSHIP FINANCIALS/Trust Administration/Leal3.doc,1spAM2SDtTBMw2eSamml_lSErzcRTwTwc,application/msword,2018-05-25T15:40:25Z,42496
Leal Trust Administration Litigation/Trust Administration/LEAL TRUST PARTNERSHIP FINANCIALS/Trust Administration/LEALMANUELDAIRY-ESRAELIANROBIN2017F23LTR (2).pdf,1_lLL7NEj66Q5Bq_JQCvnT9JA9FR36KRw,application/pdf,2017-09-28T22:21:31Z,1780628
Leal Trust Administration Litigation/Trust Administration/LEAL TRUST PARTNERSHIP FINANCIALS/Trust Administration/MANUEL ESTATE 2016,1wqDkDrd63sAZ_UXoPAFzcRr2YJV9oZQt,application/vnd.google-apps.folder,2026-07-31,
Leal Trust Administration Litigation/Trust Administration/LEAL TRUST PARTNERSHIP FINANCIALS/Trust Administration/MANUEL ESTATE 2016/706 Manuel C. Leal Draft.pdf,1_xPxlP_xD-YI2bwwHpo3HpfiZWNTAOOA,application/pdf,2016-07-19,375066
Leal Trust Administration Litigation/Trust Administration/LEAL TRUST PARTNERSHIP FINANCIALS/Trust Administration/MANUEL ESTATE 2016/Appraisal Report.Leal Trust.Cardoza Equipment Appraisal.04.05.16.pdf,1caFjeclN2oY7Iw9kYy_CrPsku_gBfUYG,application/pdf,2017-01-28,2784416
Leal Trust Administration Litigation/Trust Administration/LEAL TRUST PARTNERSHIP FINANCIALS/Trust Administration/MANUEL ESTATE 2016/Business Valuation Report.Reddington.M. Leal Trust.05.26.16.pdf,108hCnCNvT-xBGC2oKbwz03oa8wFVvYRK,application/pdf,2017-12-08,7071062
Leal Trust Administration Litigation/Trust Administration/LEAL TRUST PARTNERSHIP FINANCIALS/Trust Administration/MANUEL ESTATE 2016/Esraelian Response 1,1ZIB-cn25yjvLYsp7aqi3UWUhvsvzLubl,application/vnd.google-apps.folder,2026-07-31,
Leal Trust Administration Litigation/Trust Administration/LEAL TRUST PARTNERSHIP FINANCIALS/Trust Administration/MANUEL ESTATE 2016/Esraelian Response 1/20651 rental.pdf,1ppkvnyJqcnct2vTfF62xo7yGZEHydnp_,application/pdf,2016-11-23,5152842
Leal Trust Administration Litigation/Trust Administration/LEAL TRUST PARTNERSHIP FINANCIALS/Trust Administration/MANUEL ESTATE 2016/Esraelian Response 1/6907 rental.pdf,1YXEWGD_zFxVixHhF6Bx95W_SKZKQ0vUs,application/pdf,2016-11-23,6032869
Leal Trust Administration Litigation/Trust Administration/LEAL TRUST PARTNERSHIP FINANCIALS/Trust Administration/MANUEL ESTATE 2016/Esraelian Response 1/6935 rental.pdf,1XE0gsqLKS_f4gOE13ka4snLqEMdin4DQ,application/pdf,2016-11-23,4793589
Leal Trust Administration Litigation/Trust Administration/LEAL TRUST PARTNERSHIP FINANCIALS/Trust Administration/MANUEL ESTATE 2016/Esraelian Response 1/Cash Flow 2016.pdf,1uehDcumkbtD6AxoVmUUtWxVTLMhZRX_N,application/pdf,2016-11-23,36448
Leal Trust Administration Litigation/Trust Administration/LEAL TRUST PARTNERSHIP FINANCIALS/Trust Administration/MANUEL ESTATE 2016/Esraelian Response 1/checking 2016.pdf,14bjnM5O4cKvKqEDsuL7SD3yz-MUrF4oq,application/pdf,2016-03-28,112295
Leal Trust Administration Litigation/Trust Administration/LEAL TRUST PARTNERSHIP FINANCIALS/Trust Administration/MANUEL ESTATE 2016/Esraelian Response 1/Farm Credit Annuals,15Lq6c40W08mR7md2qJqQAHwWVXVSFPIp,application/vnd.google-apps.folder,2026-07-31,
Leal Trust Administration Litigation/Trust Administration/LEAL TRUST PARTNERSHIP FINANCIALS/Trust Administration/MANUEL ESTATE 2016/Esraelian Response 1/Farm Credit Annuals/231464E611-4695-2A0A-0A0A-0A0A0A0A0A0A_2012_AnnualTranSummary (1).pdf,1KjZ5Yq04LPYW9V5lfaOglhX5ff3Uc6JQ,application/pdf,2016-11-22,31343
Leal Trust Administration Litigation/Trust Administration/LEAL TRUST PARTNERSHIP FINANCIALS/Trust Administration/MANUEL ESTATE 2016/Esraelian Response 1/Farm Credit Annuals/231464E611-4695-2A0A-0A0A-0A0A0A0A0A0A_2013_AnnualTranSummary.pdf,1Hjc8lhIFc3KT788N6HuFpr26pcstD_Z5,application/pdf,2016-11-22,38995
Leal Trust Administration Litigation/Trust Administration/LEAL TRUST PARTNERSHIP FINANCIALS/Trust Administration/MANUEL ESTATE 2016/Esraelian Response 1/Farm Credit Annuals/231464E611-4695-2A0A-0A0A-0A0A0A0A0A0A_2014_AnnualTranSummary.pdf,1Pz20wUTXxXXh-dsGZsAxHNgQWJItWJwV,application/pdf,2016-11-22,34087
Leal Trust Administration Litigation/Trust Administration/LEAL TRUST PARTNERSHIP FINANCIALS/Trust Administration/MANUEL ESTATE 2016/Esraelian Response 1/Farm Credit Annuals/231464E611-4695-2A0A-0A0A-0A0A0A0A0A0A_2015_AnnualTranSummary.pdf,1XUVKI7eRuILwEd6sWqfoA5JX7T3sNOfG,application/pdf,2016-11-22,31127
Leal Trust Administration Litigation/Trust Administration/LEAL TRUST PARTNERSHIP FINANCIALS/Trust Administration/MANUEL ESTATE 2016/Esraelian Response 1/Farm Credit Annuals/FCW 2016 Q1.pdf,19s-IB5Xx6bZsOny9poAqLrkVLmBa9sHF,application/pdf,2016-11-22,16781
Leal Trust Administration Litigation/Trust Administration/LEAL TRUST PARTNERSHIP FINANCIALS/Trust Administration/MANUEL ESTATE 2016/Esraelian Response 1/Farm Credit Annuals/FCW 2016 Q2.pdf,1bSeUKQMSb_ZRIqqbXHfLjzaxiHiYzjtI,application/pdf,2016-11-22,14510
Leal Trust Administration Litigation/Trust Administration/LEAL TRUST PARTNERSHIP FINANCIALS/Trust Administration/MANUEL ESTATE 2016/Esraelian Response 1/Farm Credit Annuals/FCW 2016 Q3.pdf,16CWWaw3TEBsB0Ievzwpa17utdf5E1Xoy,application/pdf,2016-11-22,22063
Leal Trust Administration Litigation/Trust Administration/LEAL TRUST PARTNERSHIP FINANCIALS/Trust Administration/MANUEL ESTATE 2016/Esraelian Response 1/hay 2015.pdf,1Z3qaVAE8b10rIlpjFpvJCPTNRIgeUxtk,application/pdf,2016-11-22,51888
Leal Trust Administration Litigation/Trust Administration/LEAL TRUST PARTNERSHIP FINANCIALS/Trust Administration/MANUEL ESTATE 2016/Esraelian Response 1/hay 2016.pdf,1WyR8KkMNrwvzx0KEColP8cJD8mAm_c5k,application/pdf,2016-11-22,47654
Leal Trust Administration Litigation/Trust Administration/LEAL TRUST PARTNERSHIP FINANCIALS/Trust Administration/MANUEL ESTATE 2016/Esraelian Response 1/hay bought 2015.pdf,1g1e_Jz2gIgNvzZ1dfFNONkBLDJGm4O2t,application/pdf,2016-11-22,57107
Leal Trust Administration Litigation/Trust Administration/LEAL TRUST PARTNERSHIP FINANCIALS/Trust Administration/MANUEL ESTATE 2016/Esraelian Response 1/hay bought 2016.pdf,1wSQyTIN7cXhSCMYXd1u6QCM1KHll21r0,application/pdf,2016-11-22,59864
Leal Trust Administration Litigation/Trust Administration/LEAL TRUST PARTNERSHIP FINANCIALS/Trust Administration/MANUEL ESTATE 2016/Esraelian Response 1/Hazel letter 1.30.17.docx,19KBA0EcSfy9UDj8zzJX2OjGS7As6AR58,application/vnd.openxmlformats-officedocument.wordprocessingml.document,2024-01-12,13745
"Leal Trust Administration Litigation/Trust Administration/LEAL TRUST PARTNERSHIP FINANCIALS/Trust Administration/MANUEL ESTATE 2016/Esraelian Response 1/Leal,Hazel.Gin.2.doc",1goZtjC8HDKqM7QSAXUQQjRgSqopuvEav,application/msword,2016-11-23,62464
"Leal Trust Administration Litigation/Trust Administration/LEAL TRUST PARTNERSHIP FINANCIALS/Trust Administration/MANUEL ESTATE 2016/Esraelian Response 1/Leal,Hazel.Gin.response.docx",1h7c15CgQNFJC6pOCXImxjDvKif3iABdY,application/vnd.openxmlformats-officedocument.wordprocessingml.document,2016-11-26,34055
Leal Trust Administration Litigation/Trust Administration/LEAL TRUST PARTNERSHIP FINANCIALS/Trust Administration/MANUEL ESTATE 2016/Esraelian Response 1/P&L 2016.pdf,1pkiBil6IkPN5Jl4bVFs3_mU5RwpmXnjw,application/pdf,2016-11-23,40286
Leal Trust Administration Litigation/Trust Administration/LEAL TRUST PARTNERSHIP FINANCIALS/Trust Administration/MANUEL ESTATE 2016/Esraelian Response 1/personal hazel.pdf,1iFDybhoFveKHAguajUkQ3wYAdCd0JnTg,application/pdf,2016-11-22,79151
Leal Trust Administration Litigation/Trust Administration/LEAL TRUST PARTNERSHIP FINANCIALS/Trust Administration/MANUEL ESTATE 2016/Esraelian Response 1/personal steve.pdf,1wVz1Won1T_ovfpqPGhBB71qOKGoEkPTA,application/pdf,2016-11-23,69453
Leal Trust Administration Litigation/Trust Administration/LEAL TRUST PARTNERSHIP FINANCIALS/Trust Administration/MANUEL ESTATE 2016/Esraelian Response 1/Phone,1W7d0_ExPBemQhIEcp9liT9-JxitsNd_S,application/vnd.google-apps.folder,2026-07-31,
Leal Trust Administration Litigation/Trust Administration/LEAL TRUST PARTNERSHIP FINANCIALS/Trust Administration/MANUEL ESTATE 2016/Esraelian Response 1/Phone/UnbilledUsage NOV16. one call from tom.xlsx,1liVd0nw6c4YdgvbnCrDtoKTfah9VSjkq,application/vnd.openxmlformats-officedocument.spreadsheetml.sheet,2016-11-26,16823
Leal Trust Administration Litigation/Trust Administration/LEAL TRUST PARTNERSHIP FINANCIALS/Trust Administration/MANUEL ESTATE 2016/Esraelian Response 1/Phone/VoiceBilledUsageDetails_april16.xlsx,1j6o9TXXrnVrp-NqAKb6sp03_Dnx5d8fV,application/vnd.openxmlformats-officedocument.spreadsheetml.sheet,2016-11-26,33424
Leal Trust Administration Litigation/Trust Administration/LEAL TRUST PARTNERSHIP FINANCIALS/Trust Administration/MANUEL ESTATE 2016/Esraelian Response 1/Phone/VoiceBilledUsageDetails_august16.xlsx,1dF8fvuKYIZkNVc42mgAG3XYVdc9UD8aI,application/vnd.openxmlformats-officedocument.spreadsheetml.sheet,2016-11-26,46703
Leal Trust Administration Litigation/Trust Administration/LEAL TRUST PARTNERSHIP FINANCIALS/Trust Administration/MANUEL ESTATE 2016/Esraelian Response 1/Phone/VoiceBilledUsageDetails_july16.xlsx,1WHyHa2OdqD-K-bwSEzQKuMhnFiMPNOnT,application/vnd.openxmlformats-officedocument.spreadsheetml.sheet,2016-11-26,51057
Leal Trust Administration Litigation/Trust Administration/LEAL TRUST PARTNERSHIP FINANCIALS/Trust Administration/MANUEL ESTATE 2016/Esraelian Response 1/Phone/VoiceBilledUsageDetails_june16.xlsx,1FJFBHKbiP-1ZmgLlUyK8N3W6Hxz8X0u8,application/vnd.openxmlformats-officedocument.spreadsheetml.sheet,2016-11-26,51749
Leal Trust Administration Litigation/Trust Administration/LEAL TRUST PARTNERSHIP FINANCIALS/Trust Administration/MANUEL ESTATE 2016/Esraelian Response 1/Phone/VoiceBilledUsageDetails_may16. one unanswered call.xlsx,1jmUJ_kkYgKZZY7Rl_ffBUdDT0s61p0tf,application/vnd.openxmlformats-officedocument.spreadsheetml.sheet,2016-11-26,43506
Leal Trust Administration Litigation/Trust Administration/LEAL TRUST PARTNERSHIP FINANCIALS/Trust Administration/MANUEL ESTATE 2016/Esraelian Response 1/Phone/VoiceBilledUsageDetails_may16.xlsx,1ijjOATxIZhArRor2IWFlzIMzr2Z9yvLT,application/vnd.openxmlformats-officedocument.spreadsheetml.sheet,2016-11-26,43508
Leal Trust Administration Litigation/Trust Administration/LEAL TRUST PARTNERSHIP FINANCIALS/Trust Administration/MANUEL ESTATE 2016/Esraelian Response 1/Phone/VoiceBilledUsageDetails_oct16.xlsx,1AjLSE5xziOCq5HJywJNXUiQAcbYn-GT8,application/vnd.openxmlformats-officedocument.spreadsheetml.sheet,2016-11-26,45431
Leal Trust Administration Litigation/Trust Administration/LEAL TRUST PARTNERSHIP FINANCIALS/Trust Administration/MANUEL ESTATE 2016/Esraelian Response 1/Phone/VoiceBilledUsageDetails_sept16.xlsx,1ktu8e0E9XoxQsvhFRydNMWJU_vjoZM0P,application/vnd.openxmlformats-officedocument.spreadsheetml.sheet,2016-11-26,50312
Leal Trust Administration Litigation/Trust Administration/LEAL TRUST PARTNERSHIP FINANCIALS/Trust Administration/MANUEL ESTATE 2016/Esraelian Response 1/trust admin expense.pdf,13_O_59FgIls3LnGEB8MAo6dHCxNJTooS,application/pdf,2016-11-23,50893
Leal Trust Administration Litigation/Trust Administration/LEAL TRUST PARTNERSHIP FINANCIALS/Trust Administration/MANUEL ESTATE 2016/Estate of Manuel Leal.pdf,1WvuKaJXhENN_cm9tjrr25ARoT3nmawPn,application/pdf,2016-07-19,79557
Leal Trust Administration Litigation/Trust Administration/LEAL TRUST PARTNERSHIP FINANCIALS/Trust Administration/MANUEL ESTATE 2016/Land Adjustment.pdf,1_ax3aMwJnO5mkCuIANjvAjmRrDnzT_KO,application/pdf,2016-07-19,3992703
"Leal Trust Administration Litigation/Trust Administration/LEAL TRUST PARTNERSHIP FINANCIALS/Trust Administration/MANUEL ESTATE 2016/Leal,Hazel.Gin-2.doc",1-eNr6D62vHTdffSJ_X-RCwBnxrYjZ82M,application/msword,2016-07-19,36864
Leal Trust Administration Litigation/Trust Administration/LEAL TRUST PARTNERSHIP FINANCIALS/Trust Administration/MANUEL ESTATE 2016/Manuel Leal & Son Dairy Capital Analysis 8-3-2017.pdf,1mMJ2eUkQ0_wfsDnrhCCO7X2Tru63pKad,application/pdf,2017-12-08,89328
Leal Trust Administration Litigation/Trust Administration/LEAL TRUST PARTNERSHIP FINANCIALS/Trust Administration/MANUEL ESTATE 2016/Steve Hazel Adjustment,1nYRVGUkFZFMHaVW2_j6Y2vnDqddGvQF2,application/vnd.google-apps.folder,2026-07-31,
Leal Trust Administration Litigation/Trust Administration/LEAL TRUST PARTNERSHIP FINANCIALS/Trust Administration/MANUEL ESTATE 2016/Steve Hazel Adjustment/Farm Credit 2014.pdf,1W_CtMBVML5tNCtoP0f_W3NRBvj_7zgz4,application/pdf,2017-02-17,34087
Leal Trust Administration Litigation/Trust Administration/LEAL TRUST PARTNERSHIP FINANCIALS/Trust Administration/MANUEL ESTATE 2016/Steve Hazel Adjustment/Reddington Current Value.pdf,1KOLlq4iP_arqjZInDBZm6ZmTrQFYqhUv,application/pdf,2017-03-02,442064
Leal Trust Administration Litigation/Trust Administration/LEAL TRUST PARTNERSHIP FINANCIALS/Trust Administration/MANUEL ESTATE 2016/Steve Hazel Adjustment/Steve.Hazel adjust letter to aaron.docx,1JhY8tTN3QRUIHfio7y7SYGxkEoiqSdsU,application/vnd.openxmlformats-officedocument.wordprocessingml.document,2024-01-12,15108
Leal Trust Administration Litigation/Trust Administration/LEAL TRUST PARTNERSHIP FINANCIALS/Trust Administration/MANUEL ESTATE 2016/Steve Hazel Adjustment/Steve.Hazel adjust letter.docx,1Oqs1OafCkUSyUNx8TQIgkolo7JGUWFQZ,application/vnd.openxmlformats-officedocument.wordprocessingml.document,2024-01-12,14860
Leal Trust Administration Litigation/Trust Administration/LEAL TRUST PARTNERSHIP FINANCIALS/Trust Administration/MANUEL ESTATE 2016/trust admin invoices.pdf,1p57jd2F1kHQPOohMFpgTrqI7oWsRjKQM,application/pdf,2018-05-31,3893719
Leal Trust Administration Litigation/Trust Administration/LEAL TRUST PARTNERSHIP FINANCIALS/Trust Administration/Manuel Leal & Son Dairy Capital Analysis 8-3-2017.pdf,1L357_kNU9uk4pZFm2K0LuajeckXW2GOg,application/pdf,2017-12-06T18:36:57Z,101702
Leal Trust Administration Litigation/Trust Administration/LEAL TRUST PARTNERSHIP FINANCIALS/Trust Administration/Morgan Stanley Cash Account.pdf,1SHMJfnarAyIU3t4tMEZJ33FjanulwJKu,application/pdf,2019-03-18T17:12:21Z,253206
Leal Trust Administration Litigation/Trust Administration/LEAL TRUST PARTNERSHIP FINANCIALS/Trust Administration/Morgan Stanley Statements,1CHPvWLVgm4pD_l4NSBBVUusL7_0vWH9O,application/vnd.google-apps.folder,2026-07-31,
Leal Trust Administration Litigation/Trust Administration/LEAL TRUST PARTNERSHIP FINANCIALS/Trust Administration/Morgan Stanley Statements/2015 1099.pdf,1COqD4jwGtQKWZjx0IJ-ZCjRqDgnxTtLM,application/pdf,2019-05-20,356114
Leal Trust Administration Litigation/Trust Administration/LEAL TRUST PARTNERSHIP FINANCIALS/Trust Administration/Morgan Stanley Statements/2015 Statements.pdf,1vRwK7eu4Q4x7WNxIjHVSSFsprV9NFMAx,application/pdf,2019-05-20,824193
Leal Trust Administration Litigation/Trust Administration/LEAL TRUST PARTNERSHIP FINANCIALS/Trust Administration/Morgan Stanley Statements/2016 1099.pdf,1dmPLG4rRHJSNHPf10xFrGpDD9AjHP-JU,application/pdf,2019-05-20,337049
Leal Trust Administration Litigation/Trust Administration/LEAL TRUST PARTNERSHIP FINANCIALS/Trust Administration/Morgan Stanley Statements/2016 Statements.pdf,1A9Z85PFeoIXg_1lZJGwGk9U5BFFIOWMv,application/pdf,2019-05-20,916030
Leal Trust Administration Litigation/Trust Administration/LEAL TRUST PARTNERSHIP FINANCIALS/Trust Administration/Morgan Stanley Statements/2017 1099.pdf,1iaqcg8pnS18uJKtm3J_vQJ9CeNeAhSSL,application/pdf,2019-05-20,456937
Leal Trust Administration Litigation/Trust Administration/LEAL TRUST PARTNERSHIP FINANCIALS/Trust Administration/Morgan Stanley Statements/2017 Statements.pdf,1LVX_ElGIUJ269G1S_NgzxvFeuWjt1QmW,application/pdf,2019-05-20,910423
Leal Trust Administration Litigation/Trust Administration/LEAL TRUST PARTNERSHIP FINANCIALS/Trust Administration/Morgan Stanley Statements/2018 1099.pdf,1h_CC_95_4goE_vJdF7miUscUjg7lRVIR,application/pdf,2019-05-20,464584
Leal Trust Administration Litigation/Trust Administration/LEAL TRUST PARTNERSHIP FINANCIALS/Trust Administration/Morgan Stanley Statements/2018 Statements.pdf,1umIrAQoTqmDYN3680MSkhjgdRvPPIH9B,application/pdf,2019-05-20,909320
Leal Trust Administration Litigation/Trust Administration/LEAL TRUST PARTNERSHIP FINANCIALS/Trust Administration/Morgan Stanley Statements/2019 1099.pdf,19ETavaA2SYYuOYzp8kuYM5CtH86zzQ02,application/pdf,2020-10-27,321578
Leal Trust Administration Litigation/Trust Administration/LEAL TRUST PARTNERSHIP FINANCIALS/Trust Administration/Morgan Stanley Statements/2019 Q1 Statements.pdf,12d9n98jiJJXEQhbeHnOAN7zFcKCoyVQ3,application/pdf,2019-05-20,303952
Leal Trust Administration Litigation/Trust Administration/LEAL TRUST PARTNERSHIP FINANCIALS/Trust Administration/Morgan Stanley Statements/Cash account 9.30.20.pdf,1HG29V6srWc6R1hL6iAJoe9edyC0L8IEx,application/pdf,2020-10-19,72757
Leal Trust Administration Litigation/Trust Administration/LEAL TRUST PARTNERSHIP FINANCIALS/Trust Administration/Morgan Stanley Statements/MS 3.30.15 statement.pdf,1WxiZZq_5LqYVYsSCee8dn9noxCaIVZt6,application/pdf,2020-10-19,90158
Leal Trust Administration Litigation/Trust Administration/LEAL TRUST PARTNERSHIP FINANCIALS/Trust Administration/Morgan Stanley Statements/MS 9.30.20 statement.pdf,1lvZ7j7e5bamtMXAnEe27XE5ySQwm7Wov,application/pdf,2020-10-19,86695
Leal Trust Administration Litigation/Trust Administration/LEAL TRUST PARTNERSHIP FINANCIALS/Trust Administration/MS 10.31.20.pdf,1Vu5gyow_KlsH7vQfluUhKhj1E9o5Hfyc,application/pdf,2020-11-06T16:16:20Z,86432
Leal Trust Administration Litigation/Trust Administration/LEAL TRUST PARTNERSHIP FINANCIALS/Trust Administration/Partnership note letter.docx,1Q_HYRsvfYq_s2v_5k56KoMhNux7E7X-8,application/vnd.openxmlformats-officedocument.wordprocessingml.document,2017-07-24T21:12:12Z,14052
Leal Trust Administration Litigation/Trust Administration/LEAL TRUST PARTNERSHIP FINANCIALS/Trust Administration/Reddington,1xs0wmvhxP8jG6KJ8zbcTM-JjChAGp3Af,application/vnd.google-apps.folder,2026-07-31,
Leal Trust Administration Litigation/Trust Administration/LEAL TRUST PARTNERSHIP FINANCIALS/Trust Administration/Reddington/Dairy Appraisal july 2013.pdf,1DSmqz6AAmxM5sIIIabrUBKM4JSehZ-EF,application/pdf,2016-03-11,5043739
Leal Trust Administration Litigation/Trust Administration/LEAL TRUST PARTNERSHIP FINANCIALS/Trust Administration/Reddington/Dairy_Position_Summary_Report_1084_03_14_2016.pdf,1W1RFH1Gha-4qKukOJmjEfKzT5_gFU_7O,application/pdf,2016-03-17,113685
Leal Trust Administration Litigation/Trust Administration/LEAL TRUST PARTNERSHIP FINANCIALS/Trust Administration/Reddington/Draft- Manuel Leal & Son Dairy 3.7.16.pdf,1a-w5Tp7wbyihirLjRNhzVkFUpyh8o2yI,application/pdf,2016-03-11,1167787
Leal Trust Administration Litigation/Trust Administration/LEAL TRUST PARTNERSHIP FINANCIALS/Trust Administration/Reddington/Fixed Asset Schedule.pdf,1HEwpLThZVRtamu5whSV_8e_UYol5XHhW,application/pdf,2016-03-11,56650
Leal Trust Administration Litigation/Trust Administration/LEAL TRUST PARTNERSHIP FINANCIALS/Trust Administration/Reddington/Manuel Leal & Son Dairy 2010 FS.pdf,1g0bNG30dqi6uMkFQBcldiokWcoNh1M6T,application/pdf,2012-02-17,834218
Leal Trust Administration Litigation/Trust Administration/LEAL TRUST PARTNERSHIP FINANCIALS/Trust Administration/Reddington/Manuel Leal & Son Dairy 2011 FS.pdf,1XC96GqIkgo321eRscLcihwN1KYHkPjbr,application/pdf,2012-09-18,4291017
Leal Trust Administration Litigation/Trust Administration/LEAL TRUST PARTNERSHIP FINANCIALS/Trust Administration/Reddington/Manuel Leal & Son Dairy 2012 FS.pdf,1lYY39O4JLfwkAtY1cUMxX4WUCJeUf-Dn,application/pdf,2013-06-18,1069325
Leal Trust Administration Litigation/Trust Administration/LEAL TRUST PARTNERSHIP FINANCIALS/Trust Administration/Reddington/Manuel Leal & Son Dairy 2013 FS.pdf,1lEJjQ6jf8rlVnw7s1krrxpGBYEevW3hG,application/pdf,2016-03-11,974168
Leal Trust Administration Litigation/Trust Administration/LEAL TRUST PARTNERSHIP FINANCIALS/Trust Administration/Reddington/Manuel Leal & Son Dairy 2014 FS.pdf,1B7VAC3wvkejsGQgXkDZSvkXFHoL_1H-H,application/pdf,2016-03-11,1031607
Leal Trust Administration Litigation/Trust Administration/LEAL TRUST PARTNERSHIP FINANCIALS/Trust Administration/Reddington/Partnership_Agreement.pdf,13HGMAsTtYqGKFCXgMCcOKlII6ix6X0mT,application/pdf,2010-05-27,712094
Leal Trust Administration Litigation/Trust Administration/LEAL TRUST PARTNERSHIP FINANCIALS/Trust Administration/request 11.28.17.pdf,1Ll2Uvy_X_Vk02EYfNZ-qcs5XCBfwX-4q,application/pdf,2017-11-29T19:01:13Z,242180
Leal Trust Administration Litigation/Trust Administration/LEAL TRUST PARTNERSHIP FINANCIALS/Trust Administration/Response 11.9.17.docx,1O0bTEsjBjrwFXgRvtj5JkNbgaiXHn2aO,application/vnd.openxmlformats-officedocument.wordprocessingml.document,2017-11-10T18:27:25Z,14711
Leal Trust Administration Litigation/Trust Administration/LEAL TRUST PARTNERSHIP FINANCIALS/Trust Administration/STEVE.HAZEL PERSONAL EXPENSES.xlsx,1o5Re3q_6wZTRu_Mhh4yrtNqVrgFuKmBo,application/vnd.openxmlformats-officedocument.spreadsheetml.sheet,2023-09-28T18:50:09Z,20225
Leal Trust Administration Litigation/Trust Administration/LEAL TRUST PARTNERSHIP FINANCIALS/Trust Administration/The Manuel C. Leal Living Trust and the Manuel C. Leal Bypass Trust uta dtd 2.14.05 as amended (2).pdf,1VJRX5Agth22AlVDzfyUXEshTUdnVtSFT,application/pdf,2022-10-27T17:19:42Z,1386623
Leal Trust Administration Litigation/Trust Administration/LEAL TRUST PARTNERSHIP FINANCIALS/Trust Administration/Trust.Partnership,1EgTstOT2xAHBynaRm3mtOTycug65Lcbc,application/vnd.google-apps.folder,2026-07-31,
Leal Trust Administration Litigation/Trust Administration/LEAL TRUST PARTNERSHIP FINANCIALS/Trust Administration/Trust.Partnership/2016.09.29  Partnership Agreement of Manuel C. Leal & Son Dairy with amendment.pdf,11Q14ztzo47P4KmapKRXY3FSq1_B4Vbt4,application/pdf,2017-07-24,6753527
Leal Trust Administration Litigation/Trust Administration/LEAL TRUST PARTNERSHIP FINANCIALS/Trust Administration/Trust.Partnership/2016.09.29 executed Assignment of Partnership interest 30% to Manuel Stephen Leal.pdf,1jGygoJTw7t0Y6dG6zqORohI9dE8UcEGt,application/pdf,2017-07-24,524663
Leal Trust Administration Litigation/Trust Administration/LEAL TRUST PARTNERSHIP FINANCIALS/Trust Administration/Trust.Partnership/2016.09.29 executed Assignment of Partnership interest 7.5% to Manuel C. Leal Bypass Trust.pdf,1ArizMuRkP9-cU8y3-ECHjhP2cXhLA1N8,application/pdf,2017-07-24,559198
Leal Trust Administration Litigation/Trust Administration/LEAL TRUST PARTNERSHIP FINANCIALS/Trust Administration/Trust.Partnership/2017.04.04 ltr from R. Esraelian re outstanding issues Manual C. Leal Living Trust (1).pdf,1Gt6FtW5q-j3sbzH4CnTLgSAjGnWnNbWb,application/pdf,2017-06-30,104464
Leal Trust Administration Litigation/Trust Administration/LEAL TRUST PARTNERSHIP FINANCIALS/Trust Administration/Trust.Partnership/2017.05.31 Ltr from T. Thompson re pending issues - documents (1).pdf,1J8sgcz-xbVtwTv2gqlJZWKsvdrkwYBZK,application/pdf,2017-06-30,4805265
Leal Trust Administration Litigation/Trust Administration/LEAL TRUST PARTNERSHIP FINANCIALS/Trust Administration/Trust.Partnership/2017.08.04 ltr to T. Thompson re Confidential Settlement Communication.docx,1L6VPLpTyoEVV9yEqkSsHig-hgaih4ale,application/vnd.openxmlformats-officedocument.wordprocessingml.document,2017-08-04,77634
Leal Trust Administration Litigation/Trust Administration/LEAL TRUST PARTNERSHIP FINANCIALS/Trust Administration/Trust.Partnership/2018.07.19 Deed of Trust and Assignment of Rents (signed by Jace).pdf,1GbBP3j2WGLsqfXOljWUn8iDVW-a7wts3,application/pdf,2021-02-09,3334943
Leal Trust Administration Litigation/Trust Administration/LEAL TRUST PARTNERSHIP FINANCIALS/Trust Administration/Trust.Partnership/2018.07.19 Promissory Note (signed by Jace).pdf,1zV01YUb4XTbIepa-MTNcNwdDUZCUFYB-,application/pdf,2021-02-09,1522301
Leal Trust Administration Litigation/Trust Administration/LEAL TRUST PARTNERSHIP FINANCIALS/Trust Administration/Trust.Partnership/770 29681_Manuel C Leal and Son Dairy_Partnership.doc,19qhdNhnYZklZ16c6Jc2KTBjnjrOdtlbL,application/msword,2010-06-04,34816
Leal Trust Administration Litigation/Trust Administration/LEAL TRUST PARTNERSHIP FINANCIALS/Trust Administration/Trust.Partnership/Fixed Asset Schedule.pdf,1LsjaaO_1uUAEdeIJb0r2UozsW4MyL64N,application/pdf,2016-03-11,56650
Leal Trust Administration Litigation/Trust Administration/LEAL TRUST PARTNERSHIP FINANCIALS/Trust Administration/Trust.Partnership/Leal 2009.05.13 Claim for Reassessment.pdf,10iNU0e05V3xxdfz_w8h0ahZAdAjjRuUP,application/pdf,2019-02-27,1827015
Leal Trust Administration Litigation/Trust Administration/LEAL TRUST PARTNERSHIP FINANCIALS/Trust Administration/Trust.Partnership/Leal 2017.07.17 Correction Grant Deed.pdf,1oJBuDENFZVzQKZUf1aqpRypdhCFKegA0,application/pdf,2019-02-27,2641765
Leal Trust Administration Litigation/Trust Administration/LEAL TRUST PARTNERSHIP FINANCIALS/Trust Administration/Trust.Partnership/Leal 2017.12.07 Settlement Agmt.pdf,1kzpXg_zBBfdGh_u3c1a8WoMD_oZEGGe4,application/pdf,2019-02-27,2690445
Leal Trust Administration Litigation/Trust Administration/LEAL TRUST PARTNERSHIP FINANCIALS/Trust Administration/Trust.Partnership/Leal 2018.06.01 Tenants in Common Agmt.pdf,1uwLlW-1pgWqHqxQSzT5vMTJBs2PfasG0,application/pdf,2019-02-27,5217000
Leal Trust Administration Litigation/Trust Administration/LEAL TRUST PARTNERSHIP FINANCIALS/Trust Administration/Trust.Partnership/Leal 2018.06.22 Tenants In Common Agmt.pdf,16l6etU_OmYrvrVZ0tV_Yiwobt4GR4hNf,application/pdf,2019-02-27,1672544
Leal Trust Administration Litigation/Trust Administration/LEAL TRUST PARTNERSHIP FINANCIALS/Trust Administration/Trust.Partnership/Leal 2018.07.24 Amended and Restated Partnership Agmt.pdf,1XidHrro5zkZvrGQnUyP2DwKm_4HnnvzD,application/pdf,2019-02-27,3534322
Leal Trust Administration Litigation/Trust Administration/LEAL TRUST PARTNERSHIP FINANCIALS/Trust Administration/Trust.Partnership/Leal 2018.07.24 Claim for Reassessment APN 158.160.004.pdf,1iDpEE2Lm71Zq2KjoVZFyrXBYoolkCM1n,application/pdf,2019-02-27,638047
Leal Trust Administration Litigation/Trust Administration/LEAL TRUST PARTNERSHIP FINANCIALS/Trust Administration/Trust.Partnership/Leal 2018.07.24 Claim for Reassessment re Manuel.pdf,1_kDYS33gHLUt4HMRsBXcv1YguQwhzJH2,application/pdf,2019-02-27,658882
Leal Trust Administration Litigation/Trust Administration/LEAL TRUST PARTNERSHIP FINANCIALS/Trust Administration/Trust.Partnership/Leal 2018.07.24 Grant Deed APN 158.160.006.pdf,1SXAcNhPiguEbJrsv7q986PQ0laIgJSgA,application/pdf,2019-02-27,782002
Leal Trust Administration Litigation/Trust Administration/LEAL TRUST PARTNERSHIP FINANCIALS/Trust Administration/Trust.Partnership/Leal 2018.07.24 Grant Deed(1).pdf,1n1oz2yuIx4hYXTGQOXbarX9CJz-mrsQN,application/pdf,2019-02-27,564919
Leal Trust Administration Litigation/Trust Administration/LEAL TRUST PARTNERSHIP FINANCIALS/Trust Administration/Trust.Partnership/Leal 2018.07.24 Grant Deed.pdf,1YGqxOhE4He4ZZ9QvEK-sdTQCiSokIENv,application/pdf,2019-02-27,765109
Leal Trust Administration Litigation/Trust Administration/LEAL TRUST PARTNERSHIP FINANCIALS/Trust Administration/Trust.Partnership/Leal 2018.07.24 PCOR re Hazel.pdf,13zmzcZ2I_wGh3vnElW2Hdqgc7oDbo8bN,application/pdf,2019-02-27,769259
Leal Trust Administration Litigation/Trust Administration/LEAL TRUST PARTNERSHIP FINANCIALS/Trust Administration/Trust.Partnership/Leal 2018.07.24 PCOR re Manuel.pdf,11BGfpLlDsU0kVMxgEL17rgEK3Gx2vAy5,application/pdf,2019-02-27,1897239
Leal Trust Administration Litigation/Trust Administration/LEAL TRUST PARTNERSHIP FINANCIALS/Trust Administration/Trust.Partnership/Leal 2018.07.24 PCOR re Steve.pdf,1n3l8eR5TuXT99oIPCVoofu-U63gJubwZ,application/pdf,2019-02-27,733918
Leal Trust Administration Litigation/Trust Administration/LEAL TRUST PARTNERSHIP FINANCIALS/Trust Administration/Trust.Partnership/Leal 2018.07.26 Exhibit A Proposed Parcels.pdf,1Yf1CIalPafRQ8h5KKnYvOOKGBEFfg4-G,application/pdf,2019-02-27,176887
Leal Trust Administration Litigation/Trust Administration/LEAL TRUST PARTNERSHIP FINANCIALS/Trust Administration/Trust.Partnership/Leal 2018.07.26 Ltr from Robyn Esraelian.pdf,1_HUJO8wq5-94SZd5SxBkaG99j1bGm7sh,application/pdf,2019-02-27,231877
Leal Trust Administration Litigation/Trust Administration/LEAL TRUST PARTNERSHIP FINANCIALS/Trust Administration/Trust.Partnership/Leal 2018.07.26 PCOR Steve.pdf,1u9hJxO6q2n2oun8Ygevdes1d8jxj5R7Y,application/pdf,2019-02-27,734023
Leal Trust Administration Litigation/Trust Administration/LEAL TRUST PARTNERSHIP FINANCIALS/Trust Administration/Trust.Partnership/leal 2018.07.26 Tulare Co Planning Application.pdf,14jW9-NL5BBmFA54VK8nJM3DrUYblw64Y,application/pdf,2019-02-27,6218378
Leal Trust Administration Litigation/Trust Administration/LEAL TRUST PARTNERSHIP FINANCIALS/Trust Administration/Trust.Partnership/LEALMANUELC EXHIBIT A OF TRUST.pdf,1Th1piLqnMWCDqBV0nw1-vEYEyipkWKOB,application/pdf,2012-10-16,187220
Leal Trust Administration Litigation/Trust Administration/LEAL TRUST PARTNERSHIP FINANCIALS/Trust Administration/Trust.Partnership/LEALMANUELTRUST.pdf,1L22qfY63zmPbjuSRD2xtucVbtaT2nnFf,application/pdf,2012-10-16,359860
Leal Trust Administration Litigation/Trust Administration/LEAL TRUST PARTNERSHIP FINANCIALS/Trust Administration/Trust.Partnership/LEALSTEVE_TRUST.pdf,10Ml52gESmgVtYhtCZWoKQl9am3bJJwoh,application/pdf,2012-02-17,953311
Leal Trust Administration Litigation/Trust Administration/LEAL TRUST PARTNERSHIP FINANCIALS/Trust Administration/Trust.Partnership/partnership note.pdf,1g35f55ZeAeJ1zwsFrtI4TWVmTfBImFtW,application/pdf,2017-02-28,450953
Leal Trust Administration Litigation/Trust Administration/LEAL TRUST PARTNERSHIP FINANCIALS/Trust Administration/Trust.Partnership/Partnership_Agreement.pdf,1s8TjF_blUghM1e-UdAHTUf6PuaDjCf8-,application/pdf,2010-05-27,712094
Leal Trust Administration Litigation/Trust Administration/LEAL TRUST PARTNERSHIP FINANCIALS/Trust Administration/Trust.Partnership/Statement of Partnership LEAL DAIRY.pdf,1_HEoxzVHoP08a9A03mxwkSnlX_mRT_xb,application/pdf,2016-03-02,1973582
Leal Trust Administration Litigation/Trust Administration/LEAL TRUST PARTNERSHIP FINANCIALS/Trust Administration/Trust.Partnership/trust 2018 Settlement Docs,1gBPSxabONmbUyNylbv8G4nEUtKce-UyB,application/vnd.google-apps.folder,2026-07-31,
Leal Trust Administration Litigation/Trust Administration/LEAL TRUST PARTNERSHIP FINANCIALS/Trust Administration/Trust.Partnership/trust 2018 Settlement Docs/Leal 2017.12.07 Settlement Agmt.pdf,1KYrrVU8gauBxhoDCQNYujTSyLTElMIik,application/pdf,2018-08-04,2688053
Leal Trust Administration Litigation/Trust Administration/LEAL TRUST PARTNERSHIP FINANCIALS/Trust Administration/Trust.Partnership/trust 2018 Settlement Docs/Leal 2018.07.24 Amended and Restated Partnership Agmt.pdf,1SU67sB9q1_LVQWps2v-bAC4vtO0xeDo4,application/pdf,2018-08-04,3534329
Leal Trust Administration Litigation/Trust Administration/LEAL TRUST PARTNERSHIP FINANCIALS/Trust Administration/Trust.Partnership/Trustee's Certification of Trust - HAZEL.pdf,1Zj1WZeH7Y4Ir8HnP-SbLyDy4FgzZiBsN,application/pdf,2012-10-16,1914271
